Unnamed: 0,star_rating,review_title,review_content,date_of_rating,date_of_experience,reviewer_name,num_reviews,country,review_link,profile_link,title_clean,title_clean_lower,content_clean,content_clean_lower
65f49836c64a990b0cf7ab30,5,"Favorites about FortuneCoins: Emails, Hold & Win","One of my favorite categories they have on their site is hold & win. One of my favorite things about them are their daily emails reminding me I can come in and grab my mystery bonus or surprise deals. Of course, they have other subjects. I look forward to logging in Everytime!",2024-03-15T20:49:27.000Z,"March 15, 2024",Becca,5,US,https://www.trustpilot.com/reviews/65f49836c64a990b0cf7ab30,https://www.trustpilot.com/users/654489685da1ba0012fbecce,"Favorites about FortuneCoins Emails, Hold & Win","favorites about fortunecoins emails, hold & win","One of my favorite categories they have on their site is hold & win. One of my favorite things about them are their daily emails reminding me I can come in and grab my mystery bonus or surprise deals. Of course, they have other subjects. I look forward to logging in Everytime!","one of my favorite categories they have on their site is hold & win. one of my favorite things about them are their daily emails reminding me i can come in and grab my mystery bonus or surprise deals. of course, they have other subjects. i look forward to logging in everytime!"
65f25b0807cb13b68af0f105,1,Daily Bonus Issues (Faulty Offer),I haven‚Äôt been able to get my daily login bonus since the 7th of March. I tried to talk to a representative from the company however they kept sending short responses that didn‚Äôt fully assist me. They kept telling me to re-read things that I had already read and strung me along for hours. Currently determining weather to take my business elsewhere or to continue to use the application.,2024-03-14T04:03:52.000Z,"March 13, 2024",Cole Ranweiler,1,US,https://www.trustpilot.com/reviews/65f25b0807cb13b68af0f105,https://www.trustpilot.com/users/65f25afd254aeb0012d53546,Daily Bonus Issues (Faulty Offer),daily bonus issues (faulty offer),I haven‚Äôt been able to get my daily login bonus since the 7th of March. I tried to talk to a representative from the company however they kept sending short responses that didn‚Äôt fully assist me. They kept telling me to re-read things that I had already read and strung me along for hours. Currently determining weather to take my business elsewhere or to continue to use the application.,i haven‚Äôt been able to get my daily login bonus since the 7th of march. i tried to talk to a representative from the company however they kept sending short responses that didn‚Äôt fully assist me. they kept telling me to re-read things that i had already read and strung me along for hours. currently determining weather to take my business elsewhere or to continue to use the application.
65f27ee8c801db0e0085e2fb,5,Best Casino,This is one of the best casino I‚Äôve played awesome games enjoyed every one I‚Äôve tried. Customer service is very professional although I don‚Äôt have enough money to buy as often as I would like you give enough daily free coins for me to enjoy playing.,2024-03-14T06:36:56.000Z,"March 13, 2024",Lourdes Buie,1,US,https://www.trustpilot.com/reviews/65f27ee8c801db0e0085e2fb,https://www.trustpilot.com/users/65f27ed9bee08a001201fa4b,Best Casino,best casino,This is one of the best casino I‚Äôve played awesome games enjoyed every one I‚Äôve tried. Customer service is very professional although I don‚Äôt have enough money to buy as often as I would like you give enough daily free coins for me to enjoy playing.,this is one of the best casino i‚Äôve played awesome games enjoyed every one i‚Äôve tried. customer service is very professional although i don‚Äôt have enough money to buy as often as i would like you give enough daily free coins for me to enjoy playing.
65f2aa550d288ed55f7a33c7,3,The gameplay is okay,"The gameplay is okay, all in all it‚Äôs not my favorite, I lost the bonus fairly fast playing multiple games, and then haven‚Äôt gotten a bonus that included FC at all since I started about a week ago.. they could use some work on their offers. ",2024-03-14T09:42:14.000Z,"March 14, 2024",Brielle,2,US,https://www.trustpilot.com/reviews/65f2aa550d288ed55f7a33c7,https://www.trustpilot.com/users/65f0f97f44cc13001245d338,The gameplay is okay,the gameplay is okay,"The gameplay is okay, all in all it‚Äôs not my favorite, I lost the bonus fairly fast playing multiple games, and then haven‚Äôt gotten a bonus that included FC at all since I started about a week ago.. they could use some work on their offers. ","the gameplay is okay, all in all it‚Äôs not my favorite, i lost the bonus fairly fast playing multiple games, and then haven‚Äôt gotten a bonus that included fc at all since i started about a week ago.. they could use some work on their offers. "
65f1f87a72ca0d08ee7f1d74,5,I just won 850$ off the daily bonus I‚Ä¶,"I just won 850$ off the daily bonus . I got my daily 100 coins,and hit a bonus and went to next slot and things just kept hitting. I lost another 350$ chasing,and now am at 500$ flat off the bonus they give us. My name is mark Garcia and I am about to provide documents to verify identity and I will let the world know how they treat me I love this place but we‚Äôll see if they honor the daily dollar when someone hits off daily dollar ",2024-03-13T21:03:23.000Z,"March 11, 2024",Mark Garcia,2,US,https://www.trustpilot.com/reviews/65f1f87a72ca0d08ee7f1d74,https://www.trustpilot.com/users/65a2fad71e2f14001240a324,I just won 850$ off the daily bonus I‚Ä¶,i just won 850$ off the daily bonus i‚Ä¶,"I just won 850$ off the daily bonus . I got my daily 100 coins,and hit a bonus and went to next slot and things just kept hitting. I lost another 350$ chasing,and now am at 500$ flat off the bonus they give us. My name is mark Garcia and I am about to provide documents to verify identity and I will let the world know how they treat me I love this place but we‚Äôll see if they honor the daily dollar when someone hits off daily dollar ","i just won 850$ off the daily bonus . i got my daily 100 coins,and hit a bonus and went to next slot and things just kept hitting. i lost another 350$ chasing,and now am at 500$ flat off the bonus they give us. my name is mark garcia and i am about to provide documents to verify identity and i will let the world know how they treat me i love this place but we‚Äôll see if they honor the daily dollar when someone hits off daily dollar "
65f2ca1270d004e3482a8487,5,Thank you Fortune Coins,"I love to play  at fortune coins I've won big and lost big. There are so many slot selection to chose from, my favorite game is Rhino Hold and Win with great bonus spins u can't loose at fortune coins. They have promos and live streaming and best of all its free to play everyday. ",2024-03-14T11:57:39.000Z,"March 14, 2024",Mo Dee,2,US,https://www.trustpilot.com/reviews/65f2ca1270d004e3482a8487,https://www.trustpilot.com/users/61c6fa294808380012b66e05,Thank you Fortune Coins,thank you fortune coins,"I love to play  at fortune coins I've won big and lost big. There are so many slot selection to chose from, my favorite game is Rhino Hold and Win with great bonus spins u can't loose at fortune coins. They have promos and live streaming and best of all its free to play everyday. ","i love to play  at fortune coins i've won big and lost big. there are so many slot selection to chose from, my favorite game is rhino hold and win with great bonus spins u can't loose at fortune coins. they have promos and live streaming and best of all its free to play everyday. "
65f0c2ee2301d80d0395842c,5,I am beyond grateful for this casino,Always the best place to play sweepstakes casinos or any online casino from where I've  played. I am beyond grateful for this casino site! Just a couple of days ago I cashed out my winnings not knowing that an unexpected family emergency came up and if it wasn't for those winnings I wouldn't have been able to go and support one of my loved ones in his time of need. Thank you Fortune Coins for always giving back and letting players have fun!,2024-03-12T23:02:39.000Z,"March 11, 2024",Jessica,12,US,https://www.trustpilot.com/reviews/65f0c2ee2301d80d0395842c,https://www.trustpilot.com/users/63bee57929f88f0013bb8ad1,I am beyond grateful for this casino,i am beyond grateful for this casino,Always the best place to play sweepstakes casinos or any online casino from where I've  played. I am beyond grateful for this casino site! Just a couple of days ago I cashed out my winnings not knowing that an unexpected family emergency came up and if it wasn't for those winnings I wouldn't have been able to go and support one of my loved ones in his time of need. Thank you Fortune Coins for always giving back and letting players have fun!,always the best place to play sweepstakes casinos or any online casino from where i've  played. i am beyond grateful for this casino site! just a couple of days ago i cashed out my winnings not knowing that an unexpected family emergency came up and if it wasn't for those winnings i wouldn't have been able to go and support one of my loved ones in his time of need. thank you fortune coins for always giving back and letting players have fun!
65f2e2dbadc773a0c9f28c9d,5,Best online Casino with popular games‚Ä¶and fast and easy redemption process,"I started playing Fortune coin Casino aprox 2 years ago, The very first time I played I won 100.00 on Lucky Panda, and the process was easy to verify my account in order to receive winnings,  Since then I  have been enjoying Fortune Coin Casino games, an Honest Fair online Casino, new games being dropped on a very regular basis,, I am able to redeem sweepstake winnings on a regular basis,, Today I won 121.00  on my third spin of a .60 sweep coin bet,on the sticky Bees one of the newest games that dropped, I love Fortune Coin, They give players  a daily 100 sweep coin, and  also reward special gifts of sweep coins as well,, I love seeing the special little chest with the free sweep coins.. Thank you for this perk!!  If you love Casino slots I highly recommend you join in the fun,  There are many promotions as well to earn free sweep coins or contests to win them as well.",2024-03-14T13:43:24.000Z,"March 13, 2024",Sherie Bodner Mcclelland,2,US,https://www.trustpilot.com/reviews/65f2e2dbadc773a0c9f28c9d,https://www.trustpilot.com/users/544478970000640001911958,Best online Casino with popular games‚Ä¶and fast and easy redemption process,best online casino with popular games‚Ä¶and fast and easy redemption process,"I started playing Fortune coin Casino aprox 2 years ago, The very first time I played I won 100.00 on Lucky Panda, and the process was easy to verify my account in order to receive winnings,  Since then I  have been enjoying Fortune Coin Casino games, an Honest Fair online Casino, new games being dropped on a very regular basis,, I am able to redeem sweepstake winnings on a regular basis,, Today I won 121.00  on my third spin of a .60 sweep coin bet,on the sticky Bees one of the newest games that dropped, I love Fortune Coin, They give players  a daily 100 sweep coin, and  also reward special gifts of sweep coins as well,, I love seeing the special little chest with the free sweep coins.. Thank you for this perk!!  If you love Casino slots I highly recommend you join in the fun,  There are many promotions as well to earn free sweep coins or contests to win them as well.","i started playing fortune coin casino aprox 2 years ago, the very first time i played i won 100.00 on lucky panda, and the process was easy to verify my account in order to receive winnings,  since then i  have been enjoying fortune coin casino games, an honest fair online casino, new games being dropped on a very regular basis,, i am able to redeem sweepstake winnings on a regular basis,, today i won 121.00  on my third spin of a .60 sweep coin bet,on the sticky bees one of the newest games that dropped, i love fortune coin, they give players  a daily 100 sweep coin, and  also reward special gifts of sweep coins as well,, i love seeing the special little chest with the free sweep coins.. thank you for this perk!!  if you love casino slots i highly recommend you join in the fun,  there are many promotions as well to earn free sweep coins or contests to win them as well."
65f2e1419325b8081bc2752f,5,TITLE OF REVIEW,"Every process was easy and didn't take long, from the sign up to the verification to spinning and winning.  Quick payout as well.  At first I thought it was a rogue casino,  but that was just because it was all new to me.  Once you know the layout and get a feel for the site, it's a breeze! HOPING to get a nice win sometime soon it's been a minute,  but I'm still a daily visitor and highly recommend this casino and it's plethora of super sweet slots.  Thanks FC for staying a step above the rest! ",2024-03-14T13:36:34.000Z,"March 11, 2024",Alex Fulford-Brown,4,US,https://www.trustpilot.com/reviews/65f2e1419325b8081bc2752f,https://www.trustpilot.com/users/62f43f35e58751001257d379,TITLE OF REVIEW,title of review,"Every process was easy and didn't take long, from the sign up to the verification to spinning and winning.  Quick payout as well.  At first I thought it was a rogue casino,  but that was just because it was all new to me.  Once you know the layout and get a feel for the site, it's a breeze! HOPING to get a nice win sometime soon it's been a minute,  but I'm still a daily visitor and highly recommend this casino and it's plethora of super sweet slots.  Thanks FC for staying a step above the rest! ","every process was easy and didn't take long, from the sign up to the verification to spinning and winning.  quick payout as well.  at first i thought it was a rogue casino,  but that was just because it was all new to me.  once you know the layout and get a feel for the site, it's a breeze! hoping to get a nice win sometime soon it's been a minute,  but i'm still a daily visitor and highly recommend this casino and it's plethora of super sweet slots.  thanks fc for staying a step above the rest! "
65f278269c99a525d234989b,5,I enjoy playing fortune coins,"I enjoy playing fortune coins, it‚Äôs a site that makes me feel secure. I don‚Äôt know how to explain it but I just enjoy it. Doesn‚Äôt matter if I win or no , it‚Äôs always a good experience to play on fortune coinsü©∑",2024-03-14T06:08:07.000Z,"March 13, 2024",Sam Saldana,7,US,https://www.trustpilot.com/reviews/65f278269c99a525d234989b,https://www.trustpilot.com/users/65a77f9ff285bd0012bf2258,I enjoy playing fortune coins,i enjoy playing fortune coins,"I enjoy playing fortune coins, it‚Äôs a site that makes me feel secure. I don‚Äôt know how to explain it but I just enjoy it. Doesn‚Äôt matter if I win or no , it‚Äôs always a good experience to play on fortune coins","i enjoy playing fortune coins, it‚Äôs a site that makes me feel secure. i don‚Äôt know how to explain it but i just enjoy it. doesn‚Äôt matter if i win or no , it‚Äôs always a good experience to play on fortune coins"
65f1f12b5cb98d8f25e7cdc6,5,I have had a great experience‚Ä¶,"I have had a great experience with Fortune Coins Casino due to the great variety of games they offer as well as the easy to use website. The bonuses are a huge, well, bonus and with daily free sweeps, social contests all the time and not too mysterious mystery bonuses ..I am a happy player.",2024-03-13T20:32:12.000Z,"March 13, 2024",Erik Christian,10,US,https://www.trustpilot.com/reviews/65f1f12b5cb98d8f25e7cdc6,https://www.trustpilot.com/users/5c5c6a984ce3e43091f91788,I have had a great experience‚Ä¶,i have had a great experience‚Ä¶,"I have had a great experience with Fortune Coins Casino due to the great variety of games they offer as well as the easy to use website. The bonuses are a huge, well, bonus and with daily free sweeps, social contests all the time and not too mysterious mystery bonuses ..I am a happy player.","i have had a great experience with fortune coins casino due to the great variety of games they offer as well as the easy to use website. the bonuses are a huge, well, bonus and with daily free sweeps, social contests all the time and not too mysterious mystery bonuses ..i am a happy player."
65f1399a4924f5e85a62e939,5,Best online casino ever... Quick too...Honestly I have been on many apps that‚Ä¶,Honestly I have been on many apps that offer quick verification and redemption. But Fortune Coins Casino not only is quick they customer service friendly. In a Matter of a week and a half I was verified n my money was in my account. You have no idea how much the winnings helped me and I am telling everyone I know about Fortune Coins Casino..,2024-03-13T07:28:59.000Z,"March 12, 2024",Maria,1,US,https://www.trustpilot.com/reviews/65f1399a4924f5e85a62e939,https://www.trustpilot.com/users/65f13999ddb5340012c947a1,Best online casino ever... Quick too...Honestly I have been on many apps that‚Ä¶,best online casino ever... quick too...honestly i have been on many apps that‚Ä¶,Honestly I have been on many apps that offer quick verification and redemption. But Fortune Coins Casino not only is quick they customer service friendly. In a Matter of a week and a half I was verified n my money was in my account. You have no idea how much the winnings helped me and I am telling everyone I know about Fortune Coins Casino..,honestly i have been on many apps that offer quick verification and redemption. but fortune coins casino not only is quick they customer service friendly. in a matter of a week and a half i was verified n my money was in my account. you have no idea how much the winnings helped me and i am telling everyone i know about fortune coins casino..
65f1f089c95133c51aceac23,5,There isn‚Äôt a better social game out‚Ä¶,"There isn‚Äôt a better social game out there! FC is all about the members with  members with endless promotions, that have value where you can actually play and build your bank without spending crazy amounts. Love these guys!",2024-03-13T20:29:30.000Z,"March 13, 2024",John S. ,2,US,https://www.trustpilot.com/reviews/65f1f089c95133c51aceac23,https://www.trustpilot.com/users/56833cb30000ff0001f7f657,There isn‚Äôt a better social game out‚Ä¶,there isn‚Äôt a better social game out‚Ä¶,"There isn‚Äôt a better social game out there! FC is all about the members with  members with endless promotions, that have value where you can actually play and build your bank without spending crazy amounts. Love these guys!","there isn‚Äôt a better social game out there! fc is all about the members with  members with endless promotions, that have value where you can actually play and build your bank without spending crazy amounts. love these guys!"
65f05e9a65527132eb4f3c19,5,I thought this site was sketchy,"I thought this site was sketchy, but after winning/verifying, and redeeming, I found out it's legit. I enjoy playing here. The games are fun. Customer support is a bit slow responding, but they'll definitely take care of issues you may have. I recommend it to everyone that enjoys playing sc games",2024-03-12T15:54:34.000Z,"March 09, 2024",Robert Morgan,3,US,https://www.trustpilot.com/reviews/65f05e9a65527132eb4f3c19,https://www.trustpilot.com/users/5dbbb913a6e5d96480ef1fe7,I thought this site was sketchy,i thought this site was sketchy,"I thought this site was sketchy, but after winning/verifying, and redeeming, I found out it's legit. I enjoy playing here. The games are fun. Customer support is a bit slow responding, but they'll definitely take care of issues you may have. I recommend it to everyone that enjoys playing sc games","i thought this site was sketchy, but after winning/verifying, and redeeming, i found out it's legit. i enjoy playing here. the games are fun. customer support is a bit slow responding, but they'll definitely take care of issues you may have. i recommend it to everyone that enjoys playing sc games"
65f28244ebe5823cd0b85c80,5,Payout to long ,This is an awesome game to play nice free money to play everyday to checkout new games !! The only thing payout takes way to long definitely takes the fun out of winning ,2024-03-14T06:51:17.000Z,"March 13, 2024",Kim Smith,3,US,https://www.trustpilot.com/reviews/65f28244ebe5823cd0b85c80,https://www.trustpilot.com/users/5f159188db50d27374ca824c,Payout to long ,payout to long ,This is an awesome game to play nice free money to play everyday to checkout new games !! The only thing payout takes way to long definitely takes the fun out of winning ,this is an awesome game to play nice free money to play everyday to checkout new games !! the only thing payout takes way to long definitely takes the fun out of winning 
65f1193737cf5ac5df128845,5,Always a great experience,Always a great experience. Claims are easy and payouts take no time at all. Games are fun and easy to understand! Customer service is amazing and l have had zero issues unresolved,2024-03-13T05:10:47.000Z,"March 12, 2024",Amber wagner,7,US,https://www.trustpilot.com/reviews/65f1193737cf5ac5df128845,https://www.trustpilot.com/users/65bef90316778000123e019b,Always a great experience,always a great experience,Always a great experience. Claims are easy and payouts take no time at all. Games are fun and easy to understand! Customer service is amazing and l have had zero issues unresolved,always a great experience. claims are easy and payouts take no time at all. games are fun and easy to understand! customer service is amazing and l have had zero issues unresolved
65f4be95a4812a10bd516b75,5,Genuine experience ,Playing Fortune coins casino is true and genuine experience there's so many options to play and it's it's true what they say there's no purchase necessary to win I won of free daily bonus ,2024-03-15T23:33:10.000Z,"March 13, 2024",David,1,US,https://www.trustpilot.com/reviews/65f4be95a4812a10bd516b75,https://www.trustpilot.com/users/65f4be9343ead0001285c2ff,Genuine experience ,genuine experience ,Playing Fortune coins casino is true and genuine experience there's so many options to play and it's it's true what they say there's no purchase necessary to win I won of free daily bonus ,playing fortune coins casino is true and genuine experience there's so many options to play and it's it's true what they say there's no purchase necessary to win i won of free daily bonus 
65f2e4056cd4a2a28ad78cc1,5,I really enjoy playing Fortune Coins,"I really enjoy playing Fortune Coins, I haven't hit anything big yet but I'm having fun.My favorite game is Coin Win hold the spin ",2024-03-14T13:48:22.000Z,"March 14, 2024",Gerald Ehlke,2,US,https://www.trustpilot.com/reviews/65f2e4056cd4a2a28ad78cc1,https://www.trustpilot.com/users/65effb3835a0ad0011c1e8c3,I really enjoy playing Fortune Coins,i really enjoy playing fortune coins,"I really enjoy playing Fortune Coins, I haven't hit anything big yet but I'm having fun.My favorite game is Coin Win hold the spin ","i really enjoy playing fortune coins, i haven't hit anything big yet but i'm having fun.my favorite game is coin win hold the spin "
65f10e0b4fe5309a3292f393,5,Customer service ,"Fast redemptions, customer service is fast when it comes to responding to any emails. You can tell this company makes it a priority to make sure their customers are happy. ",2024-03-13T04:23:08.000Z,"March 12, 2024",JD,3,US,https://www.trustpilot.com/reviews/65f10e0b4fe5309a3292f393,https://www.trustpilot.com/users/65972ba96a26f70011f8606d,Customer service ,customer service ,"Fast redemptions, customer service is fast when it comes to responding to any emails. You can tell this company makes it a priority to make sure their customers are happy. ","fast redemptions, customer service is fast when it comes to responding to any emails. you can tell this company makes it a priority to make sure their customers are happy. "
65f267849343c5b36d547c2b,5,Love playing on fortune coins,Love playing on fortune coins. Legitimate cash payouts and fun way to pass time. My favorite game right now is lucky panda. ,2024-03-14T04:57:08.000Z,"March 13, 2024",Brandon Cook,7,US,https://www.trustpilot.com/reviews/65f267849343c5b36d547c2b,https://www.trustpilot.com/users/605f28fd2f9b2c00197de527,Love playing on fortune coins,love playing on fortune coins,Love playing on fortune coins. Legitimate cash payouts and fun way to pass time. My favorite game right now is lucky panda. ,love playing on fortune coins. legitimate cash payouts and fun way to pass time. my favorite game right now is lucky panda. 
65f33900dc884e7f1618a169,5,Fast easy,"Fast easy, really self teaching ",2024-03-14T19:50:57.000Z,"March 14, 2024",John Torres,1,US,https://www.trustpilot.com/reviews/65f33900dc884e7f1618a169,https://www.trustpilot.com/users/65f338f54f0de600123a25d1,Fast easy,fast easy,"Fast easy, really self teaching ","fast easy, really self teaching "
65f31f108073d3d403db2e67,5,Always my favorites games always a win!,,2024-03-14T18:00:17.000Z,"March 14, 2024",Kristal,3,US,https://www.trustpilot.com/reviews/65f31f108073d3d403db2e67,https://www.trustpilot.com/users/64cc29d948611600125f5450,Always my favorites games always a win!,always my favorites games always a win!,,
65f30dd9eb5d3add1f4f00a4,5,Love this casino  great service  n games,,2024-03-14T16:46:49.000Z,"March 14, 2024",Keyun,3,US,https://www.trustpilot.com/reviews/65f30dd9eb5d3add1f4f00a4,https://www.trustpilot.com/users/656fef79259d580012dad379,Love this casino  great service  n games,love this casino  great service  n games,,
65f2ea2b5ebfd9b3abfa7543,1,Not really all that fun,Not really all that fun,2024-03-14T14:14:36.000Z,"March 14, 2024",Adam Hammonds,1,US,https://www.trustpilot.com/reviews/65f2ea2b5ebfd9b3abfa7543,https://www.trustpilot.com/users/65f2ea223483080012e0f5ea,Not really all that fun,not really all that fun,Not really all that fun,not really all that fun
65f2e6330239433526b629a7,4,Fast redemptions and decent wins,Fast redemptions and decent wins ,2024-03-14T13:57:39.000Z,"March 14, 2024",Christopher,1,US,https://www.trustpilot.com/reviews/65f2e6330239433526b629a7,https://www.trustpilot.com/users/65f2e631bffb6500122b04bd,Fast redemptions and decent wins,fast redemptions and decent wins,Fast redemptions and decent wins ,fast redemptions and decent wins 
65f2e355be7fce2abd2c2459,5,Cash out was fast and easy took lees‚Ä¶,Cash out was fast and easy took lees than a day for everything ,2024-03-14T13:45:26.000Z,"March 14, 2024",Arqueeta Irby,3,US,https://www.trustpilot.com/reviews/65f2e355be7fce2abd2c2459,https://www.trustpilot.com/users/5640c4b00000ff0001e95862,Cash out was fast and easy took lees‚Ä¶,cash out was fast and easy took lees‚Ä¶,Cash out was fast and easy took lees than a day for everything ,cash out was fast and easy took lees than a day for everything 
65f2e22c610247e744b3fbc9,5,Professional and prompt!,Professional and prompt!Got verified and redeemed on less than a week.  Highly recommend.  ,2024-03-14T13:40:28.000Z,"March 12, 2024",Michael,1,US,https://www.trustpilot.com/reviews/65f2e22c610247e744b3fbc9,https://www.trustpilot.com/users/65f2e22a73ce3c0012afc0a2,Professional and prompt!,professional and prompt!,Professional and prompt!Got verified and redeemed on less than a week.  Highly recommend.  ,professional and prompt!got verified and redeemed on less than a week.  highly recommend.  
65f2e0f2d7a6bd831aa16f4d,5,Nice game,Nice and fun game,2024-03-14T13:35:14.000Z,"March 14, 2024",Robert Conger,1,US,https://www.trustpilot.com/reviews/65f2e0f2d7a6bd831aa16f4d,https://www.trustpilot.com/users/65f2e0d7dcc1550011149526,Nice game,nice game,Nice and fun game,nice and fun game
65f2e0bd40d75116186b95e5,5,Easy fast cash outs hits big,,2024-03-14T13:34:22.000Z,"March 14, 2024",BRANDON THOMAS,3,US,https://www.trustpilot.com/reviews/65f2e0bd40d75116186b95e5,https://www.trustpilot.com/users/64857e99e152b200121ccb5b,Easy fast cash outs hits big,easy fast cash outs hits big,,
65f2df32c04d10094f27a8ac,5,works well,works well! Won over a 1000 of $10!,2024-03-14T13:27:46.000Z,"March 14, 2024",Destiny Sennetf,2,US,https://www.trustpilot.com/reviews/65f2df32c04d10094f27a8ac,https://www.trustpilot.com/users/6205e93708903800132c51f3,works well,works well,works well! Won over a 1000 of $10!,works well! won over a 1000 of $10!
65f2dec1e6e1d5b2571625ae,5,I been playing and I been wining a lot‚Ä¶,I been playing and I been wining  and this is the best casino online ever ,2024-03-14T13:25:54.000Z,"March 10, 2024",luis vargas,6,US,https://www.trustpilot.com/reviews/65f2dec1e6e1d5b2571625ae,https://www.trustpilot.com/users/60132634cb0fe10019ba0771,I been playing and I been wining a lot‚Ä¶,i been playing and i been wining a lot‚Ä¶,I been playing and I been wining  and this is the best casino online ever ,i been playing and i been wining  and this is the best casino online ever 
65f2d490c4b325e72de42e57,5,Game fun and exciting to play it‚Äôs‚Ä¶,Game fun and exciting to play it‚Äôs 55/45 win ratio so if I was you I definitely would be thinking to play these slots ,2024-03-14T12:42:24.000Z,"March 14, 2024",Randy,1,US,https://www.trustpilot.com/reviews/65f2d490c4b325e72de42e57,https://www.trustpilot.com/users/65f2d479bffb6500122af9f0,Game fun and exciting to play it‚Äôs‚Ä¶,game fun and exciting to play it‚Äôs‚Ä¶,Game fun and exciting to play it‚Äôs 55/45 win ratio so if I was you I definitely would be thinking to play these slots ,game fun and exciting to play it‚Äôs 55/45 win ratio so if i was you i definitely would be thinking to play these slots 
65f2a0ca54a2c6b5adf54180,5,Best Games Around ,Favorite Casino,2024-03-14T09:01:31.000Z,"March 14, 2024",Sandra Rodriguez,1,US,https://www.trustpilot.com/reviews/65f2a0ca54a2c6b5adf54180,https://www.trustpilot.com/users/65f2a0c1e0b9ee00138c6c6e,Best Games Around ,best games around ,Favorite Casino,favorite casino
65f29f658bbbd7363386ba40,5,Always a great experience and most of‚Ä¶,Always a great experience and most of the time I deposit I make well over what I deposited and withdrawals are usually a night waiting period ,2024-03-14T08:55:34.000Z,"March 13, 2024",Robert,3,US,https://www.trustpilot.com/reviews/65f29f658bbbd7363386ba40,https://www.trustpilot.com/users/63b1c084880d200012be4d95,Always a great experience and most of‚Ä¶,always a great experience and most of‚Ä¶,Always a great experience and most of the time I deposit I make well over what I deposited and withdrawals are usually a night waiting period ,always a great experience and most of the time i deposit i make well over what i deposited and withdrawals are usually a night waiting period 
65f298a30b7c7ef05da7bf6a,5,I love Fortune Coins,I love Fortune Coins! They have a great variety of games and their payouts are quick! I especially love that they give mystery gifts after you deposit.,2024-03-14T08:26:44.000Z,"March 14, 2024",Kelly,2,US,https://www.trustpilot.com/reviews/65f298a30b7c7ef05da7bf6a,https://www.trustpilot.com/users/64be6007cd0e1e00127a7e50,I love Fortune Coins,i love fortune coins,I love Fortune Coins! They have a great variety of games and their payouts are quick! I especially love that they give mystery gifts after you deposit.,i love fortune coins! they have a great variety of games and their payouts are quick! i especially love that they give mystery gifts after you deposit.
65f2806c2198cb8fd89b8ee8,5,Legit,Honest fast n fun to play,2024-03-14T06:43:25.000Z,"March 02, 2024",Bri,1,US,https://www.trustpilot.com/reviews/65f2806c2198cb8fd89b8ee8,https://www.trustpilot.com/users/65f2806bbee08a001201fb25,Legit,legit,Honest fast n fun to play,honest fast n fun to play
65f27e66a62c1661435466c1,5,I love fortune coins they offer awesome‚Ä¶,I love fortune coins they offer awesome games and daily bonuses a must play,2024-03-14T06:34:46.000Z,"March 13, 2024",Javier,2,US,https://www.trustpilot.com/reviews/65f27e66a62c1661435466c1,https://www.trustpilot.com/users/65e5e6f49504e00012aa4324,I love fortune coins they offer awesome‚Ä¶,i love fortune coins they offer awesome‚Ä¶,I love fortune coins they offer awesome games and daily bonuses a must play,i love fortune coins they offer awesome games and daily bonuses a must play
65f27d4ce5580ab543f09f03,4,Games are all great but the minimum‚Ä¶,Games are all great but the minimum payout amount could definitely be less. ,2024-03-14T06:30:05.000Z,"March 13, 2024",Jessica Burkhart,4,US,https://www.trustpilot.com/reviews/65f27d4ce5580ab543f09f03,https://www.trustpilot.com/users/6283dd413c7d830011398e3a,Games are all great but the minimum‚Ä¶,games are all great but the minimum‚Ä¶,Games are all great but the minimum payout amount could definitely be less. ,games are all great but the minimum payout amount could definitely be less. 
65f27a3efa8bff0861099fca,5,great game and fast pay outs,great game and fast pay outs,2024-03-14T06:17:02.000Z,"March 03, 2024",Mike,3,US,https://www.trustpilot.com/reviews/65f27a3efa8bff0861099fca,https://www.trustpilot.com/users/6548127b6f4ea40012ee3ee9,great game and fast pay outs,great game and fast pay outs,great game and fast pay outs,great game and fast pay outs
65f278f42a783e50e712c1c2,4,So far seems like a good one,So far seems like a good one. Still waiting on verification process to reedem though. Would give 5 if that was done. Seems to be taking a while. ,2024-03-14T06:11:33.000Z,"March 06, 2024",Dan Achterberg,3,US,https://www.trustpilot.com/reviews/65f278f42a783e50e712c1c2,https://www.trustpilot.com/users/62c49c625ae3f500166af082,So far seems like a good one,so far seems like a good one,So far seems like a good one. Still waiting on verification process to reedem though. Would give 5 if that was done. Seems to be taking a while. ,so far seems like a good one. still waiting on verification process to reedem though. would give 5 if that was done. seems to be taking a while. 
65f2788ef658db5e12343e03,5,Enjoy the website and it's games‚Ä¶,Enjoy the website and it's games customer service is a plus ,2024-03-14T06:09:50.000Z,"March 14, 2024",Kimberly Corley,1,US,https://www.trustpilot.com/reviews/65f2788ef658db5e12343e03,https://www.trustpilot.com/users/65f27866bee08a001201f84e,Enjoy the website and it's games‚Ä¶,enjoy the website and it's games‚Ä¶,Enjoy the website and it's games customer service is a plus ,enjoy the website and it's games customer service is a plus 
65f26f473fc7f38e81fee966,5,Fair payouts and a lot of fun,,2024-03-14T05:30:15.000Z,"March 02, 2024",Michael,1,US,https://www.trustpilot.com/reviews/65f26f473fc7f38e81fee966,https://www.trustpilot.com/users/65f26f4576352300127c3242,Fair payouts and a lot of fun,fair payouts and a lot of fun,,
65f26b8dbb78d444716b13f1,5,Fortune coins is one of the Best,Fortune coins is one of the Best! Feels like they actually let ya play for a bit. Highly recommend! ,2024-03-14T05:14:22.000Z,"March 13, 2024",MEgan livingstone,1,US,https://www.trustpilot.com/reviews/65f26b8dbb78d444716b13f1,https://www.trustpilot.com/users/65f26b82e0b9ee00138c5ab6,Fortune coins is one of the Best,fortune coins is one of the best,Fortune coins is one of the Best! Feels like they actually let ya play for a bit. Highly recommend! ,fortune coins is one of the best! feels like they actually let ya play for a bit. highly recommend! 
65f26838b73bd0fd20d091b7,5,Thank you so much for the daily bonus‚Ä¶,Thank you so much for the daily bonus and the awesome gaming experience!,2024-03-14T05:00:08.000Z,"March 10, 2024",Joseph,2,US,https://www.trustpilot.com/reviews/65f26838b73bd0fd20d091b7,https://www.trustpilot.com/users/65b11893ee57210011440b1b,Thank you so much for the daily bonus‚Ä¶,thank you so much for the daily bonus‚Ä¶,Thank you so much for the daily bonus and the awesome gaming experience!,thank you so much for the daily bonus and the awesome gaming experience!
65f267fb07b6a5660a0fa4e9,5,I love fortune coins casino because‚Ä¶,I love fortune coins casino because they have awide variety of games to play on. My favorite game would have to be Chilli Heat!! üå∂ ,2024-03-14T04:59:07.000Z,"March 13, 2024",Darryl E Mulkey Jr,1,US,https://www.trustpilot.com/reviews/65f267fb07b6a5660a0fa4e9,https://www.trustpilot.com/users/65f267e6bee08a001201f379,I love fortune coins casino because‚Ä¶,i love fortune coins casino because‚Ä¶,I love fortune coins casino because they have awide variety of games to play on. My favorite game would have to be Chilli Heat!!  ,i love fortune coins casino because they have awide variety of games to play on. my favorite game would have to be chilli heat!!  
65f24f2e845e2eea2658e413,5,No reason to even get out of bed or‚Ä¶,"No reason to even get out of bed or that chair at home to go to your nearest casino. Fortune coins has plenty of your favorite slots plus more . This is the place where you wanna take the chance to  win a fortune. Great coin packages , lots of fun , lots of games, and plenty of money to redeem",2024-03-14T03:13:19.000Z,"March 13, 2024",Damie Walker,1,US,https://www.trustpilot.com/reviews/65f24f2e845e2eea2658e413,https://www.trustpilot.com/users/65f24f19bee08a001201e9e5,No reason to even get out of bed or‚Ä¶,no reason to even get out of bed or‚Ä¶,"No reason to even get out of bed or that chair at home to go to your nearest casino. Fortune coins has plenty of your favorite slots plus more . This is the place where you wanna take the chance to  win a fortune. Great coin packages , lots of fun , lots of games, and plenty of money to redeem","no reason to even get out of bed or that chair at home to go to your nearest casino. fortune coins has plenty of your favorite slots plus more . this is the place where you wanna take the chance to  win a fortune. great coin packages , lots of fun , lots of games, and plenty of money to redeem"
65f24e4ac5c65166af3dcdb8,5,I love it payouts are fast,I love it payouts are fast ,2024-03-14T03:09:31.000Z,"March 13, 2024",Lynzee,5,US,https://www.trustpilot.com/reviews/65f24e4ac5c65166af3dcdb8,https://www.trustpilot.com/users/61764f9c7f369f001284bd6e,I love it payouts are fast,i love it payouts are fast,I love it payouts are fast ,i love it payouts are fast 
65f2455f0b1eee255eda9bff,5,Totally love them,Totally love them. Excellent payouts. Fast customer service.,2024-03-14T02:31:28.000Z,"March 13, 2024",Breonna,5,US,https://www.trustpilot.com/reviews/65f2455f0b1eee255eda9bff,https://www.trustpilot.com/users/655df3b778a64a0012f62f7c,Totally love them,totally love them,Totally love them. Excellent payouts. Fast customer service.,totally love them. excellent payouts. fast customer service.
65f2435c49136216f2b59675,5,Good promos gamers games hit like I‚Ä¶,Good promos gamers games hit like I don't know what easy payout,2024-03-14T02:22:53.000Z,"March 13, 2024",Debra Bramlett,1,US,https://www.trustpilot.com/reviews/65f2435c49136216f2b59675,https://www.trustpilot.com/users/65f2434de0b9ee00138c4b9c,Good promos gamers games hit like I‚Ä¶,good promos gamers games hit like i‚Ä¶,Good promos gamers games hit like I don't know what easy payout,good promos gamers games hit like i don't know what easy payout
65f23d42054159547b8ab612,3,Been playing this  casino for 3 weeks‚Ä¶,Been playing this  casino for 3 weeks now haven't hit nothing the best casino is zula,2024-03-14T01:56:51.000Z,"February 27, 2024",Michael,2,US,https://www.trustpilot.com/reviews/65f23d42054159547b8ab612,https://www.trustpilot.com/users/65b82699e827c900128fe10d,Been playing this  casino for 3 weeks‚Ä¶,been playing this  casino for 3 weeks‚Ä¶,Been playing this  casino for 3 weeks now haven't hit nothing the best casino is zula,been playing this  casino for 3 weeks now haven't hit nothing the best casino is zula
65f2386eec64b422db3e7f72,4,üëç Thumbs up.,"I like fortune coins, had a couple good hits. I don‚Äôt like how the play amount can be confusing, instead of just showing the value amount but other than that I will keep giving it a try.",2024-03-14T01:36:15.000Z,"March 13, 2024",Tommie,1,US,https://www.trustpilot.com/reviews/65f2386eec64b422db3e7f72,https://www.trustpilot.com/users/65f2386d254aeb0012d52784, Thumbs up., thumbs up.,"I like fortune coins, had a couple good hits. I don‚Äôt like how the play amount can be confusing, instead of just showing the value amount but other than that I will keep giving it a try.","i like fortune coins, had a couple good hits. i don‚Äôt like how the play amount can be confusing, instead of just showing the value amount but other than that i will keep giving it a try."
65f22c322229636656ef5309,5,I'm happy I found this gaming platform‚Ä¶,I'm happy I found this gaming platform I recently lost my daughter and I hope on the game and it gives me a few mins of being out of my sadness and I love the platform/game for giving me some peace of mind ,2024-03-14T00:44:03.000Z,"March 13, 2024",Susan Sonterre,1,US,https://www.trustpilot.com/reviews/65f22c322229636656ef5309,https://www.trustpilot.com/users/65f22c297da2ef0012c6e0db,I'm happy I found this gaming platform‚Ä¶,i'm happy i found this gaming platform‚Ä¶,I'm happy I found this gaming platform I recently lost my daughter and I hope on the game and it gives me a few mins of being out of my sadness and I love the platform/game for giving me some peace of mind ,i'm happy i found this gaming platform i recently lost my daughter and i hope on the game and it gives me a few mins of being out of my sadness and i love the platform/game for giving me some peace of mind 
65f2236b448c8753f75d49c8,5,Just started playing with fortune coins‚Ä¶,"Just started playing with fortune coins recently, and I love it",2024-03-14T00:06:36.000Z,"March 13, 2024",Lori Thompson,3,US,https://www.trustpilot.com/reviews/65f2236b448c8753f75d49c8,https://www.trustpilot.com/users/6128fd2a99d1e90015afd9f7,Just started playing with fortune coins‚Ä¶,just started playing with fortune coins‚Ä¶,"Just started playing with fortune coins recently, and I love it","just started playing with fortune coins recently, and i love it"
65f212b4c062c7889eccce87,5,Great games - fast winning deposit!,"Fun games!  Fast deposit of winnings!  Win, win! ",2024-03-13T22:55:17.000Z,"March 10, 2024",JOSHUA C,2,US,https://www.trustpilot.com/reviews/65f212b4c062c7889eccce87,https://www.trustpilot.com/users/643157b35d1c3800149c57be,Great games - fast winning deposit!,great games - fast winning deposit!,"Fun games!  Fast deposit of winnings!  Win, win! ","fun games!  fast deposit of winnings!  win, win! "
65f1ff70b46d229fe04b8d9d,5,Fortune coins is a great casino,Fortune coins is a great casino. üëç I really injoy playing there games. ,2024-03-13T21:33:05.000Z,"March 13, 2024",Nathan,2,US,https://www.trustpilot.com/reviews/65f1ff70b46d229fe04b8d9d,https://www.trustpilot.com/users/65e97e820d96680012dff227,Fortune coins is a great casino,fortune coins is a great casino,Fortune coins is a great casino.  I really injoy playing there games. ,fortune coins is a great casino.  i really injoy playing there games. 
65f1fdc3aa14a55206d65a58,5,I absolutely love this casino,I absolutely love this casino. They are great here. They have so many different slots here also customer service is great too. I love all the slot games. Hot lamas is my favorite of all time. You can relax and play . Thank you for everything fourtune coins for being the best .,2024-03-13T21:25:56.000Z,"March 13, 2024",Pattie Rapenchuk,2,US,https://www.trustpilot.com/reviews/65f1fdc3aa14a55206d65a58,https://www.trustpilot.com/users/60401f9ba02390001a4f18ba,I absolutely love this casino,i absolutely love this casino,I absolutely love this casino. They are great here. They have so many different slots here also customer service is great too. I love all the slot games. Hot lamas is my favorite of all time. You can relax and play . Thank you for everything fourtune coins for being the best .,i absolutely love this casino. they are great here. they have so many different slots here also customer service is great too. i love all the slot games. hot lamas is my favorite of all time. you can relax and play . thank you for everything fourtune coins for being the best .
65f1f41164047411990f8996,5,I love fortune coins casino is fun I‚Ä¶,I love fortune coins casino is fun I injoy myself everytime I played on fortune coins ,2024-03-13T20:44:33.000Z,"March 13, 2024",Will,5,US,https://www.trustpilot.com/reviews/65f1f41164047411990f8996,https://www.trustpilot.com/users/612ba6dd0dfad80012d02209,I love fortune coins casino is fun I‚Ä¶,i love fortune coins casino is fun i‚Ä¶,I love fortune coins casino is fun I injoy myself everytime I played on fortune coins ,i love fortune coins casino is fun i injoy myself everytime i played on fortune coins 
65f1f0bad84bd041be2a49fc,5,Super fast payout with no issues!,,2024-03-13T20:30:19.000Z,"March 12, 2024",ERIN L,1,US,https://www.trustpilot.com/reviews/65f1f0bad84bd041be2a49fc,https://www.trustpilot.com/users/65f1f0b9254aeb0012d506fc,Super fast payout with no issues!,super fast payout with no issues!,,
65f1ef607d5c8b317dcc55b3,5,I love all of your games.sometime I win,I love all of your games.sometime I win ,2024-03-13T20:24:33.000Z,"March 13, 2024",Elizabeth Calloway,1,US,https://www.trustpilot.com/reviews/65f1ef607d5c8b317dcc55b3,https://www.trustpilot.com/users/65f1ef338815950012b1252d,I love all of your games.sometime I win,i love all of your games.sometime i win,I love all of your games.sometime I win ,i love all of your games.sometime i win 
65f1cd41296b81cd1cfd9ad5,5,Fun and fast withdrawals ,I Love the games always adding new ones Love playing here and the withdrawals are fast within a day or two. ,2024-03-13T17:58:58.000Z,"March 13, 2024",Cheryl Mitchell,6,US,https://www.trustpilot.com/reviews/65f1cd41296b81cd1cfd9ad5,https://www.trustpilot.com/users/61700c2bc95cdd0012fb3067,Fun and fast withdrawals ,fun and fast withdrawals ,I Love the games always adding new ones Love playing here and the withdrawals are fast within a day or two. ,i love the games always adding new ones love playing here and the withdrawals are fast within a day or two. 
65f1a79fa1099a5f0a5383f6,5,Fortune Coins is a great game,"Fortune Coins is a great game, love how you can play with gc or fc coins.  Withdrawl is quick and safe and the games are decent.",2024-03-13T15:18:24.000Z,"March 13, 2024",Valued Customer,2,US,https://www.trustpilot.com/reviews/65f1a79fa1099a5f0a5383f6,https://www.trustpilot.com/users/655c1d789393a5001237254d,Fortune Coins is a great game,fortune coins is a great game,"Fortune Coins is a great game, love how you can play with gc or fc coins.  Withdrawl is quick and safe and the games are decent.","fortune coins is a great game, love how you can play with gc or fc coins.  withdrawl is quick and safe and the games are decent."
65f1a682263027e95cf7a3b8,5,The withdrawals are the fastest and‚Ä¶,The withdrawals are the fastest and they give you nice little bonuses if you play with them.  My go to.,2024-03-13T15:13:39.000Z,"March 13, 2024",Paolo JC,1,US,https://www.trustpilot.com/reviews/65f1a682263027e95cf7a3b8,https://www.trustpilot.com/users/65f1a6819f27d10012385eef,The withdrawals are the fastest and‚Ä¶,the withdrawals are the fastest and‚Ä¶,The withdrawals are the fastest and they give you nice little bonuses if you play with them.  My go to.,the withdrawals are the fastest and they give you nice little bonuses if you play with them.  my go to.
65f19e2e08c8b2d3a6b5621c,5,Fast service,Fast service ,2024-03-13T14:38:07.000Z,"March 13, 2024",Hai Ngo,11,US,https://www.trustpilot.com/reviews/65f19e2e08c8b2d3a6b5621c,https://www.trustpilot.com/users/5a302ffe0000ff000af01dd4,Fast service,fast service,Fast service ,fast service 
65f19a6d4070ff465bbb614c,5,I won big off of free play,"I won big off of free play, the first spin of the day!!  I cashed out and received my money later that same day!!! Its my favorite place to play games!",2024-03-13T14:22:05.000Z,"March 13, 2024",LISA KAY,2,US,https://www.trustpilot.com/reviews/65f19a6d4070ff465bbb614c,https://www.trustpilot.com/users/648afd16cdcb5500122c4589,I won big off of free play,i won big off of free play,"I won big off of free play, the first spin of the day!!  I cashed out and received my money later that same day!!! Its my favorite place to play games!","i won big off of free play, the first spin of the day!!  i cashed out and received my money later that same day!!! its my favorite place to play games!"
65f15ddf4781717f52a720f8,5,Cant go wrong with Fortune Coins Casino,"It was pretty easy for verification and really you guys were the first to allow my bank and i was able to redeem my winnings thank you very much. Also was quick to respond to my emails ,people were very nice and helpful ",2024-03-13T10:03:44.000Z,"March 12, 2024",Troy,1,US,https://www.trustpilot.com/reviews/65f15ddf4781717f52a720f8,https://www.trustpilot.com/users/65f15ddeddb5340012c95979,Cant go wrong with Fortune Coins Casino,cant go wrong with fortune coins casino,"It was pretty easy for verification and really you guys were the first to allow my bank and i was able to redeem my winnings thank you very much. Also was quick to respond to my emails ,people were very nice and helpful ","it was pretty easy for verification and really you guys were the first to allow my bank and i was able to redeem my winnings thank you very much. also was quick to respond to my emails ,people were very nice and helpful "
65f144b88aaf2f334c08dd40,5,Best online casino ever,Best online casino ever ,2024-03-13T08:16:25.000Z,"March 12, 2024",TAMMIE RAE,5,US,https://www.trustpilot.com/reviews/65f144b88aaf2f334c08dd40,https://www.trustpilot.com/users/63ca918d90137b0011f22f17,Best online casino ever,best online casino ever,Best online casino ever ,best online casino ever 
65f11df2a7cc1fa4ef841a05,5,Awesome ü§òüèªThank you fortune coin!,,2024-03-13T05:30:59.000Z,"March 08, 2024",Jennifer V.,9,US,https://www.trustpilot.com/reviews/65f11df2a7cc1fa4ef841a05,https://www.trustpilot.com/users/6303db701be97400121afc46,Awesome Thank you fortune coin!,awesome thank you fortune coin!,,
65f10417cd8bb47d043afa0c,5,Great customer service!!,"Really fast reply on my issues and concerns, also got everything I needed done in a timely manner, awesome customer service!!",2024-03-13T03:40:39.000Z,"March 12, 2024",James,1,US,https://www.trustpilot.com/reviews/65f10417cd8bb47d043afa0c,https://www.trustpilot.com/users/65f1041576352300127b7369,Great customer service!!,great customer service!!,"Really fast reply on my issues and concerns, also got everything I needed done in a timely manner, awesome customer service!!","really fast reply on my issues and concerns, also got everything i needed done in a timely manner, awesome customer service!!"
65f101d72f3310eb08488522,1,Save your money,,2024-03-13T03:31:04.000Z,"February 26, 2024",Brian Lapushansky,8,US,https://www.trustpilot.com/reviews/65f101d72f3310eb08488522,https://www.trustpilot.com/users/62a967383109880011802b92,Save your money,save your money,,
65f0bfb736f7d59094a55b6c,5,Cheers ,Fortune coins is always a good go to. They have an array of different games that satisfy and the customer service is friendly and professional I appreciate all their hard work. Keep doing what you're doing and cheers ,2024-03-12T22:48:56.000Z,"March 09, 2024",TRAVIS RAYMOND,4,US,https://www.trustpilot.com/reviews/65f0bfb736f7d59094a55b6c,https://www.trustpilot.com/users/657f34905655710012687e12,Cheers ,cheers ,Fortune coins is always a good go to. They have an array of different games that satisfy and the customer service is friendly and professional I appreciate all their hard work. Keep doing what you're doing and cheers ,fortune coins is always a good go to. they have an array of different games that satisfy and the customer service is friendly and professional i appreciate all their hard work. keep doing what you're doing and cheers 
65f0bbe74ea83cd74bb91a0d,5,A new player to this site,A new player to this site. So far I won and redeemed on just my daily bonus! Verification was quick and withdrawal was easy. Games are fun and exciting.Looking forward to playing more!,2024-03-12T22:32:39.000Z,"February 29, 2024",Robin McHugh Nichols,4,US,https://www.trustpilot.com/reviews/65f0bbe74ea83cd74bb91a0d,https://www.trustpilot.com/users/5eb3358bee8f296163cb24d5,A new player to this site,a new player to this site,A new player to this site. So far I won and redeemed on just my daily bonus! Verification was quick and withdrawal was easy. Games are fun and exciting.Looking forward to playing more!,a new player to this site. so far i won and redeemed on just my daily bonus! verification was quick and withdrawal was easy. games are fun and exciting.looking forward to playing more!
65f0b96ce482d478875d22ab,5,Fortune Coins,So love fortune coins 1 of the best ones out,2024-03-12T22:22:04.000Z,"March 12, 2024",Deidra Wilson,8,US,https://www.trustpilot.com/reviews/65f0b96ce482d478875d22ab,https://www.trustpilot.com/users/607ef4788b2df90019db45eb,Fortune Coins,fortune coins,So love fortune coins 1 of the best ones out,so love fortune coins 1 of the best ones out
65f0ae23e3fa2b3d9bd94c0b,5,Trusted. Good Company,You have to realize they're are some good casino's out there and Fortune is one of them. I trust this platform. I would recommend this to my friends and have done so. Thank you 5 stars. Real review here not asked to write this.,2024-03-12T21:33:56.000Z,"March 12, 2024",TrustMeBro,1,US,https://www.trustpilot.com/reviews/65f0ae23e3fa2b3d9bd94c0b,https://www.trustpilot.com/users/65f0ae228dae0f001290cd47,Trusted. Good Company,trusted. good company,You have to realize they're are some good casino's out there and Fortune is one of them. I trust this platform. I would recommend this to my friends and have done so. Thank you 5 stars. Real review here not asked to write this.,you have to realize they're are some good casino's out there and fortune is one of them. i trust this platform. i would recommend this to my friends and have done so. thank you 5 stars. real review here not asked to write this.
65f09e8e50a5cf5c8c91dc0b,5,Honest site,"Honest site, fast payment, I really recommend.",2024-03-12T20:27:26.000Z,"March 12, 2024",Vanessa,2,US,https://www.trustpilot.com/reviews/65f09e8e50a5cf5c8c91dc0b,https://www.trustpilot.com/users/65d988a937f5ce00121ebfdb,Honest site,honest site,"Honest site, fast payment, I really recommend.","honest site, fast payment, i really recommend."
65f091659004539270e4e3a3,5,Fast,"Fast, friendly staff and service! Lots of games to choose from!",2024-03-12T19:31:18.000Z,"March 12, 2024",richard,3,US,https://www.trustpilot.com/reviews/65f091659004539270e4e3a3,https://www.trustpilot.com/users/6034ef925e8563001a865c06,Fast,fast,"Fast, friendly staff and service! Lots of games to choose from!","fast, friendly staff and service! lots of games to choose from!"
65f09158ae86769e20912f65,5,Generous daily bonuses,"Generous daily bonuses, TONS of new games added regularly.  Great service... fast redemptions...my FAVORITE experience",2024-03-12T19:31:04.000Z,"March 12, 2024",Wen B,3,US,https://www.trustpilot.com/reviews/65f09158ae86769e20912f65,https://www.trustpilot.com/users/611a733753c9c900146e17c6,Generous daily bonuses,generous daily bonuses,"Generous daily bonuses, TONS of new games added regularly.  Great service... fast redemptions...my FAVORITE experience","generous daily bonuses, tons of new games added regularly.  great service... fast redemptions...my favorite experience"
65f091204c43bcea5db9e0a9,5,Quick response,"Quick response, no hassle, no complaints from me ",2024-03-12T19:30:09.000Z,"March 12, 2024",Timothy,1,US,https://www.trustpilot.com/reviews/65f091204c43bcea5db9e0a9,https://www.trustpilot.com/users/65f0911fab5cc20012cb018f,Quick response,quick response,"Quick response, no hassle, no complaints from me ","quick response, no hassle, no complaints from me "
65f086b955546f960fddb901,5,Redeeming my winnings was so easy,Redeeming my winnings was so easy. I had no problems. Love all the different choices on the slots. Thanks Fortune Coin!,2024-03-12T18:45:46.000Z,"March 12, 2024",Debbie,3,US,https://www.trustpilot.com/reviews/65f086b955546f960fddb901,https://www.trustpilot.com/users/64d01a155325f800127a8c1b,Redeeming my winnings was so easy,redeeming my winnings was so easy,Redeeming my winnings was so easy. I had no problems. Love all the different choices on the slots. Thanks Fortune Coin!,redeeming my winnings was so easy. i had no problems. love all the different choices on the slots. thanks fortune coin!
65f0839b1fef2962e51b97cb,5,Great and reliable ,Loved it great and reliable ,2024-03-12T18:32:28.000Z,"March 12, 2024",Ricardo,1,US,https://www.trustpilot.com/reviews/65f0839b1fef2962e51b97cb,https://www.trustpilot.com/users/65f0839976352300127b35d7,Great and reliable ,great and reliable ,Loved it great and reliable ,loved it great and reliable 
65f07fa728df80e437b7d4b2,5,Always great these are my favorite slots,Always great my favorite slots. Fair games and payouts! ,2024-03-12T18:15:35.000Z,"March 09, 2024",Patricia,5,US,https://www.trustpilot.com/reviews/65f07fa728df80e437b7d4b2,https://www.trustpilot.com/users/65b1954e1ca2be001209287b,Always great these are my favorite slots,always great these are my favorite slots,Always great my favorite slots. Fair games and payouts! ,always great my favorite slots. fair games and payouts! 
65f03fcaea422473bd4484fb,5,‚ù§Ô∏è love,"‚ù§Ô∏è love, love Fortuna Coins Casino the best online casino. ",2024-03-12T13:43:06.000Z,"March 12, 2024",Rosa,5,US,https://www.trustpilot.com/reviews/65f03fcaea422473bd4484fb,https://www.trustpilot.com/users/6541b606ee9b1c0011b54a6b, love, love," love, love Fortuna Coins Casino the best online casino. "," love, love fortuna coins casino the best online casino. "
65f03f200a6076dd50b76035,5,Great site ,Good turn around on getting verified ,2024-03-12T13:40:16.000Z,"March 12, 2024",carolyn,1,US,https://www.trustpilot.com/reviews/65f03f200a6076dd50b76035,https://www.trustpilot.com/users/65f03f1e8dae0f0012908008,Great site ,great site ,Good turn around on getting verified ,good turn around on getting verified 
65f03dc36d66833c338641ef,5,Fortune Coins has a great selection of‚Ä¶,"Fortune Coins has a great selection of games, nice offers for gold coins/fortune coins, and very fair gameplay!",2024-03-12T13:34:27.000Z,"March 12, 2024",Bonedaddy,2,US,https://www.trustpilot.com/reviews/65f03dc36d66833c338641ef,https://www.trustpilot.com/users/64d54457227c1e001289043a,Fortune Coins has a great selection of‚Ä¶,fortune coins has a great selection of‚Ä¶,"Fortune Coins has a great selection of games, nice offers for gold coins/fortune coins, and very fair gameplay!","fortune coins has a great selection of games, nice offers for gold coins/fortune coins, and very fair gameplay!"
65f03d509b6e7fa1c5cfca70,5,Great website fast payout times and‚Ä¶,Great website fast payout times and good selection of games ! ,2024-03-12T13:32:32.000Z,"March 12, 2024",Christopher,1,US,https://www.trustpilot.com/reviews/65f03d509b6e7fa1c5cfca70,https://www.trustpilot.com/users/65f03d4e35a0ad0011c21795,Great website fast payout times and‚Ä¶,great website fast payout times and‚Ä¶,Great website fast payout times and good selection of games ! ,great website fast payout times and good selection of games ! 
65f03aa877f0fe7543e22589,5,love this casino,love this casino! I actually win its not a SCAM,2024-03-12T13:21:13.000Z,"March 12, 2024",Stephanie,1,US,https://www.trustpilot.com/reviews/65f03aa877f0fe7543e22589,https://www.trustpilot.com/users/65f03aa6519c7b001369473d,love this casino,love this casino,love this casino! I actually win its not a SCAM,love this casino! i actually win its not a scam
65ef842ea8701305145bfbfc,5,love the games that they offer and the‚Ä¶,love the games that they offer and the customer service,2024-03-12T00:22:39.000Z,"March 10, 2024",Tammy Lee,11,US,https://www.trustpilot.com/reviews/65ef842ea8701305145bfbfc,https://www.trustpilot.com/users/60b93bd55b2dac0019a6c4dc,love the games that they offer and the‚Ä¶,love the games that they offer and the‚Ä¶,love the games that they offer and the customer service,love the games that they offer and the customer service
65ef7485482292b22fc1705b,5,Great way to unwind for the day ,"Fast for the money to hit my bank account. Verification process was easy.  I cashed out 1,000 one day then a few days later cashed out 1700 both hit my bank account within 24 hours ",2024-03-12T20:26:02.000Z,"March 07, 2024",JoJo,1,US,https://www.trustpilot.com/reviews/65ef7485482292b22fc1705b,https://www.trustpilot.com/users/65ef748463b0100012241bab,Great way to unwind for the day ,great way to unwind for the day ,"Fast for the money to hit my bank account. Verification process was easy.  I cashed out 1,000 one day then a few days later cashed out 1700 both hit my bank account within 24 hours ","fast for the money to hit my bank account. verification process was easy.  i cashed out 1,000 one day then a few days later cashed out 1700 both hit my bank account within 24 hours "
65ef45133a225a8dffcf6615,5,I love the games and the quick pay outs,,2024-03-11T19:53:23.000Z,"March 08, 2024",Sharon,2,US,https://www.trustpilot.com/reviews/65ef45133a225a8dffcf6615,https://www.trustpilot.com/users/646e1b2f8ea7bd001354f39d,I love the games and the quick pay outs,i love the games and the quick pay outs,,
65ef1c56a845a8483fef8baa,5,Fun games ,A fun way to pass the time and easy payout. ,2024-03-11T16:59:35.000Z,"March 08, 2024",Stephen,1,US,https://www.trustpilot.com/reviews/65ef1c56a845a8483fef8baa,https://www.trustpilot.com/users/65ef1c5590d5be001381bdbf,Fun games ,fun games ,A fun way to pass the time and easy payout. ,a fun way to pass the time and easy payout. 
65ef1129577f9a733cb55f71,5,Love it great to play,Love it great to play ,2024-03-11T16:11:53.000Z,"March 08, 2024",Elvis,1,US,https://www.trustpilot.com/reviews/65ef1129577f9a733cb55f71,https://www.trustpilot.com/users/65ef11271b6ce10012cb461b,Love it great to play,love it great to play,Love it great to play ,love it great to play 
65ef0d27f2ce27f57e02a43e,5,Excellent cashout,Last week I redeemed my winnings for the first time without any problems. Most online casinos take a minimum of 3 days before they payout and to my surprise the money was in my account within 48 hours. Thank you Fortune Coin staff for the great service! ,2024-03-11T15:54:48.000Z,"March 07, 2024",Heather Harris,3,US,https://www.trustpilot.com/reviews/65ef0d27f2ce27f57e02a43e,https://www.trustpilot.com/users/6297a1e20afa9d001222f08f,Excellent cashout,excellent cashout,Last week I redeemed my winnings for the first time without any problems. Most online casinos take a minimum of 3 days before they payout and to my surprise the money was in my account within 48 hours. Thank you Fortune Coin staff for the great service! ,last week i redeemed my winnings for the first time without any problems. most online casinos take a minimum of 3 days before they payout and to my surprise the money was in my account within 48 hours. thank you fortune coin staff for the great service! 
65ef0916cdf53fedc6355d1b,5,My favorite site to play,I love this site! My favorite site to play,2024-03-11T15:37:27.000Z,"March 08, 2024",Mark,2,US,https://www.trustpilot.com/reviews/65ef0916cdf53fedc6355d1b,https://www.trustpilot.com/users/65bfbed51fc01900136a39d4,My favorite site to play,my favorite site to play,I love this site! My favorite site to play,i love this site! my favorite site to play
65ef036145dad17d6ea1c96b,5,Great game selections,Great game selections. Quick payouts. Good wins. ,2024-03-11T15:13:06.000Z,"March 08, 2024",steve,4,US,https://www.trustpilot.com/reviews/65ef036145dad17d6ea1c96b,https://www.trustpilot.com/users/65c0e18c08ba9a00121b9016,Great game selections,great game selections,Great game selections. Quick payouts. Good wins. ,great game selections. quick payouts. good wins. 
65eefad499a8c46bc94a12ac,5,Great games,"Great games, fast and easy redemptions, overall just a great site",2024-03-11T14:36:36.000Z,"March 11, 2024",Veanna,5,US,https://www.trustpilot.com/reviews/65eefad499a8c46bc94a12ac,https://www.trustpilot.com/users/62aa1a8651945a00120dad0d,Great games,great games,"Great games, fast and easy redemptions, overall just a great site","great games, fast and easy redemptions, overall just a great site"
65eeaa6f5eb526047f6f9b63,5,Great games and fast payout.,Great games and fast payout. ,2024-03-11T08:53:36.000Z,"March 08, 2024",Samantha,12,US,https://www.trustpilot.com/reviews/65eeaa6f5eb526047f6f9b63,https://www.trustpilot.com/users/62b58bb4cc55a60013060f51,Great games and fast payout.,great games and fast payout.,Great games and fast payout. ,great games and fast payout. 
65ee4e1b98a9cbfac010c678,5,Authorization and redeeming your money was fast ,Authorization was quick and simple along with getting your winnings!,2024-03-11T02:19:40.000Z,"March 10, 2024",CRAIG THOMAS,1,US,https://www.trustpilot.com/reviews/65ee4e1b98a9cbfac010c678,https://www.trustpilot.com/users/65ee4e19af0fcf0012ef2a61,Authorization and redeeming your money was fast ,authorization and redeeming your money was fast ,Authorization was quick and simple along with getting your winnings!,authorization was quick and simple along with getting your winnings!
65ee39744469544d33fc1838,5,I love and enjoy playing this game,I love and enjoy playing this game. But honestly sometimes all the machines are tight. üòî,2024-03-11T00:51:33.000Z,"March 10, 2024",TTej ACseun,3,US,https://www.trustpilot.com/reviews/65ee39744469544d33fc1838,https://www.trustpilot.com/users/659a207e0272480012efe20a,I love and enjoy playing this game,i love and enjoy playing this game,I love and enjoy playing this game. But honestly sometimes all the machines are tight. ,i love and enjoy playing this game. but honestly sometimes all the machines are tight. 
65ee2cca6172b781250264c1,5,100% trustworthy,Great customer service ,2024-03-10T23:57:31.000Z,"March 10, 2024",Feli,5,US,https://www.trustpilot.com/reviews/65ee2cca6172b781250264c1,https://www.trustpilot.com/users/6436a6f95fcdbd00125951b2,100% trustworthy,100% trustworthy,Great customer service ,great customer service 
65ee24d7df1dfd289d04e836,5,I really like playing on fortune coins,I really like playing on fortune coins. My experience is  always good because this is the place where I relax all the game are of high quality. Rite now I have no complaints ,2024-03-10T23:23:36.000Z,"March 10, 2024",Joyce,1,US,https://www.trustpilot.com/reviews/65ee24d7df1dfd289d04e836,https://www.trustpilot.com/users/65ee24d690d5be001381325b,I really like playing on fortune coins,i really like playing on fortune coins,I really like playing on fortune coins. My experience is  always good because this is the place where I relax all the game are of high quality. Rite now I have no complaints ,i really like playing on fortune coins. my experience is  always good because this is the place where i relax all the game are of high quality. rite now i have no complaints 
65ee12361b9354c1d0e50458,5,I just love playing fortune coins,I just love playing fortune coins ,2024-03-10T22:04:07.000Z,"March 10, 2024",BEVERLY A,1,US,https://www.trustpilot.com/reviews/65ee12361b9354c1d0e50458,https://www.trustpilot.com/users/65ee123467661100129f3c78,I just love playing fortune coins,i just love playing fortune coins,I just love playing fortune coins ,i just love playing fortune coins 
65ee07970c4186aff0d4fa69,5,fast redemptions and decent games,"fast redemptions and decent games, wished they give more promotion deals though",2024-03-10T21:18:47.000Z,"March 07, 2024",Fiona,1,US,https://www.trustpilot.com/reviews/65ee07970c4186aff0d4fa69,https://www.trustpilot.com/users/65ee079690d5be001381224e,fast redemptions and decent games,fast redemptions and decent games,"fast redemptions and decent games, wished they give more promotion deals though","fast redemptions and decent games, wished they give more promotion deals though"
65ee070d694ad1e439c55433,5,There are plenty of games to choose‚Ä¶,There are plenty of games to choose from and the payout being low and quick. ,2024-03-10T21:16:30.000Z,"March 07, 2024",Moni,2,US,https://www.trustpilot.com/reviews/65ee070d694ad1e439c55433,https://www.trustpilot.com/users/65bcefe0da51a400129794b7,There are plenty of games to choose‚Ä¶,there are plenty of games to choose‚Ä¶,There are plenty of games to choose from and the payout being low and quick. ,there are plenty of games to choose from and the payout being low and quick. 
65ee050842efcb334286c1e5,5,Easy verification and great customer‚Ä¶,Easy verification and great customer service.,2024-03-10T21:07:52.000Z,"March 10, 2024",Linda,1,US,https://www.trustpilot.com/reviews/65ee050842efcb334286c1e5,https://www.trustpilot.com/users/6511eea9d834ce0011a127fc,Easy verification and great customer‚Ä¶,easy verification and great customer‚Ä¶,Easy verification and great customer service.,easy verification and great customer service.
65ee0490609dd66bd9fabf33,5,More wins,Need more wins,2024-03-10T21:05:52.000Z,"March 10, 2024",BETSY LORENE,2,US,https://www.trustpilot.com/reviews/65ee0490609dd66bd9fabf33,https://www.trustpilot.com/users/650067ffa870aa0011376fed,More wins,more wins,Need more wins,need more wins
65edfed08fd8efe559a6a37d,5,Need faster payouts but overall not so‚Ä¶,Need faster payouts but overall not so bad ,2024-03-10T20:41:20.000Z,"February 28, 2024",Gabriel,1,US,https://www.trustpilot.com/reviews/65edfed08fd8efe559a6a37d,https://www.trustpilot.com/users/65edfece5190a30012bd2413,Need faster payouts but overall not so‚Ä¶,need faster payouts but overall not so‚Ä¶,Need faster payouts but overall not so bad ,need faster payouts but overall not so bad 
65edf9e288847853567e7d12,5,Everything good ,,2024-03-10T20:20:19.000Z,"March 10, 2024",Falesha,1,US,https://www.trustpilot.com/reviews/65edf9e288847853567e7d12,https://www.trustpilot.com/users/65edf9e1af0fcf0012eefd68,Everything good ,everything good ,,
65edbe40cf3347835ecf6d1b,5,Fortune Coins is my favorite gaming‚Ä¶,Fortune Coins is my favorite gaming site. The customer service is good and the redeeming of credits is prompt üòÄ ,2024-03-10T16:05:53.000Z,"March 07, 2024",Angela R.,5,US,https://www.trustpilot.com/reviews/65edbe40cf3347835ecf6d1b,https://www.trustpilot.com/users/5c3c8d5660b20d0f1bc16ffa,Fortune Coins is my favorite gaming‚Ä¶,fortune coins is my favorite gaming‚Ä¶,Fortune Coins is my favorite gaming site. The customer service is good and the redeeming of credits is prompt  ,fortune coins is my favorite gaming site. the customer service is good and the redeeming of credits is prompt  
65edaa8fe3dc90e2de91c449,5,Great experience great games,Great experience great games ,2024-03-10T14:41:52.000Z,"March 07, 2024",Jason Tarantola,2,US,https://www.trustpilot.com/reviews/65edaa8fe3dc90e2de91c449,https://www.trustpilot.com/users/65acfaf91392270012358c62,Great experience great games,great experience great games,Great experience great games ,great experience great games 
65ed929c334d257ed1287fe2,5,Very entertaining and lots of wins.,Very entertaining and lots of wins. ,2024-03-10T12:59:40.000Z,"March 08, 2024",Tom Watson,1,US,https://www.trustpilot.com/reviews/65ed929c334d257ed1287fe2,https://www.trustpilot.com/users/65ed924390d5be001380d5a7,Very entertaining and lots of wins.,very entertaining and lots of wins.,Very entertaining and lots of wins. ,very entertaining and lots of wins. 
65ecdb3ec4665a30936d44cf,5,Super payout!,"I had a great experience I cashed out a 1,000 dollars from the free 3 dollars I was given. Sugar rush is the best game for big wins. Thank you fortune coin!",2024-03-09T23:57:19.000Z,"March 05, 2024",Nathan,1,US,https://www.trustpilot.com/reviews/65ecdb3ec4665a30936d44cf,https://www.trustpilot.com/users/65ecdb3c0b60660012df0886,Super payout!,super payout!,"I had a great experience I cashed out a 1,000 dollars from the free 3 dollars I was given. Sugar rush is the best game for big wins. Thank you fortune coin!","i had a great experience i cashed out a 1,000 dollars from the free 3 dollars i was given. sugar rush is the best game for big wins. thank you fortune coin!"
65eca2c8a0ab96a667a0ddd4,5,Great casino,Great casino ,2024-03-09T19:56:25.000Z,"March 09, 2024",Arturo,1,US,https://www.trustpilot.com/reviews/65eca2c8a0ab96a667a0ddd4,https://www.trustpilot.com/users/65eca2c65a9c7700114c1f4d,Great casino,great casino,Great casino ,great casino 
65ec9e21910318032cc605c6,5,They have such a great variety of‚Ä¶,"They have such a great variety of games, I could play for hours without ever getting bored.  The rtp is solid and you can quote me on that! Just a really great and fun experience. ",2024-03-09T19:36:34.000Z,"March 09, 2024",Kandi,2,US,https://www.trustpilot.com/reviews/65ec9e21910318032cc605c6,https://www.trustpilot.com/users/64f7a5a0d5f1c70012229c91,They have such a great variety of‚Ä¶,they have such a great variety of‚Ä¶,"They have such a great variety of games, I could play for hours without ever getting bored.  The rtp is solid and you can quote me on that! Just a really great and fun experience. ","they have such a great variety of games, i could play for hours without ever getting bored.  the rtp is solid and you can quote me on that! just a really great and fun experience. "
65ec98506d343fe8353acc90,5,Great games great customer service fast‚Ä¶,Great games great customer service fast payouts just an all around great casino I love it ,2024-03-09T19:11:44.000Z,"March 09, 2024",Connie,1,US,https://www.trustpilot.com/reviews/65ec98506d343fe8353acc90,https://www.trustpilot.com/users/65ec984e5a9c7700114c18e5,Great games great customer service fast‚Ä¶,great games great customer service fast‚Ä¶,Great games great customer service fast payouts just an all around great casino I love it ,great games great customer service fast payouts just an all around great casino i love it 
65ec863bd54840ef6ce19e0e,5,Fun to play and easy to use.,I really enjoy playing games with fortune coins. I recently was able to get a decent prize and getting it was really easy. Thanks again for the good experience.,2024-03-09T17:54:35.000Z,"March 06, 2024",David,1,US,https://www.trustpilot.com/reviews/65ec863bd54840ef6ce19e0e,https://www.trustpilot.com/users/65ec86390b60660012ded7ef,Fun to play and easy to use.,fun to play and easy to use.,I really enjoy playing games with fortune coins. I recently was able to get a decent prize and getting it was really easy. Thanks again for the good experience.,i really enjoy playing games with fortune coins. i recently was able to get a decent prize and getting it was really easy. thanks again for the good experience.
65ec676ebc3a506ed3d23634,5,Great Accomodation,Thank you for the accommodations in a timely and efficient manner.,2024-03-09T15:43:11.000Z,"March 06, 2024",Andrew,2,US,https://www.trustpilot.com/reviews/65ec676ebc3a506ed3d23634,https://www.trustpilot.com/users/610d963c024a570012d507c1,Great Accomodation,great accomodation,Thank you for the accommodations in a timely and efficient manner.,thank you for the accommodations in a timely and efficient manner.
65ec63bd56a914b90738f5d5,5,I love the amount of different games‚Ä¶,I love the amount of different games you have and collecting your winnings east fast and easy,2024-03-09T15:27:26.000Z,"March 09, 2024",Dorothy,2,US,https://www.trustpilot.com/reviews/65ec63bd56a914b90738f5d5,https://www.trustpilot.com/users/65ec63bc67661100129e5d38,I love the amount of different games‚Ä¶,i love the amount of different games‚Ä¶,I love the amount of different games you have and collecting your winnings east fast and easy,i love the amount of different games you have and collecting your winnings east fast and easy
65ec61cafb36a4c5a878208d,3,Daily bonus,The fact that as soon as I have 10 fortune bucks you stop giving the daily bonus. That shouldn't happen especially since you don't advertise it.,2024-03-09T15:19:07.000Z,"March 09, 2024",Jeremy,2,US,https://www.trustpilot.com/reviews/65ec61cafb36a4c5a878208d,https://www.trustpilot.com/users/650af872480f74001253add1,Daily bonus,daily bonus,The fact that as soon as I have 10 fortune bucks you stop giving the daily bonus. That shouldn't happen especially since you don't advertise it.,the fact that as soon as i have 10 fortune bucks you stop giving the daily bonus. that shouldn't happen especially since you don't advertise it.
65ec6063841c1fe3bf9ec25a,4,Separate tab to indentify feature play‚Ä¶,Separate tab to indentify feature play games. More payouts and promotions free sc. I dont get back even half of what i play.,2024-03-09T15:13:08.000Z,"March 09, 2024",Ketra,1,US,https://www.trustpilot.com/reviews/65ec6063841c1fe3bf9ec25a,https://www.trustpilot.com/users/65ec60625a9c7700114bf1a2,Separate tab to indentify feature play‚Ä¶,separate tab to indentify feature play‚Ä¶,Separate tab to indentify feature play games. More payouts and promotions free sc. I dont get back even half of what i play.,separate tab to indentify feature play games. more payouts and promotions free sc. i dont get back even half of what i play.
65ec5808fbc5920cd7fdc8b9,5,Great game selection and fast payouts.,Great game selection and fast payouts. ,2024-03-09T14:37:28.000Z,"March 09, 2024",Marek,2,US,https://www.trustpilot.com/reviews/65ec5808fbc5920cd7fdc8b9,https://www.trustpilot.com/users/653466a8938dfd0012e7ffa5,Great game selection and fast payouts.,great game selection and fast payouts.,Great game selection and fast payouts. ,great game selection and fast payouts. 
65ec57b865296b3c072ed9f8,5,Fun fast payments.,,2024-03-09T14:36:09.000Z,"March 09, 2024",Anthony,1,US,https://www.trustpilot.com/reviews/65ec57b865296b3c072ed9f8,https://www.trustpilot.com/users/65ec57b7c64a54001253082f,Fun fast payments.,fun fast payments.,,
65ec49fae0f35297a844d880,3,Fun casino but the winning odds are not‚Ä¶,Fun casino but the winning odds are not all that good. Wish they had more options of games also! Also don't like how most of there games all cost 30 per spin.,2024-03-09T13:37:30.000Z,"March 09, 2024",Rusted Nuts Ranch,7,US,https://www.trustpilot.com/reviews/65ec49fae0f35297a844d880,https://www.trustpilot.com/users/605025073b5672001acca62b,Fun casino but the winning odds are not‚Ä¶,fun casino but the winning odds are not‚Ä¶,Fun casino but the winning odds are not all that good. Wish they had more options of games also! Also don't like how most of there games all cost 30 per spin.,fun casino but the winning odds are not all that good. wish they had more options of games also! also don't like how most of there games all cost 30 per spin.
65ec1cbe4c9b9680df791d82,5,Yo nice games,,2024-03-09T10:24:31.000Z,"March 05, 2024",Jarret,5,US,https://www.trustpilot.com/reviews/65ec1cbe4c9b9680df791d82,https://www.trustpilot.com/users/64b3f70f6c3c99001242a9e3,Yo nice games,yo nice games,,
