place_id,place_name,review_id_hash,rating,review_text,published_at,published_at_date,response_from_owner_text,response_from_owner_ago,response_from_owner_date,review_likes_count,total_number_of_reviews_by_reviewer,total_number_of_photos_by_reviewer,is_local_guide,review_translated_text,response_from_owner_translated_text
ChIJjaKqH13Lj4AR2ApxFJXKNaU,Art Boutiki Music Hall,bcb13785d3540eba619d1def1e3b0765,5,"Great live music venue. Saw a show here, first time. We all must support this local gem. Acoustics are awesome. Drink prices are reasonable. Staff is super friendly. Join in!",a week ago,2024-03-22 13:05:35.828021,,,,0,23,7,True,,
ChIJjaKqH13Lj4AR2ApxFJXKNaU,Art Boutiki Music Hall,e154217eabc0caf773074fee5f587085,5,"This place needs to be known especially for their intimate live music setting it s a hidden gem, that we must expose. Cozy, hospitable, great sound system, and fun atmosphere.",3 weeks ago,2024-03-08 13:05:35.831654,"Wow, thanks very much for the kind and very generous review! We are glad you had a great time!",3 weeks ago,2024-03-08 13:05:35.831654,1,133,881,True,,
ChIJjaKqH13Lj4AR2ApxFJXKNaU,Art Boutiki Music Hall,e0e0b8ee59fa0b226e392302da9c78fb,5,Awesome venue ....great sound and super comfortable,a month ago,2024-02-29 13:05:35.835055,,,,1,41,11,True,,
ChIJjaKqH13Lj4AR2ApxFJXKNaU,Art Boutiki Music Hall,b1d5399e00343031dca8df7309e50f9b,4,"Good venue for local music, think Yoshis with a local emphasis. Its a show style (i.e. seats facing a stage rather than cocktail or restaurant tables). Hard folding chairs with a few leather couches around the perimeter. While I wish the chairs were more comfortable, the fact is there are few places that highlight the music and the musicians.  I will keep coming back for this kind of atmosphere and music talent level.",a month ago,2024-02-29 13:05:35.837944,,,,1,39,27,True,,
ChIJjaKqH13Lj4AR2ApxFJXKNaU,Art Boutiki Music Hall,242b70b0a08fe49cb86bb994f0930a94,5,,a month ago,2024-02-29 13:05:35.840201,,,,0,75,,False,,
ChIJjaKqH13Lj4AR2ApxFJXKNaU,Art Boutiki Music Hall,891a8e1790725cb24d123157d41bfd7b,5,,a month ago,2024-02-29 13:05:35.842209,,,,0,25,4,True,,
ChIJjaKqH13Lj4AR2ApxFJXKNaU,Art Boutiki Music Hall,562a8c24f821507ddc196241d76d3f33,5,Balkan Comedy Night was a blast! Perfect size crowd for a relaxing night of comedy. Parking was not as difficult as I expected.,a month ago,2024-02-29 13:05:35.844402,,,,0,9,4,False,,
ChIJjaKqH13Lj4AR2ApxFJXKNaU,Art Boutiki Music Hall,399ecbbe316495d3da4d839f79e3f21f,5,"Really neat little venue for live music in San Jose.  This is a very unusual space, with a quirky little shop out front. They sell a broad variety of interesting items,  ranging from comic books to t-shirts, posters and random, humorous curiosities.  Behind the shop is the actual music hall.  This is a cozy little venue that holds maybe 150-200 people. Great sight lines to the stage, which sits in front of a wall covered by hundreds of really cool album covers. They have an excellent variety of beers available from local breweries like Almanac and Drakes. There is also a tiny kitchen that serves some yummy snacks.",2 months ago,2024-01-29 13:05:35.846628,,,,0,347,330,True,,
ChIJjaKqH13Lj4AR2ApxFJXKNaU,Art Boutiki Music Hall,161127c850faf3a4132ebaf06dec3ae6,5,,2 months ago,2024-01-29 13:05:35.848627,,,,0,5,,True,,
ChIJjaKqH13Lj4AR2ApxFJXKNaU,Art Boutiki Music Hall,4cec266adc9fdcd9a34fb8f9bd4a951b,5,"Small, neighborhood music venue.",2 months ago,2024-01-29 13:05:35.850448,,,,0,73,86,True,,
ChIJjaKqH13Lj4AR2ApxFJXKNaU,Art Boutiki Music Hall,b5b9492c13fe24e9a750939632b73a75,5,,3 months ago,2023-12-29 13:05:36.412949,,,,0,1,,False,,
ChIJjaKqH13Lj4AR2ApxFJXKNaU,Art Boutiki Music Hall,a67d35c6593d322b1ac67e4c0a5a4820,5,"Art Boutiki is the best place to see a band play. It s intimate, the bands are great, and it s comfortable.",3 months ago,2023-12-29 13:05:36.414378,,,,0,5,,False,,
ChIJjaKqH13Lj4AR2ApxFJXKNaU,Art Boutiki Music Hall,d31da65cce7c100e745222316a3065a8,5,Awesome music by Individuo!!! They Rock!!!,3 months ago,2023-12-29 13:05:36.415832,,,,0,17,528,True,,
ChIJjaKqH13Lj4AR2ApxFJXKNaU,Art Boutiki Music Hall,7e838949bcee5eca301ce49cb5d4fee5,4,Good time.,3 months ago,2023-12-29 13:05:36.417352,,,,0,2,,False,,
ChIJjaKqH13Lj4AR2ApxFJXKNaU,Art Boutiki Music Hall,21c178e4f27589ae97db35b3d1261e17,5,,4 months ago,2023-11-29 13:05:36.418768,,,,0,,,,,
ChIJjaKqH13Lj4AR2ApxFJXKNaU,Art Boutiki Music Hall,cf7f31ccecf3075325afb83146af6348,5,"A friend invited me to a show here a couple of weeks ago. Im used to going to shows in smaller bars with absolutely no seating so the couches and other seats were much appreciated by me and my little group as we quickly claimed one of them as ours for the night. The atmosphere was very enjoyable, and they had really good lighting/stage effects for the bands that were playing that night. I would say really fun venue and bands. That night We saw Vudu Caravan (ig vuducaravanband), La Sombra (ig lasombra.noise), and Dead Engine (ig deadenginetheband)",4 months ago,2023-11-29 13:05:36.420042,"Thanks for the kind review, I hope we see you again at another show.",4 months ago,2023-11-29 13:05:36.420042,0,16,13,True,,
ChIJjaKqH13Lj4AR2ApxFJXKNaU,Art Boutiki Music Hall,e2014d3f3d8b00498bd24061722b29d3,5,,5 months ago,2023-10-29 13:05:36.421576,,,,0,28,22,True,,
ChIJjaKqH13Lj4AR2ApxFJXKNaU,Art Boutiki Music Hall,9f35fe8095200d828d42a47aec3cd93b,5,"Always fun.  Great bands, comic, folks and team. Fun and friendly crowd.",5 months ago,2023-10-29 13:05:36.422799,,,,0,182,47,True,,
ChIJjaKqH13Lj4AR2ApxFJXKNaU,Art Boutiki Music Hall,e7f2bbf7f73837073e8eb86019093823,4,,6 months ago,2023-09-29 13:05:36.424197,,,,0,13,,True,,
ChIJjaKqH13Lj4AR2ApxFJXKNaU,Art Boutiki Music Hall,009715bee669f23047acb107214511f3,5,"After 20 or more events that my wife and I had the pleasure of attending, weve enjoyed every single one! I would love to experience live music here every chance I get!! The atmosphere, the friendly staff, the very reasonable price of every event that we were able to go to and the location making it a short drive from the south bay area, which means that this has become my favorite place for music! Thank you.",6 months ago,2023-09-29 13:05:36.425337,,,,0,2,,False,,
ChIJjaKqH13Lj4AR2ApxFJXKNaU,Art Boutiki Music Hall,dbb3a7d61fccf48a51b3a6e2f74ac3e3,4,,6 months ago,2023-09-29 13:05:36.930791,,,,0,1108,294,True,,
ChIJjaKqH13Lj4AR2ApxFJXKNaU,Art Boutiki Music Hall,e88712027105c2d46a34340ee4ebca9b,5,,6 months ago,2023-09-29 13:05:36.933473,,,,0,3,,False,,
ChIJjaKqH13Lj4AR2ApxFJXKNaU,Art Boutiki Music Hall,87652492d8c65feb882b041bbb63b069,2,"It s a former comic-gaming store that s using the stage for the usual stage purposes now.  Small venue using banquet hall chairs (with a few sofas picked up from the side of the road strewn on the sides), tragic from-frozen snacks, and of course overpriced alcohol. I went to see comedy, maybe better floor plan for music (and less need for libations).",7 months ago,2023-08-29 13:05:36.935490,,,,0,29,19,False,,
ChIJjaKqH13Lj4AR2ApxFJXKNaU,Art Boutiki Music Hall,56e91845950756bf59294713dfe3e9cc,5,Such a fun spot!!,7 months ago,2023-08-29 13:05:36.937674,,,,0,87,143,True,,
ChIJjaKqH13Lj4AR2ApxFJXKNaU,Art Boutiki Music Hall,52a4b79403e702aa1036d2d9e268163d,5,"Great, uniquely San Jose venue.  Part comic shop, part bar, part music/film spot.",7 months ago,2023-08-29 13:05:36.940161,,,,0,10,9,False,,
ChIJjaKqH13Lj4AR2ApxFJXKNaU,Art Boutiki Music Hall,b4f2bf04cda69830334f86c56c2ac3d7,5,,8 months ago,2023-07-29 13:05:36.942848,,,,0,30,3,True,,
ChIJjaKqH13Lj4AR2ApxFJXKNaU,Art Boutiki Music Hall,46dc151d15ce15fbb3e591a914665892,5,,9 months ago,2023-06-29 13:05:36.945459,,,,0,,,,,
ChIJjaKqH13Lj4AR2ApxFJXKNaU,Art Boutiki Music Hall,0de12a03f83cfaa1f74c17f0fe1ecbcc,5,Great place to see live music,9 months ago,2023-06-29 13:05:36.947818,,,,0,215,1115,True,,
ChIJjaKqH13Lj4AR2ApxFJXKNaU,Art Boutiki Music Hall,ff935b10b3750308dd2952e9b71b716c,5,,10 months ago,2023-05-29 13:05:36.950620,,,,0,26,63,True,,
ChIJjaKqH13Lj4AR2ApxFJXKNaU,Art Boutiki Music Hall,28731309b46fb7220c958b4773dea15e,5,,11 months ago,2023-04-29 13:05:36.953101,,,,0,36,,False,,
ChIJjaKqH13Lj4AR2ApxFJXKNaU,Art Boutiki Music Hall,1797b63aff6db62e5393527a21efee6a,5,,a year ago,2023-03-29 13:05:37.436569,,,,0,7,4,False,,
ChIJjaKqH13Lj4AR2ApxFJXKNaU,Art Boutiki Music Hall,cbb0911b7805413a07ade814899a950d,5,,a year ago,2023-03-29 13:05:37.439601,,,,0,407,1160,True,,
ChIJjaKqH13Lj4AR2ApxFJXKNaU,Art Boutiki Music Hall,5f261bd33221bd183449854a97598872,4,Came here to check out some live in music. Has a cool vibe.  Seriously need to do some dusting on your lobby area shelves though.  I pulled out a book to read and almost choked.,a year ago,2023-03-29 13:05:37.442316,,,,2,151,81,True,,
ChIJjaKqH13Lj4AR2ApxFJXKNaU,Art Boutiki Music Hall,1b5cc0782c6858085411b153ac8f0336,5,,a year ago,2023-03-29 13:05:37.446245,,,,0,4,,False,,
ChIJjaKqH13Lj4AR2ApxFJXKNaU,Art Boutiki Music Hall,1efbebad291236c60fff65aff06bfc24,5,"Part store, part music hall, filled with curiosities and memorabilia. Great place for live music, although the plastic wedding chairs get old in the butt. Wine, beer and small bites available. Parking stinks in the neighborhood, so get a ride or take the 22, 522, or 64B bus to get there.",a year ago,2023-03-29 13:05:37.448907,,,,1,398,371,True,,
ChIJjaKqH13Lj4AR2ApxFJXKNaU,Art Boutiki Music Hall,94e2fe85bbab14f17eb0d2e03708b2c7,5,,a year ago,2023-03-29 13:05:37.451773,,,,0,4,,False,,
ChIJjaKqH13Lj4AR2ApxFJXKNaU,Art Boutiki Music Hall,991502193a87483c77f581bcb37edc2f,5,Nice environnment!,a year ago,2023-03-29 13:05:37.454127,,,,0,65,38,True,,
ChIJjaKqH13Lj4AR2ApxFJXKNaU,Art Boutiki Music Hall,63bc401aaaae66b3efdc5d2ae9db1de9,3,"Sound, lighting, stage is great. Not enough seating, we were not informed prior to purchasing a ticket that majority of guests would be standing.  Limited wine and beer selection. Difficult to find parking.",a year ago,2023-03-29 13:05:37.457020,,,,0,1,,False,,
ChIJjaKqH13Lj4AR2ApxFJXKNaU,Art Boutiki Music Hall,c62e4dd311791d185d529f6a3793e388,5,,a year ago,2023-03-29 13:05:37.459769,,,,0,50,9,True,,
ChIJjaKqH13Lj4AR2ApxFJXKNaU,Art Boutiki Music Hall,96d03f1798fc856901d1ade533b9f39e,5,"Fun spot for live music. One of those places that you will see a band that one day makes it big and you will say, I saw that band at a cool little spot in San Jose one night. Beer, wine, and quality sodas available as well as some hot food on the night we went. Front of the space is a comics/record store.",a year ago,2023-03-29 13:05:37.462152,,,,5,64,16,False,,
ChIJjaKqH13Lj4AR2ApxFJXKNaU,Art Boutiki Music Hall,459288707448ebebf14da8bf31a0ea54,5,,a year ago,2023-03-29 13:05:37.984819,,,,0,10,,False,,
ChIJjaKqH13Lj4AR2ApxFJXKNaU,Art Boutiki Music Hall,94d929ee664df9cff69d3995e3850308,5,,a year ago,2023-03-29 13:05:37.987161,,,,0,6,,False,,
ChIJjaKqH13Lj4AR2ApxFJXKNaU,Art Boutiki Music Hall,3f1f2fd96fccde986f2e97dc9dbf1233,5,One a very few places where music loving dogs can hang out. Nice sounding room too.,a year ago,2023-03-29 13:05:37.989555,,,,0,35,33,True,,
ChIJjaKqH13Lj4AR2ApxFJXKNaU,Art Boutiki Music Hall,77267330115e974c0c9b9334568e008f,5,"This place is a hidden gem. A non-assuming comic book shop opens into a wonderful all-ages music hall. Beer, wine, food, and some of the best local bands the Bay Area has to offer!",a year ago,2023-03-29 13:05:37.992595,,,,0,20,1,True,,
ChIJjaKqH13Lj4AR2ApxFJXKNaU,Art Boutiki Music Hall,75f458c083fee17784f577853c936a9e,5,,a year ago,2023-03-29 13:05:37.995560,,,,0,57,742,True,,
ChIJjaKqH13Lj4AR2ApxFJXKNaU,Art Boutiki Music Hall,b02a50af1481885dbce4143b7d454a08,5,I absolutely LOVE this place. Great venue for live music plus its a great comic book store plus they have all kinds of great art and other cool stuff.,a year ago,2023-03-29 13:05:37.998187,,,,0,65,23,False,,
ChIJjaKqH13Lj4AR2ApxFJXKNaU,Art Boutiki Music Hall,bba37202be0dc2fb6881b8721cda13a2,5,,a year ago,2023-03-29 13:05:38.000890,,,,0,163,79,True,,
ChIJjaKqH13Lj4AR2ApxFJXKNaU,Art Boutiki Music Hall,7d5b09762cd5a405bcf2c426fa6ec47e,5,I been here multiple times to see different groups but mainly the nightcaps.. Definitely a cool place to hang out with friends and enjoy a bit of music!,a year ago,2023-03-29 13:05:38.003092,,,,0,66,15,True,,
ChIJjaKqH13Lj4AR2ApxFJXKNaU,Art Boutiki Music Hall,619bbabe16405a4a66d469d6d01bc2fc,5,,a year ago,2023-03-29 13:05:38.005564,,,,0,10,8,True,,
ChIJjaKqH13Lj4AR2ApxFJXKNaU,Art Boutiki Music Hall,38be4e8ec63a853352f82b7ff9aaba21,5,,a year ago,2023-03-29 13:05:38.007747,,,,0,22,,True,,
ChIJjaKqH13Lj4AR2ApxFJXKNaU,Art Boutiki Music Hall,d894cdee363249b90218a9c031d6e03a,5,,a year ago,2023-03-29 13:05:38.555957,,,,0,54,14,True,,
ChIJjaKqH13Lj4AR2ApxFJXKNaU,Art Boutiki Music Hall,b27043be8f424ceb777e88efe5371ddf,5,Great little venue with good vibes. Check out a show here!,a year ago,2023-03-29 13:05:38.558851,,,,3,66,94,True,,
ChIJjaKqH13Lj4AR2ApxFJXKNaU,Art Boutiki Music Hall,ad8e8d6fba356e9c00131c0e93351aba,5,"Awesome venue tucked behind a bookstore. Got couches and drinks, its sick. Guaranteed good time.",a year ago,2023-03-29 13:05:38.561019,,,,0,394,470,True,,
ChIJjaKqH13Lj4AR2ApxFJXKNaU,Art Boutiki Music Hall,2fb29d091680c46b113c2a5155a3f288,5,"Funky, quirky comic shop cum live music venue. A laid back different world. Come on down and hang out, I say as I lounge in one of the couches and drink a stout and listen to the live band",a year ago,2023-03-29 13:05:38.563173,,,,0,17,5,False,,
ChIJjaKqH13Lj4AR2ApxFJXKNaU,Art Boutiki Music Hall,b569ea6e3f7fb9485441053b948ce859,5,Nice atmosphere. Looking forward to check out this future events.,a year ago,2023-03-29 13:05:38.565235,,,,0,36,179,True,,
ChIJjaKqH13Lj4AR2ApxFJXKNaU,Art Boutiki Music Hall,044cbf1b734d7efe9456ce6e4044cbf2,5,,a year ago,2023-03-29 13:05:38.567351,,,,0,27,7,True,,
ChIJjaKqH13Lj4AR2ApxFJXKNaU,Art Boutiki Music Hall,a7a8a9717fc7e59b25f0cdad48d30a93,5,"Good vibes, kickin music, amazing art and comics. Plus they serve beer!",a year ago,2023-03-29 13:05:38.569204,,,,0,56,13,True,,
ChIJjaKqH13Lj4AR2ApxFJXKNaU,Art Boutiki Music Hall,988e2d4972ce7ecb542107ce48c6b2b5,5,Magical music venue. Good sound. Colorful!,a year ago,2023-03-29 13:05:38.571410,,,,1,8,2,False,,
ChIJjaKqH13Lj4AR2ApxFJXKNaU,Art Boutiki Music Hall,abf3923f52828af1f75853c7b300f4c0,5,Probably the best live performance venue of this size in San Jose. Truly wonderful.,a year ago,2023-03-29 13:05:38.573470,,,,0,66,16,True,,
ChIJjaKqH13Lj4AR2ApxFJXKNaU,Art Boutiki Music Hall,754c8fd13c4ac16cb775b8acb34f62cc,5,,a year ago,2023-03-29 13:05:38.575593,,,,0,6,3,True,,
ChIJjaKqH13Lj4AR2ApxFJXKNaU,Art Boutiki Music Hall,5987a2320fd3fe6ef72a470a79431e72,5,,a year ago,2023-03-29 13:05:39.085170,,,,0,212,369,True,,
ChIJjaKqH13Lj4AR2ApxFJXKNaU,Art Boutiki Music Hall,7a8b8da8e7a58400e26cea00329e5518,5,Awesome local venue. Tip your bartender.,2 years ago,2022-03-29 13:05:39.087484,,,,0,45,8,True,,
ChIJjaKqH13Lj4AR2ApxFJXKNaU,Art Boutiki Music Hall,2af41d54274e91c168eb91e1b6bc87ee,5,great comfy atmosphere for live shows!,2 years ago,2022-03-29 13:05:39.090435,,,,0,18,16,True,,
ChIJjaKqH13Lj4AR2ApxFJXKNaU,Art Boutiki Music Hall,4c043fab1719ebf34482232efba9059a,5,"Beautiful venue, stage, and lighting. Great audio/video setup for recording/streaming.",2 years ago,2022-03-29 13:05:39.093645,,,,2,174,16581,True,,
ChIJjaKqH13Lj4AR2ApxFJXKNaU,Art Boutiki Music Hall,08f9cdfc8d429d35c3abe560b11d82d8,5,,2 years ago,2022-03-29 13:05:39.096086,,,,0,8,,False,,
ChIJjaKqH13Lj4AR2ApxFJXKNaU,Art Boutiki Music Hall,04252cd4b2cf9f5c901d03e71606da10,5,,2 years ago,2022-03-29 13:05:39.098139,,,,0,44,103,False,,
ChIJjaKqH13Lj4AR2ApxFJXKNaU,Art Boutiki Music Hall,45719ac5201466facdaabd0e7d832733,5,"Dan, the owner, is just awesome. We work with him to create merch and do drop shipping. Hes made the entire process as smooth as possible.  I appreciate him and look forward to continuing to work with him.",2 years ago,2022-03-29 13:05:39.100220,,,,0,49,8,True,,
ChIJjaKqH13Lj4AR2ApxFJXKNaU,Art Boutiki Music Hall,b8f9b8d46be76e0601cde25d9c259dae,5,Great venue,2 years ago,2022-03-29 13:05:39.103485,,,,0,38,99,True,,
ChIJjaKqH13Lj4AR2ApxFJXKNaU,Art Boutiki Music Hall,840cfdb7f6b0aeb02d985c6961dd0bb3,5,Cool art area!,2 years ago,2022-03-29 13:05:39.106114,,,,0,529,245,True,,
ChIJjaKqH13Lj4AR2ApxFJXKNaU,Art Boutiki Music Hall,262ae8c11e942953fe67c5a1d7a53c56,5,Pretty cool place. I went there for the Homage exhibit. The main room/stage area was very inviting. Liked all the art around as well,2 years ago,2022-03-29 13:05:39.108611,,,,0,249,25,True,,
ChIJjaKqH13Lj4AR2ApxFJXKNaU,Art Boutiki Music Hall,245cb20e9d9dba123a976a056c94d215,5,,2 years ago,2022-03-29 13:05:39.610025,,,,0,33,142,False,,
ChIJjaKqH13Lj4AR2ApxFJXKNaU,Art Boutiki Music Hall,a31a01ed72d0d4403be7d1b3d5741790,5,,2 years ago,2022-03-29 13:05:39.613474,,,,0,4,,True,,
ChIJjaKqH13Lj4AR2ApxFJXKNaU,Art Boutiki Music Hall,ef6ef8b8b80426409f76b26fe62fe638,5,,2 years ago,2022-03-29 13:05:39.616641,,,,0,5,1,False,,
ChIJjaKqH13Lj4AR2ApxFJXKNaU,Art Boutiki Music Hall,c9661be7008fcf1665cd8095c0a4dab5,5,"Good food, tasty drinks and really good and friendly service. Will be back!",3 years ago,2021-03-29 13:05:39.619718,,,,0,17,10,True,,
ChIJjaKqH13Lj4AR2ApxFJXKNaU,Art Boutiki Music Hall,d08147812fbd1f93f2e3739303f09c19,5,"There is nothing like Art Boutiki anywhere in the Bay Area. This is a one of a kind, all ages, music venue with tons of geeky and amazing comic books for sale in the front of the house. An incredible combination, I know. But it just works The quality of musical acts are second to none and the sound system is awesome. The crowd here is great and they sell decent food, wine, beer, soft drinks. You gotta see this place to understand its true awesomeness. Support this local music venue, it is a rare gem.",3 years ago,2021-03-29 13:05:39.623532,,,,1,49,138,True,,
ChIJjaKqH13Lj4AR2ApxFJXKNaU,Art Boutiki Music Hall,330776860bd6203be2efa7c5d8f524be,5,Fun and chill.  Great venue for tons of indie bands!!,4 years ago,2020-03-29 13:05:39.626333,,,,0,62,21,True,,
ChIJjaKqH13Lj4AR2ApxFJXKNaU,Art Boutiki Music Hall,eb5f2c579a45cd785bf64ece6d9fe62d,5,"The bands were great, and sitting in lounge chairs was a unique experience",4 years ago,2020-03-29 13:05:39.629499,,,,0,55,143,True,,
ChIJjaKqH13Lj4AR2ApxFJXKNaU,Art Boutiki Music Hall,0c795cc9b114353dca85346e93931928,5,Great place to listen to great music,4 years ago,2020-03-29 13:05:39.632396,,,,0,9,,False,,
ChIJjaKqH13Lj4AR2ApxFJXKNaU,Art Boutiki Music Hall,8bfe45648d888bcf81ce2fa49d24f3f8,5,,4 years ago,2020-03-29 13:05:39.634994,,,,0,24,33,True,,
ChIJjaKqH13Lj4AR2ApxFJXKNaU,Art Boutiki Music Hall,efef106b6365b1402aa81b9b68196fc2,5,,4 years ago,2020-03-29 13:05:39.637129,,,,0,31,153,True,,
ChIJjaKqH13Lj4AR2ApxFJXKNaU,Art Boutiki Music Hall,e51a471e85585204ebc6c85632c432e4,5,This place is funky with great music and atmosphere,4 years ago,2020-03-29 13:05:40.096925,,,,0,43,1,True,,
ChIJjaKqH13Lj4AR2ApxFJXKNaU,Art Boutiki Music Hall,00dd91bc33b4ebf8755ddce6482427d8,5,Love the venue!,4 years ago,2020-03-29 13:05:40.099969,,,,0,27,2,True,,
ChIJjaKqH13Lj4AR2ApxFJXKNaU,Art Boutiki Music Hall,bb1f3df6d992e17b69fa30fb2548f61c,4,,4 years ago,2020-03-29 13:05:40.102558,,,,0,40,14,True,,
ChIJjaKqH13Lj4AR2ApxFJXKNaU,Art Boutiki Music Hall,a5e915700691fd58abe3e59389dd9e7d,5,,4 years ago,2020-03-29 13:05:40.104750,,,,0,19,34,True,,
ChIJjaKqH13Lj4AR2ApxFJXKNaU,Art Boutiki Music Hall,ec276794ad3105952ed0d23a40fe0be2,5,,4 years ago,2020-03-29 13:05:40.106889,,,,0,,,,,
ChIJjaKqH13Lj4AR2ApxFJXKNaU,Art Boutiki Music Hall,e852ff65cf66768565c47c76f95d68b8,5,,4 years ago,2020-03-29 13:05:40.108853,,,,0,2,,False,,
ChIJjaKqH13Lj4AR2ApxFJXKNaU,Art Boutiki Music Hall,2b6dbc9e1548c7f04a6908c2bdd47f99,5,,4 years ago,2020-03-29 13:05:40.110585,,,,0,1,,False,,
ChIJjaKqH13Lj4AR2ApxFJXKNaU,Art Boutiki Music Hall,d82702bc85908e977541707c9d9e6ea3,5,,4 years ago,2020-03-29 13:05:40.112313,,,,0,1,,False,,
ChIJjaKqH13Lj4AR2ApxFJXKNaU,Art Boutiki Music Hall,f519599a3724d580d831795c9b77fb5a,5,,4 years ago,2020-03-29 13:05:40.114038,,,,0,2,,False,,
ChIJjaKqH13Lj4AR2ApxFJXKNaU,Art Boutiki Music Hall,6b3e4737fedcf4b56c32e3dfd6d95bb1,5,,4 years ago,2020-03-29 13:05:40.115764,,,,0,2,,True,,
ChIJjaKqH13Lj4AR2ApxFJXKNaU,Art Boutiki Music Hall,5c78f9b41ce9c8f0ddd287b957e1c1a2,5,Nice small venue. Lots a character,4 years ago,2020-03-29 13:05:40.648798,,,,0,57,79,True,,
ChIJjaKqH13Lj4AR2ApxFJXKNaU,Art Boutiki Music Hall,b4f0890e7efc0e70388610ffa5f3f151,5,,4 years ago,2020-03-29 13:05:40.652499,,,,0,8,,False,,
ChIJjaKqH13Lj4AR2ApxFJXKNaU,Art Boutiki Music Hall,ac7cf13f4d80bef2f7e787a3385d9abd,5,Super thanks,4 years ago,2020-03-29 13:05:40.655153,,,,0,78,105,True,Supa dank,
ChIJjaKqH13Lj4AR2ApxFJXKNaU,Art Boutiki Music Hall,d1d274af4562020f5f980cb70123033a,5,,4 years ago,2020-03-29 13:05:40.658344,,,,0,1,,False,,
ChIJjaKqH13Lj4AR2ApxFJXKNaU,Art Boutiki Music Hall,b7a9164cff603f9d610a61234c1f2008,5,"Fantastic old school live music venue with comfy couches, food and drink.  A very nice crowd and owners makes it my favorite local jazz club.",4 years ago,2020-03-29 13:05:40.660667,,,,0,57,,True,,
ChIJjaKqH13Lj4AR2ApxFJXKNaU,Art Boutiki Music Hall,752dbc081c97a4d8da5ec6b5f4445037,5,saw a concert there tonight it was amazing the have a great light set up and very sick art,4 years ago,2020-03-29 13:05:40.663228,,,,1,6,2,False,,
ChIJjaKqH13Lj4AR2ApxFJXKNaU,Art Boutiki Music Hall,cb30e07f24f620a8abfd098476e8f76e,5,"Great venue for up and coming local acts. Good sound, too.",4 years ago,2020-03-29 13:05:40.665549,,,,0,38,374,True,,
ChIJjaKqH13Lj4AR2ApxFJXKNaU,Art Boutiki Music Hall,b9d87f065fb97a02d016aa9ed0555610,5,"Its got everything! Food, drinks, comics,  live music! New favorite place for sure.",4 years ago,2020-03-29 13:05:40.667941,,,,0,175,37,True,,
ChIJjaKqH13Lj4AR2ApxFJXKNaU,Art Boutiki Music Hall,6eadb92f2bee7369cef0ac989ec14dd2,5,Great venue.,4 years ago,2020-03-29 13:05:40.670298,,,,0,21,,False,,
ChIJjaKqH13Lj4AR2ApxFJXKNaU,Art Boutiki Music Hall,18f2a08d86a0ff6ff0a5b37ae59e4d23,5,This is a beautiful place,4 years ago,2020-03-29 13:05:40.672673,,,,0,30,47,False,,
ChIJjaKqH13Lj4AR2ApxFJXKNaU,Art Boutiki Music Hall,66c5635fb798b5c490ab6690bbf757de,5,What a cool atmosphere! The acoustics were phenomenal. Cant wait to go to see another show there. And always love art. A true gem.,4 years ago,2020-03-29 13:05:41.159640,,,,0,4,89,False,,
ChIJjaKqH13Lj4AR2ApxFJXKNaU,Art Boutiki Music Hall,81fb58a5c92e078bcbe0bbd4d7ace891,5,,4 years ago,2020-03-29 13:05:41.164478,,,,0,3,,True,,
ChIJjaKqH13Lj4AR2ApxFJXKNaU,Art Boutiki Music Hall,71fa03e376753a125656741201ce2f55,5,,4 years ago,2020-03-29 13:05:41.167790,,,,0,3,2583,True,,
ChIJjaKqH13Lj4AR2ApxFJXKNaU,Art Boutiki Music Hall,532c9feccf355dd3e02cba78288942b9,4,,4 years ago,2020-03-29 13:05:41.170856,,,,0,44,140,True,,
ChIJjaKqH13Lj4AR2ApxFJXKNaU,Art Boutiki Music Hall,049ea086cb7e4d1ce2c430cf3824aec1,5,Great local music venue,4 years ago,2020-03-29 13:05:41.174093,,,,0,62,468,True,,
ChIJjaKqH13Lj4AR2ApxFJXKNaU,Art Boutiki Music Hall,e8fa295e86137e15092ea240532eaebc,5,"Fun place filled with comic books, toys, tees and cool finds in the front, and a large back room for bands to play in the back! Great selection of strong beers in the back, where you can meetup with friends and relax on velvet couches while listening to awesome live bands. Ive never gone when no one was performing. But Ive heard they print shirts in the back back area!",4 years ago,2020-03-29 13:05:41.177523,,,,0,139,4,True,,
ChIJjaKqH13Lj4AR2ApxFJXKNaU,Art Boutiki Music Hall,898cb657579055c2d630c306c3f24043,4,,4 years ago,2020-03-29 13:05:41.180177,,,,0,157,57,True,,
ChIJjaKqH13Lj4AR2ApxFJXKNaU,Art Boutiki Music Hall,72de86c3cddbbcd6c3cb56ccb46886fd,5,,4 years ago,2020-03-29 13:05:41.182675,,,,0,1,,False,,
ChIJjaKqH13Lj4AR2ApxFJXKNaU,Art Boutiki Music Hall,e3b69a75a997a4299c930172b7f47899,5,,4 years ago,2020-03-29 13:05:41.184990,,,,0,3,,False,,
ChIJjaKqH13Lj4AR2ApxFJXKNaU,Art Boutiki Music Hall,563e28df0258788d82ffff3e66dff0b9,5,Great place to hear live music!,4 years ago,2020-03-29 13:05:41.187303,,,,0,3,,False,,
ChIJjaKqH13Lj4AR2ApxFJXKNaU,Art Boutiki Music Hall,a2332f4e813344d3429f0f2c25f43b5d,2,Not impressed by this place.,4 years ago,2020-03-29 13:05:41.704184,,,,0,26,8,True,,
ChIJjaKqH13Lj4AR2ApxFJXKNaU,Art Boutiki Music Hall,bf04531b726edfe4cd821f96c8432bdd,5,,4 years ago,2020-03-29 13:05:41.708314,,,,0,1,,False,,
ChIJjaKqH13Lj4AR2ApxFJXKNaU,Art Boutiki Music Hall,ee37bc787852c07d17e8436967f940be,5,,4 years ago,2020-03-29 13:05:41.711209,,,,0,92,715,True,,
ChIJjaKqH13Lj4AR2ApxFJXKNaU,Art Boutiki Music Hall,32aa536ab52dd515e14c19e9254cc5ae,5,,4 years ago,2020-03-29 13:05:41.714817,,,,0,2,1,False,,
ChIJjaKqH13Lj4AR2ApxFJXKNaU,Art Boutiki Music Hall,e99be8430cf9179de495062e6fce1f10,5,,4 years ago,2020-03-29 13:05:41.717537,,,,0,2,4,False,,
ChIJjaKqH13Lj4AR2ApxFJXKNaU,Art Boutiki Music Hall,34bf338130c0ade68fb0671b9945bc81,5,,4 years ago,2020-03-29 13:05:41.719937,,,,0,4,,False,,
ChIJjaKqH13Lj4AR2ApxFJXKNaU,Art Boutiki Music Hall,16eda4a1b12f624360806c5b14af05e1,4,,4 years ago,2020-03-29 13:05:41.722272,,,,0,1,,False,,
ChIJjaKqH13Lj4AR2ApxFJXKNaU,Art Boutiki Music Hall,238c9e5e68955bac38a5d5d80f420e9b,5,"Great venue, happy atmosphere",4 years ago,2020-03-29 13:05:41.724628,,,,0,6,,False,,
ChIJjaKqH13Lj4AR2ApxFJXKNaU,Art Boutiki Music Hall,4361e8f5de50d575d49f6b442bb16474,4,Great venue!!  Located at the back of a comic book store that you have to go through.  Easy to miss but dont turn away from it either.  Its a small venue with good acoustics and they do have a bar.,4 years ago,2020-03-29 13:05:41.727250,,,,0,39,10,True,,
ChIJjaKqH13Lj4AR2ApxFJXKNaU,Art Boutiki Music Hall,0261e2140a35d5ad8287be3e1e26ce30,5,,4 years ago,2020-03-29 13:05:41.730077,,,,0,41,,False,,
ChIJjaKqH13Lj4AR2ApxFJXKNaU,Art Boutiki Music Hall,b0b734d82f7054ff86189513472eafa5,5,,4 years ago,2020-03-29 13:05:42.228986,,,,0,2,,True,,
ChIJjaKqH13Lj4AR2ApxFJXKNaU,Art Boutiki Music Hall,791f178994830d1b5151adf951188968,5,,4 years ago,2020-03-29 13:05:42.231066,,,,0,2,137,True,,
ChIJjaKqH13Lj4AR2ApxFJXKNaU,Art Boutiki Music Hall,1893d66871d88943a6988c49ddd7d785,5,,4 years ago,2020-03-29 13:05:42.232561,,,,0,11,,False,,
ChIJjaKqH13Lj4AR2ApxFJXKNaU,Art Boutiki Music Hall,2ad08802e54ac74b0bd5a26f61a35632,5,,4 years ago,2020-03-29 13:05:42.233932,,,,0,2,,False,,
ChIJjaKqH13Lj4AR2ApxFJXKNaU,Art Boutiki Music Hall,8eea288e2cdd6b2158e0e1844676d710,5,Loved it! Sound was great. People friendly. Wonderful ambiance. Show was a pure delight-fantastic!,4 years ago,2020-03-29 13:05:42.235296,,,,0,7,1,False,,
ChIJjaKqH13Lj4AR2ApxFJXKNaU,Art Boutiki Music Hall,1a69cff9d7275a5dae29259a52a5022e,4,Cool vibe,4 years ago,2020-03-29 13:05:42.236884,,,,0,5,14,True,,
ChIJjaKqH13Lj4AR2ApxFJXKNaU,Art Boutiki Music Hall,3dec0b4b0fe40107c304cef81e18774c,5,Nice place nice venue for live music. I was there for a fundraiser with Afrkan Jamaal Davis. From kkup 91.5 in San Jose. For his non  Profit Orgnization to help Youth in learn  music education.  Nice show great artist. ThkS Afrkan Crystal,4 years ago,2020-03-29 13:05:42.238517,,,,0,85,317,True,,
ChIJjaKqH13Lj4AR2ApxFJXKNaU,Art Boutiki Music Hall,98b6c8abdb99a52ea0e809bb27eb5089,5,"Neighborhood Gem. Cozy, intimate space for music events, open mic nights.",4 years ago,2020-03-29 13:05:42.240432,,,,0,61,549,True,,
ChIJjaKqH13Lj4AR2ApxFJXKNaU,Art Boutiki Music Hall,1c3a3ab3d70a33606b1764c9d54db0f1,4,,4 years ago,2020-03-29 13:05:42.242059,,,,0,14,9,False,,
ChIJjaKqH13Lj4AR2ApxFJXKNaU,Art Boutiki Music Hall,b263e355ccaa0618c82a999cf79ae2dd,5,,4 years ago,2020-03-29 13:05:42.243465,,,,0,,,,,
ChIJjaKqH13Lj4AR2ApxFJXKNaU,Art Boutiki Music Hall,ef46285cdb1982bb948ceb59be522297,5,Great venue for music and theres a comic book store in front. What more could you want?,4 years ago,2020-03-29 13:05:42.757318,,,,0,64,16,True,,
ChIJjaKqH13Lj4AR2ApxFJXKNaU,Art Boutiki Music Hall,6cd36627f28ad7c80c07b3e908a041df,5,"So much fun, highly recommend for parties of all kinds, birthdays, congratulations parties, anything you can imagine!!!",4 years ago,2020-03-29 13:05:42.760989,,,,0,17,5,True,,
ChIJjaKqH13Lj4AR2ApxFJXKNaU,Art Boutiki Music Hall,005b8e8db62aad8d03b8fe1a7740fc27,5,AWESOME venue.,4 years ago,2020-03-29 13:05:42.762915,,,,0,94,18,True,,
ChIJjaKqH13Lj4AR2ApxFJXKNaU,Art Boutiki Music Hall,937eb41723edc6de3665dd9486c6f76d,5,A fun place with the sweetest staff,4 years ago,2020-03-29 13:05:42.764946,,,,0,241,148,True,,
ChIJjaKqH13Lj4AR2ApxFJXKNaU,Art Boutiki Music Hall,46569c4d52e71a3bfd8eef9fcb457c66,5,,4 years ago,2020-03-29 13:05:42.766889,,,,0,15,48,True,,
ChIJjaKqH13Lj4AR2ApxFJXKNaU,Art Boutiki Music Hall,e0c7dda7c2a26204363f029269716536,5,,4 years ago,2020-03-29 13:05:42.768906,,,,0,10,2,False,,
ChIJjaKqH13Lj4AR2ApxFJXKNaU,Art Boutiki Music Hall,ea6d43751fe2275e27fd7e4e45ccead0,5,,4 years ago,2020-03-29 13:05:42.770514,,,,0,2,,False,,
ChIJjaKqH13Lj4AR2ApxFJXKNaU,Art Boutiki Music Hall,ddd6932ce21673a90d202fbf9ca99858,5,,4 years ago,2020-03-29 13:05:42.772074,,,,0,4,,False,,
ChIJjaKqH13Lj4AR2ApxFJXKNaU,Art Boutiki Music Hall,0655fb9b1a5e9448d358face66d5d4a4,4,,4 years ago,2020-03-29 13:05:42.773591,,,,0,54,8,True,,
ChIJjaKqH13Lj4AR2ApxFJXKNaU,Art Boutiki Music Hall,db305b3f7e91f40a5a31695469181ad7,5,Great music venue and boutique.,4 years ago,2020-03-29 13:05:42.775103,,,,0,47,11,True,,
ChIJjaKqH13Lj4AR2ApxFJXKNaU,Art Boutiki Music Hall,f3d1e08613b6fd20c1717456216a5444,5,Love Love Love this Lil get down we attend or attempt to once a month.. It was an idea i had for my own fam to have a lil SOBER gathering.. Its an awesome environment great music always spinN on the vinyl.. They have live music some days look em up on IG,4 years ago,2020-03-29 13:05:43.241517,,,,0,49,27,True,,
ChIJjaKqH13Lj4AR2ApxFJXKNaU,Art Boutiki Music Hall,0c3b21c5a99e733639239c72c6a6d619,5,Quality sound/light production and real nice people. One of the few venues still helping out the local scene,4 years ago,2020-03-29 13:05:43.243558,,,,0,3,,False,,
ChIJjaKqH13Lj4AR2ApxFJXKNaU,Art Boutiki Music Hall,002ad3d24774dd6127e0c8d306b48e81,5,,4 years ago,2020-03-29 13:05:43.245343,,,,0,,,,,
ChIJjaKqH13Lj4AR2ApxFJXKNaU,Art Boutiki Music Hall,4b4fabf0c926ae17c0e9b2c5c3092942,5,Great venue with nice service and good food and drink. Mostly kid-friendly and the shows there are always great.,4 years ago,2020-03-29 13:05:43.246842,,,,1,39,277,False,,
ChIJjaKqH13Lj4AR2ApxFJXKNaU,Art Boutiki Music Hall,799e0e036d449927f27ff860e199eabf,5,,4 years ago,2020-03-29 13:05:43.248619,,,,0,58,548,True,,
ChIJjaKqH13Lj4AR2ApxFJXKNaU,Art Boutiki Music Hall,07caa79b99f83580b3f96120f0b04c71,4,,4 years ago,2020-03-29 13:05:43.250300,,,,0,8,7,False,,
ChIJjaKqH13Lj4AR2ApxFJXKNaU,Art Boutiki Music Hall,0d07621ebb038404e1177a8be1106b33,5,,4 years ago,2020-03-29 13:05:43.251917,,,,0,,,,,
ChIJjaKqH13Lj4AR2ApxFJXKNaU,Art Boutiki Music Hall,33fed3e6be567e957ced80a28dbfe5e7,5,The best jazz joint in the SF Bay Area,4 years ago,2020-03-29 13:05:43.253396,,,,0,125,1447,True,,
ChIJjaKqH13Lj4AR2ApxFJXKNaU,Art Boutiki Music Hall,42708950a54c8f44ca19b7628cfecfc4,5,Saw Eastside Funk for the first time! They have to be the best local band Ive heard.,4 years ago,2020-03-29 13:05:43.255239,,,,0,10,1,True,,
ChIJjaKqH13Lj4AR2ApxFJXKNaU,Art Boutiki Music Hall,d0cc3b695b62469402efd77062ff114a,5,Incredible little venue!,4 years ago,2020-03-29 13:05:43.257109,,,,0,90,11,True,,
ChIJjaKqH13Lj4AR2ApxFJXKNaU,Art Boutiki Music Hall,6a6b96555bd5395131a9200026ff5a25,5,"This place is awesome. Very intimate venue,  perfect for live music. Bartenders were cool, the cute thick one, Brianne I think, was very attentive. I saw thrown out bones, and the wet bandits there. Both were cool, but the wet bandits killed it. They are such an awesome band, Im glad my first time seeing them was at this venue. One love geekazoids. Did I mention its a comic book store too?",4 years ago,2020-03-29 13:05:43.773638,,,,0,111,,True,,
ChIJjaKqH13Lj4AR2ApxFJXKNaU,Art Boutiki Music Hall,95b570fa6b85560637b62de1922009ec,4,,4 years ago,2020-03-29 13:05:43.777074,,,,0,6,2,False,,
ChIJjaKqH13Lj4AR2ApxFJXKNaU,Art Boutiki Music Hall,9a24d4bb7856653f8847b2cdca67454d,5,,4 years ago,2020-03-29 13:05:43.778418,,,,0,93,136,True,,
ChIJjaKqH13Lj4AR2ApxFJXKNaU,Art Boutiki Music Hall,7acd3d3dbcaa3447d692c90a2c8c3cf6,5,,4 years ago,2020-03-29 13:05:43.779791,,,,0,150,1186,True,,
ChIJjaKqH13Lj4AR2ApxFJXKNaU,Art Boutiki Music Hall,c82d26ce73e771f31d91377e5d91b34f,5,,4 years ago,2020-03-29 13:05:43.781158,,,,0,38,1,True,,
ChIJjaKqH13Lj4AR2ApxFJXKNaU,Art Boutiki Music Hall,8e5124036d5dbab7ee82596d648e617c,4,Great acoustics and lighting! I just wish they had more seating.,4 years ago,2020-03-29 13:05:43.782505,,,,0,50,627,True,,
ChIJjaKqH13Lj4AR2ApxFJXKNaU,Art Boutiki Music Hall,06e05bcfcf0ffe7d2f3f810581c9705d,5,"Best small venue in San Jose, CA. They have made major strides recently with sound system and lighting making it really a sweet deal.",4 years ago,2020-03-29 13:05:43.784058,,,,0,31,32,True,,
ChIJjaKqH13Lj4AR2ApxFJXKNaU,Art Boutiki Music Hall,b0792ee4cd607b7f8f236a242123b83f,4,,4 years ago,2020-03-29 13:05:43.785567,,,,0,65,34,True,,
ChIJjaKqH13Lj4AR2ApxFJXKNaU,Art Boutiki Music Hall,f6e0ed04232cb385a56bf831769808ef,5,,4 years ago,2020-03-29 13:05:43.786916,,,,0,14,,False,,
ChIJjaKqH13Lj4AR2ApxFJXKNaU,Art Boutiki Music Hall,9a67560f7d1aef1ce993c7012b3d8823,5,,4 years ago,2020-03-29 13:05:43.788181,,,,0,3,,True,,
ChIJjaKqH13Lj4AR2ApxFJXKNaU,Art Boutiki Music Hall,cc9d6de647709395f2e38b10d50f19a0,5,,4 years ago,2020-03-29 13:05:44.330120,,,,0,26,1,False,,
ChIJjaKqH13Lj4AR2ApxFJXKNaU,Art Boutiki Music Hall,97e6a5708fad839deea42484142b53b9,4,,4 years ago,2020-03-29 13:05:44.333947,,,,0,66,300,True,,
ChIJjaKqH13Lj4AR2ApxFJXKNaU,Art Boutiki Music Hall,3d28803f4266c679a0ddbbf3ed2797c1,4,Great venue for various genres of music programs at low admission price. Good and drinks served.,4 years ago,2020-03-29 13:05:44.337079,,,,0,17,58,True,,
ChIJjaKqH13Lj4AR2ApxFJXKNaU,Art Boutiki Music Hall,bcb20a7e0eb4c5e0e6c743a16771a1f1,5,"The music place, food, beer, & wine.  Great people.",4 years ago,2020-03-29 13:05:44.340585,,,,0,33,172,False,,
ChIJjaKqH13Lj4AR2ApxFJXKNaU,Art Boutiki Music Hall,84a2892a58531fac313161a16a0a8362,5,"Live music, food and beer",4 years ago,2020-03-29 13:05:44.343331,,,,0,40,33,True,,
ChIJjaKqH13Lj4AR2ApxFJXKNaU,Art Boutiki Music Hall,7dffe48c76eedb8312d8345e8bf55c43,5,,5 years ago,2019-03-29 13:05:44.346163,,,,0,60,10,True,,
ChIJjaKqH13Lj4AR2ApxFJXKNaU,Art Boutiki Music Hall,d7d4788f122271c735e63d434a0ea1d0,4,"This place is an awesome venue if your a musician. Its great for listeners as well, the sound is great and the sound gut knows his craft. Skip the food though (it sucks) and come for the music.",5 years ago,2019-03-29 13:05:44.348684,,,,0,246,1213,True,,
ChIJjaKqH13Lj4AR2ApxFJXKNaU,Art Boutiki Music Hall,6a447487ed23331942e8b4a051e72b77,4,,5 years ago,2019-03-29 13:05:44.351537,,,,0,13,,False,,
ChIJjaKqH13Lj4AR2ApxFJXKNaU,Art Boutiki Music Hall,cfa9882201bb6270580b0e0c133b33b4,5,,5 years ago,2019-03-29 13:05:44.353672,,,,0,20,3,True,,
ChIJjaKqH13Lj4AR2ApxFJXKNaU,Art Boutiki Music Hall,e708e85d5e74ee4c210cb3112b4b6e95,5,,5 years ago,2019-03-29 13:05:44.355841,,,,0,14,23,True,,
ChIJjaKqH13Lj4AR2ApxFJXKNaU,Art Boutiki Music Hall,64acd0411df4ace7cb6926ca964f237c,5,,5 years ago,2019-03-29 13:05:44.898198,,,,0,,,,,
ChIJjaKqH13Lj4AR2ApxFJXKNaU,Art Boutiki Music Hall,97f1306e84cceeceeabf570bb7400063,5,Awesome place to see a show,5 years ago,2019-03-29 13:05:44.901287,,,,0,103,17,True,,
ChIJjaKqH13Lj4AR2ApxFJXKNaU,Art Boutiki Music Hall,62d6cba1def1e76e16676a872096597b,4,It was my first time to this venue. Great small/medium size room   The room was well insulated for sound. The staff was very friendly and accommodating.  I would definitely see another show there.,5 years ago,2019-03-29 13:05:44.904786,,,,0,17,,False,,
ChIJjaKqH13Lj4AR2ApxFJXKNaU,Art Boutiki Music Hall,19cc63421a269a5d146d823d1d7d2d74,4,,5 years ago,2019-03-29 13:05:44.907453,,,,0,5,,False,,
ChIJjaKqH13Lj4AR2ApxFJXKNaU,Art Boutiki Music Hall,07cd3bd39278986dc31931250db27439,5,,5 years ago,2019-03-29 13:05:44.909811,,,,0,18,515,True,,
ChIJjaKqH13Lj4AR2ApxFJXKNaU,Art Boutiki Music Hall,943a387e13e3a766005de457f86bb238,4,"If you love reggae you NEED NEED NEEDED to come on Sunday nights!!! It is so much fun!! Great crowd, strong drinks. Irie crowd! good vibes, good times.",5 years ago,2019-03-29 13:05:44.912287,,,,0,6,,False,,
ChIJjaKqH13Lj4AR2ApxFJXKNaU,Art Boutiki Music Hall,3664bf99855bb0b94de8bf97adbd7c60,5,Nice people!,5 years ago,2019-03-29 13:05:44.914947,,,,0,22,,True,,
ChIJjaKqH13Lj4AR2ApxFJXKNaU,Art Boutiki Music Hall,8368ecece3f7fce82e9ac0d48bc3b590,5,Amazing Venue and Staff.....,5 years ago,2019-03-29 13:05:44.917580,,,,0,26,2,False,,
ChIJjaKqH13Lj4AR2ApxFJXKNaU,Art Boutiki Music Hall,97bd10f04ceea391d653dbd6e7cb3998,5,Loved the bands. Wish there was more seating.,5 years ago,2019-03-29 13:05:44.919907,,,,0,43,127,True,,
ChIJjaKqH13Lj4AR2ApxFJXKNaU,Art Boutiki Music Hall,c93769ce4e55d2648e4883c0372775a6,5,Nice small music venue in back of the comic store.  Nice set up with food and drinks  available for purchase.  Good for up and coming bands.,5 years ago,2019-03-29 13:05:44.922316,,,,0,92,15,True,,
ChIJjaKqH13Lj4AR2ApxFJXKNaU,Art Boutiki Music Hall,6932706c3141ab5e514c93774e9351ea,4,,5 years ago,2019-03-29 13:05:45.525612,,,,0,2,,False,,
ChIJjaKqH13Lj4AR2ApxFJXKNaU,Art Boutiki Music Hall,db09243bb84306dce9b2c8ad58e4e1f8,4,,5 years ago,2019-03-29 13:05:45.529629,,,,0,31,,False,,
ChIJjaKqH13Lj4AR2ApxFJXKNaU,Art Boutiki Music Hall,943b5b9bdba77a265c8fa1c816133024,5,", also has awesome books and comic books up",5 years ago,2019-03-29 13:05:45.533614,,,,0,77,,True,,
ChIJjaKqH13Lj4AR2ApxFJXKNaU,Art Boutiki Music Hall,8876f6115e9626555aede9b30a382afc,5,"The one, true, original geekeasy.  A good time was had by all",5 years ago,2019-03-29 13:05:45.537407,,,,0,55,153,True,,
ChIJjaKqH13Lj4AR2ApxFJXKNaU,Art Boutiki Music Hall,eb7ea8016a801a791c03729f9cd51ef6,5,,5 years ago,2019-03-29 13:05:45.540901,,,,0,244,674,True,,
ChIJjaKqH13Lj4AR2ApxFJXKNaU,Art Boutiki Music Hall,fc557a0f9ed97c53e5d43f355e769a24,5,Great jazz acts on a regular basis.,5 years ago,2019-03-29 13:05:45.543790,,,,0,8,41,True,,
ChIJjaKqH13Lj4AR2ApxFJXKNaU,Art Boutiki Music Hall,ac12c2913216196ea2b2e9fd7e63c606,5,,5 years ago,2019-03-29 13:05:45.546609,,,,0,101,7,True,,
ChIJjaKqH13Lj4AR2ApxFJXKNaU,Art Boutiki Music Hall,fb8206e68d6745a70765ccab7161a6e4,5,,5 years ago,2019-03-29 13:05:45.549583,,,,0,245,2316,True,,
ChIJjaKqH13Lj4AR2ApxFJXKNaU,Art Boutiki Music Hall,39da1082aed266568c4b4c3e4fbb0e12,5,,5 years ago,2019-03-29 13:05:45.551976,,,,0,166,4095,True,,
ChIJjaKqH13Lj4AR2ApxFJXKNaU,Art Boutiki Music Hall,9e96b882a3dfa9cd5e0acd38a23fe2ff,5,,5 years ago,2019-03-29 13:05:45.554192,,,,0,91,54,True,,
ChIJjaKqH13Lj4AR2ApxFJXKNaU,Art Boutiki Music Hall,202ce90324f3fb83e33f1f30428fbead,5,"Cool venue for live, local music.",5 years ago,2019-03-29 13:05:46.054571,,,,0,25,1,True,,
ChIJjaKqH13Lj4AR2ApxFJXKNaU,Art Boutiki Music Hall,a59959a53657304d547d5c429b6dd4c6,5,,5 years ago,2019-03-29 13:05:46.058465,,,,0,5,3,True,,
ChIJjaKqH13Lj4AR2ApxFJXKNaU,Art Boutiki Music Hall,1851a742e6ed5a46d3b2752e8eaf2b3d,5,My wife and I went there to see a friend play. East side funk.the front of the place is pretty unassuming you walk in and you see a bunch of graphic novels and comic books and a few t-shirts. City walk to the back and they have a rather roomy seating area with a beer wine bar and some food. Traders whats better than I expected for a place like this the wine and beer selection was pretty good the staff was very friendly cover all this was a great place to go to have some fun and listen to music.,5 years ago,2019-03-29 13:05:46.061819,,,,1,11,70,True,,
ChIJjaKqH13Lj4AR2ApxFJXKNaU,Art Boutiki Music Hall,db975dd10e9178ce28ea6018f120f6bf,5,,5 years ago,2019-03-29 13:05:46.064639,,,,0,3,85,True,,
ChIJjaKqH13Lj4AR2ApxFJXKNaU,Art Boutiki Music Hall,5fc99f921a0641468854b41a5f3cd4b7,5,,5 years ago,2019-03-29 13:05:46.067396,,,,0,2,,False,,
ChIJjaKqH13Lj4AR2ApxFJXKNaU,Art Boutiki Music Hall,2418c09f1f0c776a2da616354cb9741a,5,Great venue. Great people. Great sound. Eclectic activities.,5 years ago,2019-03-29 13:05:46.070135,,,,0,98,25,True,,
ChIJjaKqH13Lj4AR2ApxFJXKNaU,Art Boutiki Music Hall,1c28650d1abc7c73022c3be456213f3d,5,,5 years ago,2019-03-29 13:05:46.073349,,,,0,6,,False,,
ChIJjaKqH13Lj4AR2ApxFJXKNaU,Art Boutiki Music Hall,4a70c2ebfb0b53fee6049da7d3af8ba7,5,,5 years ago,2019-03-29 13:05:46.075377,,,,0,154,13,False,,
ChIJjaKqH13Lj4AR2ApxFJXKNaU,Art Boutiki Music Hall,5e51861c6c288e8b6ef302134a09b758,4,,5 years ago,2019-03-29 13:05:46.077445,,,,0,62,5,True,,
ChIJjaKqH13Lj4AR2ApxFJXKNaU,Art Boutiki Music Hall,ecd91547659c2141552a38537d1dfade,5,,5 years ago,2019-03-29 13:05:46.079851,,,,0,1,,False,,
ChIJjaKqH13Lj4AR2ApxFJXKNaU,Art Boutiki Music Hall,e16ad6116cdde850e6f143ba38706221,4,,5 years ago,2019-03-29 13:05:46.682060,,,,0,69,457,True,,
ChIJjaKqH13Lj4AR2ApxFJXKNaU,Art Boutiki Music Hall,f6d28de112d68bb3b024e545dfaa5c64,5,Pretty good store and concert hall,5 years ago,2019-03-29 13:05:46.685227,,,,0,56,4018,True,,
ChIJjaKqH13Lj4AR2ApxFJXKNaU,Art Boutiki Music Hall,62536b2241aa8cbb2fd07eaa84d75b80,5,Whats not to love great place for live music.,5 years ago,2019-03-29 13:05:46.686813,,,,0,195,225,True,,
ChIJjaKqH13Lj4AR2ApxFJXKNaU,Art Boutiki Music Hall,e2894d7bf51b841c2d0f1abe31160b85,5,Coolest music venue in San Jose,5 years ago,2019-03-29 13:05:46.688333,,,,0,21,6,True,,
ChIJjaKqH13Lj4AR2ApxFJXKNaU,Art Boutiki Music Hall,4986e3d4612511ea7e62c2b3e62e7c80,5,Awesome place!!,5 years ago,2019-03-29 13:05:46.689845,,,,0,35,4,False,,
ChIJjaKqH13Lj4AR2ApxFJXKNaU,Art Boutiki Music Hall,388b9d950b15ac87433e27a93a66fe56,5,,5 years ago,2019-03-29 13:05:46.691318,,,,0,5,,False,,
ChIJjaKqH13Lj4AR2ApxFJXKNaU,Art Boutiki Music Hall,35ba3b12301f00ac7114261d971f0a05,5,"Small intimate music venue,  great sound system,  good location in a comic book store,  offers food and drinks,  reasonably priced.  Sells nostalgia tshirts, etc. Of San Jose.",5 years ago,2019-03-29 13:05:46.692560,,,,0,199,114,False,,
ChIJjaKqH13Lj4AR2ApxFJXKNaU,Art Boutiki Music Hall,b1349aa2bcc9621039f9893b2afba381,5,"I will have to come back during one of their concerts, but the place looks pretty cool. The choice of comic books and collectors toys seemed limited but curated. The owner also had flyers up advertising that they are a concert venue and art showspace at night, even with a cafe serving food and drinks.",5 years ago,2019-03-29 13:05:46.694013,,,,0,361,1315,True,,
ChIJjaKqH13Lj4AR2ApxFJXKNaU,Art Boutiki Music Hall,d7b1473d535ffc447fbbcd2855f51511,5,"Hidden gem off the Alameda for live music. Beer and wine bar. Some grub, but nothing fancy.",5 years ago,2019-03-29 13:05:46.695553,,,,0,31,7,True,,
ChIJjaKqH13Lj4AR2ApxFJXKNaU,Art Boutiki Music Hall,44dd588b31301bc6ebe64ca7d9a094f4,4,Very chic interior with an artists den.,5 years ago,2019-03-29 13:05:46.697094,,,,0,97,57,True,,
ChIJjaKqH13Lj4AR2ApxFJXKNaU,Art Boutiki Music Hall,83a79ac0826eb6421b0e1cfad1717efe,5,Great Vibe and Music,5 years ago,2019-03-29 13:05:47.180073,,,,0,64,287,True,,
ChIJjaKqH13Lj4AR2ApxFJXKNaU,Art Boutiki Music Hall,097c5411b1e85dca5870d77a4a894b71,3,,5 years ago,2019-03-29 13:05:47.182449,,,,0,6,,False,,
ChIJjaKqH13Lj4AR2ApxFJXKNaU,Art Boutiki Music Hall,44222300a8ec3eb038ae4c98c16c116e,5,The Item No...,5 years ago,2019-03-29 13:05:47.184238,,,,1,770,23,True,The Articulo No...,
ChIJjaKqH13Lj4AR2ApxFJXKNaU,Art Boutiki Music Hall,9e86c9fd5b24451fffd0314a0e3ac60e,4,nice place to hear music,5 years ago,2019-03-29 13:05:47.186730,,,,0,131,171,True,,
ChIJjaKqH13Lj4AR2ApxFJXKNaU,Art Boutiki Music Hall,529c78acc1552e05a81f375c250a0ddd,5,"Rad venue. Solid sound, great acts come through regularly. Comic store too!",5 years ago,2019-03-29 13:05:47.188879,,,,0,23,3,False,,
ChIJjaKqH13Lj4AR2ApxFJXKNaU,Art Boutiki Music Hall,a3a64cf325fe3f89abcc05660f1824da,5,,5 years ago,2019-03-29 13:05:47.190963,,,,0,48,436,True,,
ChIJjaKqH13Lj4AR2ApxFJXKNaU,Art Boutiki Music Hall,889df9480caf30e585b59a6f5d194ee8,5,What a great little venue! Too bad cover bands cant play there. Comic strips to live music. Youll find it all.,5 years ago,2019-03-29 13:05:47.193123,,,,0,171,90,True,,
ChIJjaKqH13Lj4AR2ApxFJXKNaU,Art Boutiki Music Hall,8d8e96e0bdb6ea5ea0602408822a1471,5,I love this venue!,5 years ago,2019-03-29 13:05:47.195263,,,,0,10,13,False,,
ChIJjaKqH13Lj4AR2ApxFJXKNaU,Art Boutiki Music Hall,42379f2c1fb6988686ebdfa8c082afee,5,The slime girls concert was great!,5 years ago,2019-03-29 13:05:47.197315,,,,0,3,5,False,,
ChIJjaKqH13Lj4AR2ApxFJXKNaU,Art Boutiki Music Hall,f9873c8d5e6fb8764c9d6442df165556,4,,5 years ago,2019-03-29 13:05:47.199325,,,,0,10,2,True,,
ChIJjaKqH13Lj4AR2ApxFJXKNaU,Art Boutiki Music Hall,e60db2b78d0725a7400cf0c67117c42b,4,,5 years ago,2019-03-29 13:05:47.745727,,,,0,4,,False,,
ChIJjaKqH13Lj4AR2ApxFJXKNaU,Art Boutiki Music Hall,14e9ea90723180a3b6684cb38957a7ab,3,"Nice venue, horrible sound(man)",5 years ago,2019-03-29 13:05:47.747527,,,,0,13,1,True,,
ChIJjaKqH13Lj4AR2ApxFJXKNaU,Art Boutiki Music Hall,73d7296aad6a2b4c2f55eeae88c892cf,5,"Absolutely LOVE Art Boutiki! Great place to watch live music, drink, and relax. They have couches and chairs in the back! Also have a cool store in the front!",5 years ago,2019-03-29 13:05:47.749682,,,,0,63,18,True,,
ChIJjaKqH13Lj4AR2ApxFJXKNaU,Art Boutiki Music Hall,b8882f4d60690bf1fd3f38d53259613e,5,,5 years ago,2019-03-29 13:05:47.751786,,,,0,179,75,True,,
ChIJjaKqH13Lj4AR2ApxFJXKNaU,Art Boutiki Music Hall,62a193f589fdf4559e5e990503e2c1fc,5,,5 years ago,2019-03-29 13:05:47.753642,,,,0,12,5,False,,
ChIJjaKqH13Lj4AR2ApxFJXKNaU,Art Boutiki Music Hall,f7874ab19fb6a1b61cb3ec4f0c7bda06,5,,5 years ago,2019-03-29 13:05:47.755449,,,,0,3,3,False,,
ChIJjaKqH13Lj4AR2ApxFJXKNaU,Art Boutiki Music Hall,94621d98cde9a5b5fe2176c446289f85,4,Not certain friendly atmosphere. Good bottled beer.,5 years ago,2019-03-29 13:05:47.757316,,,,0,34,252,True,,
ChIJjaKqH13Lj4AR2ApxFJXKNaU,Art Boutiki Music Hall,db2cbdd605de324d328d9ec7b67e80aa,5,,5 years ago,2019-03-29 13:05:47.760046,,,,0,5,,False,,
ChIJjaKqH13Lj4AR2ApxFJXKNaU,Art Boutiki Music Hall,9e7aa1be6299d17f80ca940c37aee558,5,The comic book shop is just the start! Come for a show. The venue in back is great. Good snacks and beer and wine served.,5 years ago,2019-03-29 13:05:47.761810,,,,1,121,125,True,,
ChIJjaKqH13Lj4AR2ApxFJXKNaU,Art Boutiki Music Hall,f8e9abc2b39263fb9b288e1b2457ee8e,4,,5 years ago,2019-03-29 13:05:47.763946,,,,0,289,467,True,,
ChIJjaKqH13Lj4AR2ApxFJXKNaU,Art Boutiki Music Hall,dcc7ec82b68fc15bc6a9050a246ae986,4,Nice place to go. Good live bands.,5 years ago,2019-03-29 13:05:48.364067,,,,0,94,3,True,,
ChIJjaKqH13Lj4AR2ApxFJXKNaU,Art Boutiki Music Hall,6d734f2ab3c21946a70cb7addaa87ec8,5,,5 years ago,2019-03-29 13:05:48.368029,,,,0,80,60,True,,
ChIJjaKqH13Lj4AR2ApxFJXKNaU,Art Boutiki Music Hall,61763058d428c07973b382125a8484b3,5,,5 years ago,2019-03-29 13:05:48.371302,,,,0,1,52,True,,
ChIJjaKqH13Lj4AR2ApxFJXKNaU,Art Boutiki Music Hall,01e21ccd456ffebb344c60d07a87f615,5,,6 years ago,2018-03-29 13:05:48.374362,,,,0,10,52,True,,
ChIJjaKqH13Lj4AR2ApxFJXKNaU,Art Boutiki Music Hall,88a7422a99137b66992ca759876ec4c6,3,,6 years ago,2018-03-29 13:05:48.377245,,,,0,294,26,True,,
ChIJjaKqH13Lj4AR2ApxFJXKNaU,Art Boutiki Music Hall,8b5fd429bf796b71ebb5d022e95b09c1,5,,6 years ago,2018-03-29 13:05:48.380240,,,,0,,,True,,
ChIJjaKqH13Lj4AR2ApxFJXKNaU,Art Boutiki Music Hall,5365daae3b8b4f8d991991aee3e1d324,5,"Great vibe! Design, illustration and good music!",6 years ago,2018-03-29 13:05:48.382661,,,,0,175,145,True,,
ChIJjaKqH13Lj4AR2ApxFJXKNaU,Art Boutiki Music Hall,f0403274ab24bac9aacf5ddb30c341cd,4,,6 years ago,2018-03-29 13:05:48.385574,,,,0,2,,False,,
ChIJjaKqH13Lj4AR2ApxFJXKNaU,Art Boutiki Music Hall,7de08a7e8c48d2669290cfb7120afc6c,5,,6 years ago,2018-03-29 13:05:48.387910,,,,0,93,3149,True,,
ChIJjaKqH13Lj4AR2ApxFJXKNaU,Art Boutiki Music Hall,3566cd1633ce660963e1322b6c6af7de,5,,6 years ago,2018-03-29 13:05:48.390117,,,,0,3,6,False,,
ChIJjaKqH13Lj4AR2ApxFJXKNaU,Art Boutiki Music Hall,2b1a423a526068c95c070511934e51d0,5,"Great comic book store and music venue in San Jose that showcases lots of local emerging talent. The city is lucky to have this friendly family-run place. Good food during shows. Giant raised stage to accommodate large acts. Good sound team. Beer and wine, but underage OK. Never any real rowdiness.",6 years ago,2018-03-29 13:05:48.889825,,,,0,7,1,False,,
ChIJjaKqH13Lj4AR2ApxFJXKNaU,Art Boutiki Music Hall,28a0be7363e055f91a2cf4eb0b70348f,2,"Too hipster for me, but you might like it.  They did have real nice hard Apple cider.",6 years ago,2018-03-29 13:05:48.894114,,,,0,58,102,True,,
ChIJjaKqH13Lj4AR2ApxFJXKNaU,Art Boutiki Music Hall,1e34df533ae88a3cdcd834e7cf95a02f,5,Best live music venue in the South Bay!,6 years ago,2018-03-29 13:05:48.898072,,,,0,4,,False,,
ChIJjaKqH13Lj4AR2ApxFJXKNaU,Art Boutiki Music Hall,5623fdc8d23a40be224f6d64286bdecb,4,Cool venue for live music.,6 years ago,2018-03-29 13:05:48.899653,,,,0,211,618,True,,
ChIJjaKqH13Lj4AR2ApxFJXKNaU,Art Boutiki Music Hall,b34109bdf177f5a95d128014cbd60ed6,5,,6 years ago,2018-03-29 13:05:48.901263,,,,0,107,1236,True,,
ChIJjaKqH13Lj4AR2ApxFJXKNaU,Art Boutiki Music Hall,1bbe8597fe87d5b3871c3a2e547bc699,5,,6 years ago,2018-03-29 13:05:48.902832,,,,0,1,52,False,,
ChIJjaKqH13Lj4AR2ApxFJXKNaU,Art Boutiki Music Hall,2dbdc9afee46cc101c7c6dfcbc7ce7c7,5,Quirky music hall space with eye appeal and a high quality sound system.  Put this place on your must check it out list and then do it!,6 years ago,2018-03-29 13:05:48.904192,,,,0,37,1558,True,,
ChIJjaKqH13Lj4AR2ApxFJXKNaU,Art Boutiki Music Hall,4124fbdedc75cd70e5ef8a314ab828fb,3,Interesting space. Not enough places to sit.,6 years ago,2018-03-29 13:05:48.905853,,,,0,625,903,True,,
ChIJjaKqH13Lj4AR2ApxFJXKNaU,Art Boutiki Music Hall,a6613cc7669930cd830253e636ece538,5,A really fun and laid back place to catch live music.,6 years ago,2018-03-29 13:05:48.907520,,,,0,73,146,True,,
ChIJjaKqH13Lj4AR2ApxFJXKNaU,Art Boutiki Music Hall,489e35006f2023316bb7b153f69bd397,5,Great space with good sound. Interesting drink and snack menu. Also a comic book store in front.,6 years ago,2018-03-29 13:05:48.909277,,,,1,160,278,False,,
ChIJjaKqH13Lj4AR2ApxFJXKNaU,Art Boutiki Music Hall,b09825586f3f07fef674d12bebaf438f,5,"Dan is great! Very knowledgeable and awesome to work with. They have comics, live music, can print shirts, and even offer a spot to receive your mail. A great place all-around!",6 years ago,2018-03-29 13:05:49.445020,,,,1,99,1622,True,,
ChIJjaKqH13Lj4AR2ApxFJXKNaU,Art Boutiki Music Hall,71c18659bfc23d2d4d9a32c62a95eeeb,5,,6 years ago,2018-03-29 13:05:49.449639,,,,0,119,2642,True,,
ChIJjaKqH13Lj4AR2ApxFJXKNaU,Art Boutiki Music Hall,344fbb08da1ef30ea32c81572e26f277,5,,6 years ago,2018-03-29 13:05:49.452709,,,,0,20,1,False,,
ChIJjaKqH13Lj4AR2ApxFJXKNaU,Art Boutiki Music Hall,740964ed6f89fe60752f031edafda28e,5,"without a doubt my favorite venue in the Bay Area.  the concept of comic shop and music venue is unique, and Dan puts in the work to pull it off.  this venue has fostered a flourishing South Bay music scene for years, and will hopefully continue for years to come.",6 years ago,2018-03-29 13:05:49.455703,,,,0,8,1,True,,
ChIJjaKqH13Lj4AR2ApxFJXKNaU,Art Boutiki Music Hall,148e909ff534ae61f480b57fd2b5d06c,5,Excellent local venue that attracts a wide array of people from all walks of life.,6 years ago,2018-03-29 13:05:49.458756,,,,0,56,,False,,
ChIJjaKqH13Lj4AR2ApxFJXKNaU,Art Boutiki Music Hall,a12efbe3b5b1deca5281dea1db736c0b,4,"Small intimate bar, lounge and light menu, not too pricey. Up and coming musicians on stage.",6 years ago,2018-03-29 13:05:49.461404,,,,0,241,147,True,,
ChIJjaKqH13Lj4AR2ApxFJXKNaU,Art Boutiki Music Hall,edcc579ae6d51c99f61802c2e6e5d50d,5,"Nice evenings hangout, friendly crowd, good music. Downtown SJ needd more spots like this.",6 years ago,2018-03-29 13:05:49.464233,,,,0,126,147,True,,
ChIJjaKqH13Lj4AR2ApxFJXKNaU,Art Boutiki Music Hall,f7f5ba365159283efb31938160f96c26,5,,6 years ago,2018-03-29 13:05:49.466666,,,,0,,,,,
ChIJjaKqH13Lj4AR2ApxFJXKNaU,Art Boutiki Music Hall,076ff2eefa43e37d1a8cd3c81509e657,5,"Best hidden gem for art and music in San Jose. Seen some big acts here , including The Bad Plus, Bent Knee, and Art Lande with Brian Blade. Great comic shop, amazing decor, KILLER selection of beers. Community events, drink and draw, open mic, everything. Hang out here.",6 years ago,2018-03-29 13:05:49.468683,,,,0,3,,False,,
ChIJjaKqH13Lj4AR2ApxFJXKNaU,Art Boutiki Music Hall,6910006d9660be87a73bc92766025eb1,4,Fun place. Good atmosphere,6 years ago,2018-03-29 13:05:49.471034,,,,0,101,22,True,,
ChIJjaKqH13Lj4AR2ApxFJXKNaU,Art Boutiki Music Hall,d13ceb6c7bb4bd0babe934fc21fcab50,5,,6 years ago,2018-03-29 13:05:49.996030,,,,0,146,51,True,,
ChIJjaKqH13Lj4AR2ApxFJXKNaU,Art Boutiki Music Hall,40a63c10119361df2453371e588fd747,5,What a terrific venue to watch a show,6 years ago,2018-03-29 13:05:49.999860,,,,0,9,4,False,,
ChIJjaKqH13Lj4AR2ApxFJXKNaU,Art Boutiki Music Hall,f930381cf3f1b874240697cfe3370f3d,5,,6 years ago,2018-03-29 13:05:50.003306,,,,0,13,8,True,,
ChIJjaKqH13Lj4AR2ApxFJXKNaU,Art Boutiki Music Hall,161a6c54ed06b86ad7a5b7fdeced0b47,5,Such a cool place! So much more than I expected. Music and comics is the best combo,6 years ago,2018-03-29 13:05:50.006440,,,,0,41,,True,,
ChIJjaKqH13Lj4AR2ApxFJXKNaU,Art Boutiki Music Hall,0a3b8d19e417c3d5f6742c249736c72c,5,,6 years ago,2018-03-29 13:05:50.009836,,,,0,1,8,False,,
ChIJjaKqH13Lj4AR2ApxFJXKNaU,Art Boutiki Music Hall,a0cc416d4d52cbd55a38432777ea280f,5,,6 years ago,2018-03-29 13:05:50.012277,,,,0,20,12,False,,
ChIJjaKqH13Lj4AR2ApxFJXKNaU,Art Boutiki Music Hall,afac11511ad2ebf8483629567c9cff42,5,"Amazing place, specially the open mic nights and live music nights are the best in Bay. The place is so artsy.",6 years ago,2018-03-29 13:05:50.014694,,,,1,133,488,True,,
ChIJjaKqH13Lj4AR2ApxFJXKNaU,Art Boutiki Music Hall,995f1cb129d12966d39d50f476912db0,5,,6 years ago,2018-03-29 13:05:50.017523,,,,0,1,,True,,
ChIJjaKqH13Lj4AR2ApxFJXKNaU,Art Boutiki Music Hall,df238d55474ef60576f1f92b1f7cb45b,5,Best place in town to go watch a local show,6 years ago,2018-03-29 13:05:50.019693,,,,0,96,234,True,,
ChIJjaKqH13Lj4AR2ApxFJXKNaU,Art Boutiki Music Hall,28c8fb1f032da505308f3671c98aef35,5,"Great music, good food and good people.",6 years ago,2018-03-29 13:05:50.022099,,,,1,22,5,False,,
ChIJjaKqH13Lj4AR2ApxFJXKNaU,Art Boutiki Music Hall,39acd9c53510b636c4770638031d861a,5,Best live music atmosphere in SJ,6 years ago,2018-03-29 13:05:50.495533,,,,0,6,4,True,,
ChIJjaKqH13Lj4AR2ApxFJXKNaU,Art Boutiki Music Hall,77bdfc4ed69d459020e6cdc69b22d4c4,5,,6 years ago,2018-03-29 13:05:50.499197,,,,0,26,2,True,,
ChIJjaKqH13Lj4AR2ApxFJXKNaU,Art Boutiki Music Hall,021d46f2677da1ef6a16c0ec6f1a301f,5,,6 years ago,2018-03-29 13:05:50.502016,,,,0,18,,False,,
ChIJjaKqH13Lj4AR2ApxFJXKNaU,Art Boutiki Music Hall,d5fec3de561829dd4e07545893ac65d0,5,"Quirky, eclectic, and very entertaining.",6 years ago,2018-03-29 13:05:50.504383,,,,0,9,76,True,,
ChIJjaKqH13Lj4AR2ApxFJXKNaU,Art Boutiki Music Hall,7b5558633bf2a86a5e68221896cd4d9c,5,"Cool little comic shop, that also happens to be a very well-run venue by night. Great sound, great food, great beer selection.",6 years ago,2018-03-29 13:05:50.507173,,,,0,7,4,False,,
ChIJjaKqH13Lj4AR2ApxFJXKNaU,Art Boutiki Music Hall,d2f6e6bb5c38a21205eb9059e91b6e71,5,,6 years ago,2018-03-29 13:05:50.509866,,,,0,12,,False,,
ChIJjaKqH13Lj4AR2ApxFJXKNaU,Art Boutiki Music Hall,0663fae6fd2749f0ac36609b5df8ac8d,3,,6 years ago,2018-03-29 13:05:50.512249,,,,0,4,20,True,,
ChIJjaKqH13Lj4AR2ApxFJXKNaU,Art Boutiki Music Hall,fd39625be57670cb00b0faa6e9871cc7,5,One of the best venues in San Jose!,6 years ago,2018-03-29 13:05:50.514418,,,,0,61,214,True,,
ChIJjaKqH13Lj4AR2ApxFJXKNaU,Art Boutiki Music Hall,e6646494862e4f4232b4f57ac7b4a565,5,,6 years ago,2018-03-29 13:05:50.516844,,,,0,37,210,True,,
ChIJjaKqH13Lj4AR2ApxFJXKNaU,Art Boutiki Music Hall,07b6c8a07fd4531866b197a7d7594eb3,5,,6 years ago,2018-03-29 13:05:50.519061,,,,0,30,41,True,,
ChIJjaKqH13Lj4AR2ApxFJXKNaU,Art Boutiki Music Hall,b7021581acec395ce44dc50672fdef72,4,,6 years ago,2018-03-29 13:05:51.047736,,,,0,98,41,True,,
ChIJjaKqH13Lj4AR2ApxFJXKNaU,Art Boutiki Music Hall,0750651cdbf443b924aa30d7033b2b1e,5,"Great live music. Best sound in San Jose. Food, wine, and beer.",7 years ago,2017-03-29 13:05:51.051109,,,,0,79,51,False,,
ChIJjaKqH13Lj4AR2ApxFJXKNaU,Art Boutiki Music Hall,b17aee986e73d15bd204b76334bfbf9c,4,"Great experience for comics and live music, with a fair tiny bar for snacks and drinks.",7 years ago,2017-03-29 13:05:51.054475,,,,0,186,375,True,,
ChIJjaKqH13Lj4AR2ApxFJXKNaU,Art Boutiki Music Hall,85fcf7308ff3235bc52fd4bc74acefc2,5,Great venue for live music. Fun to discover some new and talented bands.,7 years ago,2017-03-29 13:05:51.057862,,,,0,224,587,True,,
ChIJjaKqH13Lj4AR2ApxFJXKNaU,Art Boutiki Music Hall,de80ba8011d5229f4f69ccf9d7573eeb,5,"Great place to see local, live music.  The sound is excellent and the venue is intimate with a few comfy couches. The is a basic bar with wine and beer.",7 years ago,2017-03-29 13:05:51.060806,,,,0,146,323,True,,
ChIJjaKqH13Lj4AR2ApxFJXKNaU,Art Boutiki Music Hall,b757e33497e69216ac3566c914d5c25a,5,"I really like this venue, sound quality is pretty good",7 years ago,2017-03-29 13:05:51.063710,,,,0,98,29,True,,
ChIJjaKqH13Lj4AR2ApxFJXKNaU,Art Boutiki Music Hall,1642f3d11d492022071052368a0e5403,5,,7 years ago,2017-03-29 13:05:51.066364,,,,0,12,16,True,,
ChIJjaKqH13Lj4AR2ApxFJXKNaU,Art Boutiki Music Hall,f88a62d7de74cd6bfc5b409c3c6e2a9d,5,Great place for live music.  Sometimes the have traveling bands that are really good!,7 years ago,2017-03-29 13:05:51.068543,,,,1,312,546,True,,
ChIJjaKqH13Lj4AR2ApxFJXKNaU,Art Boutiki Music Hall,38487478ab33629e5094bd007cffa603,5,"Super friendly staff, very supportive of local artists, and an awesome music venue hidden behind a comic store. How cool is that?",7 years ago,2017-03-29 13:05:51.070935,,,,1,140,310,True,,
ChIJjaKqH13Lj4AR2ApxFJXKNaU,Art Boutiki Music Hall,435f99e5257411e6cb365d754ef0363a,5,Chill,7 years ago,2017-03-29 13:05:51.073340,,,,0,3,,False,,
ChIJjaKqH13Lj4AR2ApxFJXKNaU,Art Boutiki Music Hall,57069022cec0422bcd1d2d242729bade,5,Great venue and comic book shop run by good people,7 years ago,2017-03-29 13:05:51.640644,,,,0,85,1,True,,
ChIJjaKqH13Lj4AR2ApxFJXKNaU,Art Boutiki Music Hall,df87c94d8a1d82ae9b2e01a22eec2a0a,5,Good vibes venue tucked behind a comic store. Wide variety of musical acts and poetry. Dan Vado (owner) knows how to run the place. Bar and kitchen with a good amount of tables and couches to enjoy the show :D,7 years ago,2017-03-29 13:05:51.644467,,,,1,101,42,True,,
ChIJjaKqH13Lj4AR2ApxFJXKNaU,Art Boutiki Music Hall,bf81cbfa5d866d75e99aafb287d355a1,5,"The BEST local venue in San Jose. What a great place for bands and fans alike! Warm, lovely staff, great sound and stage. What more could you ask for?! : )",7 years ago,2017-03-29 13:05:51.647803,,,,1,2,,False,,
ChIJjaKqH13Lj4AR2ApxFJXKNaU,Art Boutiki Music Hall,2d74696fff64982712932718ce3f16d7,2,,7 years ago,2017-03-29 13:05:51.650744,,,,0,319,534,True,,
ChIJjaKqH13Lj4AR2ApxFJXKNaU,Art Boutiki Music Hall,458030884a2b2d9d083b329593e0aa0d,5,,7 years ago,2017-03-29 13:05:51.653199,,,,0,3,4,True,,
ChIJjaKqH13Lj4AR2ApxFJXKNaU,Art Boutiki Music Hall,97ccbd066a74836423ade3789e8de023,4,,7 years ago,2017-03-29 13:05:51.655661,,,,0,120,19,True,,
ChIJjaKqH13Lj4AR2ApxFJXKNaU,Art Boutiki Music Hall,437f4ebbef99f6c8a15b65bf6391380c,5,"Nice little venue. Good sound, good people.",8 years ago,2016-03-29 13:05:51.658017,,,,0,1009,25416,True,,
ChIJjaKqH13Lj4AR2ApxFJXKNaU,Art Boutiki Music Hall,c00d03c708a3e454e8ed7cbe172fc62f,5,"This place is off the chain. They have great music, the venue itself is incredible both as a work of art, comic store, and a live music room. The sound is great, they treat the musicians well, the food is fantastic and incredible people run the place. In addition, they have a special dessert option that isnt on the menu. Ask Dan for the dessert called The Arsonist. You wont be disappointed.",8 years ago,2016-03-29 13:05:51.661491,,,,0,99,4,True,,
ChIJjaKqH13Lj4AR2ApxFJXKNaU,Art Boutiki Music Hall,a9a1ae200916b2317971da60d24935d6,5,"Awesome music venue. Great sound, great atmosphere, great couches and stuff to hang out on, great beer.",8 years ago,2016-03-29 13:05:51.664340,,,,0,3,1,False,,
ChIJjaKqH13Lj4AR2ApxFJXKNaU,Art Boutiki Music Hall,69f1f0a19f037059536c7498e88da249,5,Best music venue in the South Bay!,9 years ago,2015-03-29 13:05:51.666690,,,,0,12,,False,,
