,star_rating,review_title,review_content,date_of_rating,date_of_experience,reviewer_name,num_reviews,country,review_link,profile_link
65cbc6f899931c8f88030de4,5,TOP-NOTCH!!!,"My experience with DaimoonMedia has been fantastic so far! They are efficient and trustworthy, and their customer service is top-notch! The results of my first campaign with them have been excellent. I am planning on entrusting them with many future campaigns. I have the pleasure to deal with Eve; she is nothing short of amazing! I",2024-02-13T21:46:00.000Z,"February 13, 2024",Lana Chacra,3,CA,https://www.trustpilot.com/reviews/65cbc6f899931c8f88030de4,https://www.trustpilot.com/users/64f9d688179a94001272a7e0
65c9a073eb51ff2d00d6271d,5,Promotion works exactly as it should‚Ä¶,Music promotion that works exactly as it should and good after sales support with human support staff if there are ever issues.Daimoon provide over and above what they promise.,2024-02-12T06:37:08.000Z,"February 01, 2024",Chris Fontana,2,AU,https://www.trustpilot.com/reviews/65c9a073eb51ff2d00d6271d,https://www.trustpilot.com/users/62c3f35a93d40600137c9a2b
65d12e1e8e12bc8393e0c908,5,Fantastic group to work with,Fantastic group to work with. Very attentive and great response times.,2024-02-18T00:07:27.000Z,"February 17, 2024",RockTown Blues - Dennis Rogers,8,US,https://www.trustpilot.com/reviews/65d12e1e8e12bc8393e0c908,https://www.trustpilot.com/users/61b7c1248308d7001284aaae
65bd16546c57f047404d2926,5,Daimoon Media is a great company,"Daimoon Media is a great company. I am a new artist just cracking the streaming market. With Daimoon my music has gone beyond my expectations as far as streams. They are prompt to respond to questions, and really value my business. This is a great company to use for your music streaming needs.",2024-02-02T18:20:37.000Z,"February 02, 2024",Ronald Smith,1,US,https://www.trustpilot.com/reviews/65bd16546c57f047404d2926,https://www.trustpilot.com/users/65bd164c7bc7af0012fcec76
65ba749e74c345d3167e3453,5,Very Happy,I really appreciated how quickly my song got playlisted and how good their customer support is. They constantly checked on me to see if I was happy with my campaign. I bought the cheapest offer and received the maximum results. I would definitely use them again.,2024-01-31T18:26:06.000Z,"January 29, 2024",Kristian Rawson,1,DK,https://www.trustpilot.com/reviews/65ba749e74c345d3167e3453,https://www.trustpilot.com/users/65ba7497623f150012d67fd3
65a0f459b73c562747b3bb75,5,Daimoon is great for promotion!,From start to finish working with Daimoon was an incredible experience. I've been making music for years with no idea how to get exposure. Than instantly after I registered with Daimoon I got more than expected. I was skeptical at first thinking I'll never be able to reach my goals. But now I will surely come back when I need online promotion. Daimoon representatives are friendly and easy to communicate with and respond with great timing. Daimoon helped me so much in my dreams and career. Thanks so much for this service!Sandi,2024-01-12T10:12:09.000Z,"December 01, 2023",Sandi,2,CA,https://www.trustpilot.com/reviews/65a0f459b73c562747b3bb75,https://www.trustpilot.com/users/611a9a84a5e7f00012852842
659103ac9bf5c2c869786e43,4,Campaign seems to be performing well but still can't login to the dashboard to monitor its activity.,So it did take some time but I am finally seeing some positive results from the campaign they're running. I still cannot log into my dashboard to monitor the campaign using the regular website but they did provide me a direct link via email that seems to work as a work around to the issue. They have been responsive via email and I do appreciate this so I've edited this review as per my agreement with the daimoon team. If the campaign continues to perform well and I get normal access back to my dashboard it would definitely earn them that fifth star.Thanks Daimoon.,2024-01-11T04:05:05.000Z,"December 30, 2023",RAYMOND,1,US,https://www.trustpilot.com/reviews/659103ac9bf5c2c869786e43,https://www.trustpilot.com/users/659103688c202400126f829a
65a9189d459f0b1aa4f7bccb,5,My Youtube campaign with Daimoon Media‚Ä¶,My Youtube campaign with Daimoon Media was awesome and I'm gonna continue with Daimoon Media on my Spotify as well. I found Daimoon Media Legit and friendly to work with.,2024-01-18T14:25:01.000Z,"December 18, 2023","Mr,Chichi",7,DE,https://www.trustpilot.com/reviews/65a9189d459f0b1aa4f7bccb,https://www.trustpilot.com/users/5ebe2e10c66da3cdfd8588b1
658675afe195fc7b4db38d3f,5,THE BEST PITCHING SERVICE TILL DATE,"Since I started using DaimoonMedia, I have stopped using other pitching services. DaimoonMedia has real playlists with real audience and they are very responsive to clients' requests. My followership has grown on Spotify and Soundclound and I have never had any issues whatsoever. This my second year with them and I am going nowhere else. Highly recommended!",2023-12-23T07:52:47.000Z,"December 23, 2023",EMMANUEL,1,BE,https://www.trustpilot.com/reviews/658675afe195fc7b4db38d3f,https://www.trustpilot.com/users/6586759cb6c3c00011699a57
65a8646ffde073e8a252ddda,5,Trustworthy service,"Trustworthy, reliable service; fluent and friendly communication. Admittedly, submitted songs do not always or not easily find placements, but when they do, they get presented to a good and rewarding audience.",2024-01-18T01:36:16.000Z,"January 17, 2024",HYS,9,BE,https://www.trustpilot.com/reviews/65a8646ffde073e8a252ddda,https://www.trustpilot.com/users/60ff3956f54aad0012de5406
64b1e6a5e748ca0dd475af35,5,Credit Where Due,Wow! I've never cracked 26K in streams for one of my songs before. I'd like to think the credit was mine for writing a good song but I think Daimoon Media deserve most of the credit for getting behind if and finding my song a receptive audience by targeting the Spotify Playlists most likely to respond to my older style of music. There is help for an indie artist afterall.,2023-07-15T02:21:57.000Z,"July 15, 2023",Kevin S,4,AU,https://www.trustpilot.com/reviews/64b1e6a5e748ca0dd475af35,https://www.trustpilot.com/users/5f4d88695ddb6bcdb4f77866
649f26712350c80124904db5,4,I have used Diamoon Media in the past‚Ä¶,"I have used Diamoon Media in the past with really good results; however I have a new song just released on Spotify June 30th and setup a campaign and have emailed their support twice with no response. I emailed the owner ‚ÄúLuka‚Äù  and the email came back with no account found. I‚Äôm concerned. Found out they were having email system issues which I don‚Äôt blame them for cuz that can happen to any organization, once resolved, they did get back to me.Corky Wink",2023-07-10T19:33:20.000Z,"June 28, 2023",Corky Wink,1,US,https://www.trustpilot.com/reviews/649f26712350c80124904db5,https://www.trustpilot.com/users/649f26381d805f001223aa4a
64d3d5372314d630d5ebf24d,5,Quality Service,"I've tried a lot of these services and am always happy with and trust Daimoon. A number of sites will claim to promote organic growth but in reality I'm not sure how real some of the listeners are. I know Daimoon is real given the fact that a number of songs I have submitted have been rejected, which actually makes me respect them more. So if you're looking for organic growth on quality playlists Daimoon is a great service.",2023-08-09T20:04:39.000Z,"August 09, 2023",Bedes Tunes,1,LB,https://www.trustpilot.com/reviews/64d3d5372314d630d5ebf24d,https://www.trustpilot.com/users/64d3d52c93ea9d0012ed04c0
6058eaf4f85d7507e41dbce2,1,SCAM!!!!!!!,"Daimoon has two types of playlists - those with large followers and no activity, and those filled with bots that will ruin your Spotify reputation. Please avoid at all costs! Do not waste your money. We ordered a package. We received one playlist with 17k followers that had 2 streams over a 4-week period. We had another similar size playlist that had over 6k streams over a couple of days, with no saves. Our average song averages a 15-25 percent save rate. Please stay away from these scammers.",2021-03-22T19:07:32.000Z,"March 22, 2021",Alek,1,US,https://www.trustpilot.com/reviews/6058eaf4f85d7507e41dbce2,https://www.trustpilot.com/users/6058ea8a7e7f73001914a8ec
64da0a115d8caaa1f20e5213,5,I think Daimoon Media is a excellent  Choice,I think Daimoon Media is a excellent choice to help boost your visibility and plays for your music and I would recommend them. There were some technical issues at the start that were quickly attended to. The team at Diamoon is responsive and helpful. My Campaign has far exceeded my expectations.,2023-09-05T14:51:16.000Z,"August 06, 2023",Jason Kalisher,2,US,https://www.trustpilot.com/reviews/64da0a115d8caaa1f20e5213,https://www.trustpilot.com/users/63f650e319275e00153bcd41
643b48e40506de7e4cc8a18b,5,I would give Diamoon media six stars if‚Ä¶,"I would give Diamoon media six stars if only that was possible ! The playlists are of the highest quality , legit and authentic , you will see an uptick in your algorithmic performance when you use Diamoon media it's not just the playlist however as the customer service is highly professional , courteous and above par . Def give them a try , you'll be glad you did",2023-04-16T03:01:24.000Z,"April 10, 2023",KK,3,US,https://www.trustpilot.com/reviews/643b48e40506de7e4cc8a18b,https://www.trustpilot.com/users/640f46a9a5095800127434bf
64235fbaa854c089fec246c0,5,Unparalleled Level of Integrity,"Unparalleled level of integrity! In this bizz it‚Äôs nearly impossible to find legitimate companies that help you succeed in running authentic marketing campaigns. I believe I‚Äôve finally found that with DaimoonMedia. Real people, transparent results, & TiP ToP customer service! They bend over backwards to deliver you the best service possible no matter what. I am about to run my first Spotify campaign with them & I can honestly say that I feel as safe as an Artist/Producer/Label can w/ the handling of our work! All we want is an honest chance to pay legit professionals to promote & market our product so we can save our energy for CREATION!!! So, ThankYou Mo as well as all of you other rockstarZ over at Daimoon!!‚ò∫Ô∏è So far üíØ from The Zevron Don",2023-03-28T23:44:26.000Z,"March 28, 2023",The ZeVroN DoN,5,US,https://www.trustpilot.com/reviews/64235fbaa854c089fec246c0,https://www.trustpilot.com/users/5f36d2d0a25a04f78d1f396b
63d3406d4b01fb3f548e4289,5,New Magic bedroom artist - for starters,"Hi I recently purchased a package for After Laughter by my rock band New Magic, we havnt been able to get any traction here at all, I was recommended by a friend who had a great experience with you guys.  I've been using other websites and have gotten good results as well, please can you advise what the situation is ?  Thank you, and if we can't reach the 1.5k streams to 6k can I have a refund.Edit:  All issues have been fixed and this service is working excellently, looking forward to keep working with Daimoon media, incluiding working with youtube as well!",2023-02-15T18:44:40.000Z,"January 26, 2023",yimboman,1,US,https://www.trustpilot.com/reviews/63d3406d4b01fb3f548e4289,https://www.trustpilot.com/users/63d34063ee1062001356d2e5
63bc9ac22338b6d417b4e34a,5,Diamoon: best in class service,"I researched a number of similar services and Diamoon is top rated amongst their peers.  The client interaction team is excellent (its not just automated emails), they delivered as expected results in all cases (in some, substantially more than expected!), the platform is very user friendly to upload tracks and following progress on your dashboard is easy.  Really good process, i'll use them again.",2023-01-10T00:52:50.000Z,"January 04, 2023",Mertens Folly,1,US,https://www.trustpilot.com/reviews/63bc9ac22338b6d417b4e34a,https://www.trustpilot.com/users/63bc9aaf3a35ad00122e7332
622ccf110e5829d9e2a5ca12,5,Daimoon is incredible and a must for any band or musician!,Our band The Simple Radicals can't thank Daimoon enough for the incredible work they do in gaining valuable exposure for us. We use them to help promote new material on Spotify as well as on YouTube with our videos. They are incredible to work with. If you're a musician or band you MUST work with them!,2022-03-12T16:49:21.000Z,"March 12, 2022",John Malkin,1,US,https://www.trustpilot.com/reviews/622ccf110e5829d9e2a5ca12,https://www.trustpilot.com/users/622ccf071fa4c80012a633a5
648ae109c53234132078b5ed,5,Daimoon Media's Spotify Bedroom Artist Plan is Awesome if you have a small Campaign Budget.,"The first campaign I ran with Daimoon Media was for my song To Be Rescued by Just Suddenly. It had 68 plays at the time. And within a month or two, the song has achieved 2500 plays and continues to grow every day. I have run 3 more song campaigns with Daimoon since then. I opted for the Bedroom Artist plan because it suits my budget the best. But I'm sure their bigger campaign plans are just as effective as the starter pack. The Campaign Supervisors are extremely friendly, very receptive, and provide timely replies. I've been analyzing and observing the playlists and streams for 4 months now and the results are consistent and bot free. When I ran my first campaign with Daimoon the only concern I had was, is it a scam, and will it help my artist profile grow organically once I stop the campaign. And I'm happy and relieved that Daimoon passed my expectation with flying colors. Being added to good playlists does trigger Spotify's Organic Algorithm and Spotify begins promoting your song through its Radio Feed. It's an extremely slow process though, but it's a good start. I love Daimoon Media and I am going to continue running every song's campaign with them. And you should totally try their services and use their playlist network to grow your audiences. I'm not saying Daimoon Media can do the impossible, they have limitations too. They weren't able to place some of my songs cause the curators did not feel the songs matched their playlists' vibe. But they tried their best and were transparent with the results. I will run out of words if I have to jot down all the Pros of running a campaign with Daimoon Media. And even if there are some Cons, there always are in a real-world scenario, the Pros outweigh the Cons by a huge margin. So, I'm going to totally recommend Daimoon Media's Spotify Campaign to every band/musician out there. And I am extremely happy with their pricing, services, and results. I hope you try them out at least once and see for yourself. Good Luck and Keep Making Good Music.",2023-06-15T11:59:37.000Z,"June 15, 2023",Vedaunsh Pradeep,2,IN,https://www.trustpilot.com/reviews/648ae109c53234132078b5ed,https://www.trustpilot.com/users/636585b495282d001393cfbc
6481578f4827256f93c180c5,5,Organic and legit promo service,"Definitely can confirm this is real and organic, and they definitely will try do their best to find the best way possible to promote your music.By submitting my EDM i could get access to a dashboard of the ongoing promotion and within time see people adding the song and steadily growing.This is definitely legit!",2023-06-08T06:22:39.000Z,"June 08, 2023",Mnexsis Audio,2,SE,https://www.trustpilot.com/reviews/6481578f4827256f93c180c5,https://www.trustpilot.com/users/61521f92a5c52c00124adca8
647d92386a5dd84fb5822d86,5,Great Communication,"Great team, great communication! The campaign didn't take off as planned, but the team was happy to make adjustments and do more pitching until we achieved desirable results. Would recommend.",2023-06-05T09:43:52.000Z,"May 30, 2023",Danny,2,NL,https://www.trustpilot.com/reviews/647d92386a5dd84fb5822d86,https://www.trustpilot.com/users/638b5152a1a9be001246d423
646eabe949bf66a5521782b6,5,Amazing Experience! 10/10,Amazing experience! These guys know what they are doing :) Shoutout to the entire team for killing it on my latest release üé∂,2023-05-25T02:29:29.000Z,"April 07, 2023",Alex Lopez,1,US,https://www.trustpilot.com/reviews/646eabe949bf66a5521782b6,https://www.trustpilot.com/users/646eabdf3ea251001229e6da
645a179dffb65e1a9f141b97,5,Great Support,"Support was great ...I started with some skepticism since it was my first time and even though we din't achieve what was initially intended, they turned around another campaign for us which did good.",2023-05-09T11:51:25.000Z,"April 20, 2023",IncSync Music,1,IN,https://www.trustpilot.com/reviews/645a179dffb65e1a9f141b97,https://www.trustpilot.com/users/645a17939600510012dafdcf
645112efda69d34e98861f16,5,They will go far and beyond to make‚Ä¶,They will go far and beyond to make things happen for you great communication they always email to let me know how things are going I can't wait to use my other songs with them.,2023-05-02T15:41:03.000Z,"March 23, 2023",Derrick Belmar,1,US,https://www.trustpilot.com/reviews/645112efda69d34e98861f16,https://www.trustpilot.com/users/6451128485199d001213bf0c
644d9f5bb246b68eea862a5c,5,They gave me hope for a music career,They gave me hope for a music career. Will be working closely with them in the future moving forward.,2023-04-30T00:51:07.000Z,"April 02, 2023",Lindbergh Levan,1,US,https://www.trustpilot.com/reviews/644d9f5bb246b68eea862a5c,https://www.trustpilot.com/users/644d9f50a8852400122d38ce
64414198db3ec84e02958854,5,Great communication,Great communication! And meeting a deadline on a project.,2023-04-20T15:43:52.000Z,"April 07, 2023",Terry,1,US,https://www.trustpilot.com/reviews/64414198db3ec84e02958854,https://www.trustpilot.com/users/64414169b5d7b10012047b54
64368f75e5b6594002666689,5,My Youtube promotion campaign was great,My Youtube promotion campaign was professional and the results went beyond my expectations. I could tell that Daimoon truly cares about the music they promote and the artist behind it instead of just being treated as a number. I'm excited for future campaigns! :),2023-04-12T13:01:09.000Z,"April 12, 2023",Dora,1,HR,https://www.trustpilot.com/reviews/64368f75e5b6594002666689,https://www.trustpilot.com/users/64368ecb9648730012b83281
6435d807c27829bd2b044572,5,5 stars,"Mohammed is super patient, attentive, an actual person, and responded quickly to any questions I had.",2023-04-11T23:58:31.000Z,"April 11, 2023",Bryant,2,US,https://www.trustpilot.com/reviews/6435d807c27829bd2b044572,https://www.trustpilot.com/users/613cf0394ea5b100126200a1
643034be05392799fcc8e83e,5,Delivered Spotify placement as promised!,,2023-04-07T17:20:30.000Z,"March 04, 2023",Telamor,2,US,https://www.trustpilot.com/reviews/643034be05392799fcc8e83e,https://www.trustpilot.com/users/6102d0c87787e2001266a8a8
642b2ed36ac338614183218d,5,AMAZING & HONEST! Company is the real deal!,"What an amazing company! I had tried a few other seemingly more popular ones before finding Daimoon and it was a complete waste of time. They did take a little bit longer to get started, but it was 100% worth the wait, as the results did not lie! These guys are the real deal! I've seen more success with my first round with Daimoon then the other few attempts combined! Will definitely continue to use them in the future and to be honest, I doubt I will look anywhere else. They also respond to every email and it you can tell they actually care. It's a breath of fresh air in this industry dealing with humans that aren't just trying to rip you off!Keep up the amazing and honest work guys!",2023-04-03T21:53:55.000Z,"March 12, 2023",Adam Carrison,1,US,https://www.trustpilot.com/reviews/642b2ed36ac338614183218d,https://www.trustpilot.com/users/642b2ec92746220012c3b369
6427b33b8a8c4566a47f8fe2,5,Good experience,"Good experience, very professional. After i had suggestions the company actually came back to me to assist me, Best company i have used thus far. I even sent them a referal.",2023-05-08T18:25:05.000Z,"February 25, 2023",D Jordan,1,US,https://www.trustpilot.com/reviews/6427b33b8a8c4566a47f8fe2,https://www.trustpilot.com/users/6427b32056f2dc001422b5b9
6426a6975e38576a322ea97c,5,They delivered exactly what I ordered,They delivered exactly what I ordered. Highly recommended!,2023-03-31T11:23:35.000Z,"March 30, 2023",Gregor,1,AT,https://www.trustpilot.com/reviews/6426a6975e38576a322ea97c,https://www.trustpilot.com/users/6426a680d88df10013497716
641b948af218695f2c06468c,5,Good Promo Company,"Took longer than expected, but they delivered good results for the price. Good value.",2023-03-23T01:51:38.000Z,"March 10, 2023",Trevin Wickstrom,3,CA,https://www.trustpilot.com/reviews/641b948af218695f2c06468c,https://www.trustpilot.com/users/641b940fe9df2b0012a4f602
64169adceb400188680f9174,2,authentic playlisting??,"So, I‚Äôm usually hesitant on Spotify playlisting (for good reason), but one of my music affiliates mentioned this site to me and how it helped them get more traction. I ended up trying it out and saw a good initial boost with the first playlist add so i ended up investing more. Now, my first red flag was after I saw one of my songs removed from a playlist. i‚Äôve never seen one of my releases drop plays that significantly right after removal from that big of a playlist. that was my first indicator of bot/farmed streams. since i had already payed for multiple of my other songs, i observed carefully. 3 of my songs were put in the same playlist, 2 of them were added at the same time. as i checked on the streams for those two (multiple days apart) i noticed they were getting the exact same amount of plays from that playlist (red flag #2). i thought maybe i was trippin so i decided to check a few days after. again, same exact amount of plays for those two songs. so, it showed me that they have bots or hired people that leave the playlist on replay, which leads to no outside growth.conclusion, will they you get more plays? yeswill they you get more fans? no",2023-03-19T07:17:16.000Z,"March 09, 2023",soljay,1,US,https://www.trustpilot.com/reviews/64169adceb400188680f9174,https://www.trustpilot.com/users/64169aaf8d9a7d001371f340
6411e8eeaa36a404c923c40b,5,5 stars!,"Daimoon Media has been around since the SoundCloud days, and it's clear to see why they've stood the test of time. I've completed two Spotify campaigns with Daimoon so far (""Bedroom Artist"" and ""One-To-Watch Artist""), and the team has delivered on their promised streams and playlist reach both times.Playlist Placements:The curators did a great job selecting playlists that suited both the genre and mood of my song, thus ensuring that I reach the right audience. This, in turn, also improved the song selection in my Spotify Artist Radio, which is curated algorithmically.Best value for money:Compared to the other services I tried and tested over the past five months, Daimoon generated the most streams for money spent.Customer Service:Mohamed and Dennis were helpful, responsive, and highly transparent about the campaign process.Thanks guys!",2023-03-15T17:49:02.000Z,"February 18, 2023",CB,1,CH,https://www.trustpilot.com/reviews/6411e8eeaa36a404c923c40b,https://www.trustpilot.com/users/6411e535e180080012518beb
6408139bbe35669e8ff73437,5,Awesome!,"Great service, pricing, and communication. Highly recommended!",2023-03-08T06:48:27.000Z,"March 07, 2023",Jay,5,US,https://www.trustpilot.com/reviews/6408139bbe35669e8ff73437,https://www.trustpilot.com/users/63c346b4d4c82200121458d4
640626e4dcfc35a6d34d114e,4,Was my first time using this service‚Ä¶,Was my first time using this service and I was satisfied with the results my track got very helpful customer service and they were there for anything I needed will be using them for more releases for sure,2023-03-06T19:46:12.000Z,"March 06, 2023",Andre Porteous Gordon,1,GB,https://www.trustpilot.com/reviews/640626e4dcfc35a6d34d114e,https://www.trustpilot.com/users/640626694ba5090012bd751d
64037c9304b402f683b255d3,5,I trust these guys,I have used this service a couple of times and the truth is that they really do their job.,2023-03-04T19:14:59.000Z,"March 04, 2022",E.F Music,1,NO,https://www.trustpilot.com/reviews/64037c9304b402f683b255d3,https://www.trustpilot.com/users/64037c3476782f0012b59ef1
6400e4ce66c2d0a6b8e79715,5,It took a while to get started but‚Ä¶,It took a while to get started but honestly the rocky start made me feel a bit more secure about their services. There's usually something suspicious when everything goes as planned immediately. At least that's what the internet has taught me over the years.I would've given them a 4 star as I find that decent enough but I will throw in an extra star because of the polite customer service they have.They seem to take their time and do their best to help you regardless of what price range you are in.My service is still ongoing but so far I can say that I am satisfied and will probably use them again in the future!,2023-03-02T20:02:54.000Z,"March 01, 2023",Oni,1,NL,https://www.trustpilot.com/reviews/6400e4ce66c2d0a6b8e79715,https://www.trustpilot.com/users/6400e4bd30345400139fa837
63f6757a9b64b1bdaf5fc4b6,4,Product is good and well worth the‚Ä¶,Product is good and well worth the price. I just wish the target audience was based more in the U.S. instead of South America.,2023-02-22T22:05:14.000Z,"February 16, 2023",Michael Batts,1,US,https://www.trustpilot.com/reviews/63f6757a9b64b1bdaf5fc4b6,https://www.trustpilot.com/users/63f6757251d12100131ee28e
63f560116f3134764b709557,5,Daimoon makes sure you get the good results,"Used their services a couple of times mainly for my tracks that have been released a couple of months ago to keep the streams counting. Only used the cheapest package. Ive been a satisfied customer, cause both stream count and clientservice through mail is excellent. They make sure your song is placed high enough in a playlist to get the right results! Recommend this service!",2023-02-22T02:21:37.000Z,"February 21, 2023",Richard,1,NL,https://www.trustpilot.com/reviews/63f560116f3134764b709557,https://www.trustpilot.com/users/63f55ffa304d070012b40f3c
63e523a5745e4800219feeb3,5,Great services with real playlists that‚Ä¶,Great services with real playlists that give you real followers,2023-02-09T18:47:33.000Z,"February 09, 2023",lenny cohen,1,US,https://www.trustpilot.com/reviews/63e523a5745e4800219feeb3,https://www.trustpilot.com/users/63e5239c01e1470012715b25
63d567979b64b1bdaf45f05b,5,5 out of 5ive,Great communication service and good effort shown by Team Daimoon. Many options possible. Flexible opportunities and a kind staff who update you through the week.,2023-02-09T13:38:59.000Z,"January 28, 2023",M√†vcase,1,NL,https://www.trustpilot.com/reviews/63d567979b64b1bdaf45f05b,https://www.trustpilot.com/users/63d566d747e9030012fcf3fc
63d45e959b64b1bdaf455303,5,Great service,"Great service, customer service and as advertised would definitely recommend",2023-01-28T01:30:29.000Z,"December 31, 2022",Donte,1,US,https://www.trustpilot.com/reviews/63d45e959b64b1bdaf455303,https://www.trustpilot.com/users/63c6b7ea5d58f80012d40944
63d2af174b01fb3f548dd779,5,I‚Äôm so happy and grateful because I‚Ä¶,I‚Äôm so happy and grateful because I just found Daimoon Media! I just found out about them but I look forward to collaborating for my upcoming tracks!,2023-01-26T18:49:27.000Z,"January 12, 2023",Shayan Se,1,US,https://www.trustpilot.com/reviews/63d2af174b01fb3f548dd779,https://www.trustpilot.com/users/63d2af0fec46f10012b3bce2
63c9d0779b64b1bdaf3d6315,5,Awesome experience,"Awesome experience , they really deliver ! Mohamed goes above and beyong everytime to get you what you need ! Im happy with the results and will always use this platform for playlist pitching",2023-01-20T01:21:27.000Z,"January 19, 2023",Khalil Naji,1,US,https://www.trustpilot.com/reviews/63c9d0779b64b1bdaf3d6315,https://www.trustpilot.com/users/63c9d065ebbc790013b26451
63bd3b9e2338b6d417b52d1b,4,DiamoonMedia was the first Spotify‚Ä¶,"DiamoonMedia was the first Spotify promotion company I've ever used to promote my songs. I started promoting my songs with them about 3 years ago. I can definitely say that they are legit and don't use bots or fake streams. I used their services for about a year and then I stopped for a while.Last November I got an email saying they were offering a Black Friday discount so I decided to promote one of my songs, a Pop/Rock song.  Unfortunately they were not able to place my song in any playlist this time. They tried it for about a month but the song kept being rejected by the curators. To be honest I don't know exactly what those curators are looking for. I'm sure the song is not a masterpiece but it's definitely not a bad song as it's doing quite well on Spotify. During this period Dennis always kept me posted about what was going on and offered me a few options to solve the problem. Their communication is very good and they are very professional.After one month I got very frustrated with all the rejections so I decided to ask for a refund. And in a couple of days I got my money back.",2023-01-10T12:33:31.000Z,"November 27, 2022",Guitar Man,1,US,https://www.trustpilot.com/reviews/63bd3b9e2338b6d417b52d1b,https://www.trustpilot.com/users/63bd3236163c2300120cae55
63b6a4f52338b6d417b07905,5,I tried Daimoon media during their‚Ä¶,"I tried Daimoon media during their Black Friday promotion and submitted 4 tracks for promotion. Two tracks were accepted by curators and another two were rejected. After submitting a few alternatives, which were rejected as well (my music is not standard genre music, so that made sense) . Daimoon refunded me for both tracks.The other two tracks, didn‚Äôt perform well in terms of streams. Daimoon‚Äôs team worked hard to get these to more curators and both tunes are on track to meet Daimoon‚Äôs standards (and I‚Äôm positive that if not, they will do their best to ensure that happens).The streams are real, no fake bots and the company provide great service, which is more important than just the numbers.I definitely recommend using them and I will definitely use their services again in the future.",2023-01-05T12:22:45.000Z,"January 05, 2023",Yaniv Zaidman,1,GB,https://www.trustpilot.com/reviews/63b6a4f52338b6d417b07905,https://www.trustpilot.com/users/63b6a4ed0914b70014960c9c
6395d7ac0b7fc02715db7499,5,"All fixed, Thanks!","I previously left a negative review about Daimoon since I received no communication from the company after my order had been placed and I had not gained the listens my package had promised. After leaving the review the company's founder, Tom, reached out to me to make things right and apologized sincerely. Tom explained to me that they had had a technical issue on their side where my emails were not reaching them. He seemed like an awesome guy and the company seems fully legit and are doing a great thing in promoting artists' work and trying to get them heard across streaming platforms. They offered me a full refund and a promotion package for free as an apology which was really awesome of them. I'll be sure to come back to them again with future releases.",2022-12-22T12:32:55.000Z,"December 11, 2022",mdawg stanton,1,GB,https://www.trustpilot.com/reviews/6395d7ac0b7fc02715db7499,https://www.trustpilot.com/users/6395d6b613b6fb001249ffa2
637499a5b84cc27618ed45b4,5,the best promotion ever,the best promotion ever! thank you so much <3,2022-11-16T10:04:53.000Z,"November 16, 2022",George,1,IL,https://www.trustpilot.com/reviews/637499a5b84cc27618ed45b4,https://www.trustpilot.com/users/63749991b74d4e00123b29f3
6360107db84cc27618de5f02,5,More than expected,"I ran a 2000+ play target campaign on Soundcloud with them and they delivered like they promised. In less than two weeks, I already had 3290 streams, 46 reposts and 94 likes and still counting. I am going to run more campaign on this song with them to reach even more audience.",2022-10-31T20:14:21.000Z,"October 31, 2022",Emmanuel,1,BE,https://www.trustpilot.com/reviews/6360107db84cc27618de5f02,https://www.trustpilot.com/users/6360105c986453001301cbad
63401053350baeeabe6372fe,5,Perfect,"The whole team is very supportive, kind and give you the best advices (even when the song couldn‚Äôt fit the right playlist). Their work ethic is something else and I‚Äôm happy to have worked with them . Highly recommended.",2022-10-07T13:41:07.000Z,"October 07, 2022",Shards,2,IT,https://www.trustpilot.com/reviews/63401053350baeeabe6372fe,https://www.trustpilot.com/users/6340101064bd5f0011d08a52
633a5f584a5fff53cad4baac,4,Daimoonmedia is the real deal,Daimoonmedia is the real deal. No hidden agenda & willing to work with you in the good & bad.  One of my songs did not make it on any playlist they pitched and they offered a refund or a song replacement. Shows they care!,2022-10-03T06:04:40.000Z,"September 29, 2022",FAREED ABDALLAH,5,DO,https://www.trustpilot.com/reviews/633a5f584a5fff53cad4baac,https://www.trustpilot.com/users/5eeb86c8ab68261b91898b67
632ec071e619801c6a608f84,5,Good Cooperation,Good Contact - Email Answers Quick - Good Overview of Playlisting Process inside of a running Promo - You see accepted Playlist and can check - Always reply - nice to work - i can recommend it,2022-09-24T10:31:45.000Z,"September 24, 2022",burn,4,DE,https://www.trustpilot.com/reviews/632ec071e619801c6a608f84,https://www.trustpilot.com/users/548c63ae00006400019d45a0
632b022fe619801c6a5def47,5,They did there job,"They did there job, perfect, thank you :-)",2022-09-21T14:23:11.000Z,"September 21, 2022",Nils Malmport,3,BE,https://www.trustpilot.com/reviews/632b022fe619801c6a5def47,https://www.trustpilot.com/users/631cc02c04478800112890c2
631f33e56a3e1ed2c3d09e18,5,Happy with the results,,2022-09-12T15:28:05.000Z,"September 01, 2022",MATTIA SETTIMELLI MUSIC,2,IT,https://www.trustpilot.com/reviews/631f33e56a3e1ed2c3d09e18,https://www.trustpilot.com/users/631313a9b2a0a300148a8b0a
63190a866a3e1ed2c3ccd5b3,4,At least no bots,"Picked a Spotify playlist pitching, ...For starters - they do not use bots. This is a plus.But they also failed to pitch two songs of mine and that can't be the quality or the style or genre because I can tell via my Spotify artist account that the songs *were not listened to at all*, outside of the usual suspects; no 'curator' even took the time to listen. This begs the question what the process of this pitching actually entails.Fair to say, Daimoon did refund me after acknowledging the failure, so props for that. [...] . Our music may be niche but our very real audience on Soundcloud knows what to like, and as that is already over 1k of real (musically minded) people, this means that there must be hundreds of thousands if not millions of potential listeners out there, [...] it should certainly be possible to connect the music to the audience in some way.Fair enough, that probably is the trickiest bit of the entire music business anyway, especially on a budget... They refunded me. OK.EDIT:Daimoon has been very forthcoming and offered a free YouTube promotion for one of our videos. That is very nice of them and shows commitment to their clients. Thank you very much, Daimoon!",2022-09-12T20:12:46.000Z,"September 07, 2022",PX,7,NL,https://www.trustpilot.com/reviews/63190a866a3e1ed2c3ccd5b3,https://www.trustpilot.com/users/5e2c1d9cfe8989455c22c17d
630a4a656a3e1ed2c3c269fb,2,I purchased $320 Sc promo just for this‚Ä¶,I purchased $320 worth of SoundCloud promotion just to receive real reposts but unfortunately no comments and a very low quantity of plays,2022-08-27T18:46:29.000Z,"August 27, 2022",Tyler Kelstrom,1,US,https://www.trustpilot.com/reviews/630a4a656a3e1ed2c3c269fb,https://www.trustpilot.com/users/630a4a40b2fce80012ad2479
62ff7a95142fce1f45feb62c,5,ive had some issues at the start,"ive had some issues at the start, but this is fixed fast and professionally. I eventually got some great results for my songs. 100% a trustworthy partner, would recommend",2022-08-19T13:57:09.000Z,"August 19, 2022",Naya Yadav,1,US,https://www.trustpilot.com/reviews/62ff7a95142fce1f45feb62c,https://www.trustpilot.com/users/62ff7a8bee8f770012b2fcc2
62f0c7488000af4a8857c747,4,I spent $94 to promote a track‚Ä¶update,"Update:Daimoon deserves credit where it's due.  Apparently there had been some sort of snafu with my first try with them, but they responded and offered a replacement promotion at no charge, very fair.This latest promotion has in fact been producing results.   My material is a bit esoteric, electronic synth music, often sci-fi or fantasy oriented, so it's not the easiest genre to find affinity with.I'm still waiting for the final results with this latest promotion, but at the very least, they do deserve kudos for genuine customer service, much appreciated.However this current promotion turns out, at least it is a real service, I might try other tracks with them (currently have 12 tracks on Spotify).=======================================Original review:I spent $94 to have one of my tracks promoted on Spotify, but nothing happened.  I chose one of my most popular tracks, just to see what would happen.  Maybe it's not a scam, but customer support seems non existent. For almost $100, at least some response should have come back.Proceed at your own risk",2022-08-31T20:19:03.000Z,"August 08, 2022",Charles Ostman,15,US,https://www.trustpilot.com/reviews/62f0c7488000af4a8857c747,https://www.trustpilot.com/users/607334fa6f4d130019dee898
62e7add44c35e69ec51fc706,3,Been better,"Honestly I think their service is great, of course the buyer should be aware that small amounts of money won't result in big big numbers of streams. Promotion costs money, thats the way it is. BUT I started working with DaimoonMedia in 2019 and in my opinion the outcome of my investments got reduced, even tho I always invest the same amounts for all my tracks. The communication is good, you usually get replies within 24h and they will do their best to match your expectations.",2022-08-01T12:41:24.000Z,"August 01, 2022",HRF,1,DE,https://www.trustpilot.com/reviews/62e7add44c35e69ec51fc706,https://www.trustpilot.com/users/62e7adb7b6b8ff00124d014b
62d54c294c35e69ec5126529,5,Pretty solid service,"Pretty solid service if you ask me. I went there with 2 tracks, one got over 5.500 streams, and I did a bigger campaign that got me over 15.000 streams.",2022-07-18T14:03:53.000Z,"July 18, 2022",Rick Powders,1,US,https://www.trustpilot.com/reviews/62d54c294c35e69ec5126529,https://www.trustpilot.com/users/62d54b9de62eae00126f143a
62c9f35de77911f2449f6ad9,1,Similar story to the person below,Similar story to the person below. Although I've seen no difference in my streams at all and it's been 4 days now. I was told this website was legit and was really hoping they were telling the truthh. There's still time fingers crossed.,2022-07-09T23:30:05.000Z,"July 09, 2022",Nathan,2,GB,https://www.trustpilot.com/reviews/62c9f35de77911f2449f6ad9,https://www.trustpilot.com/users/62c9f33afdb0270012d68bec
62c8a7da0c20b4453c342d8a,1,DO NOT SPEND MONEY ON THIS,"DO NOT SPEND MONEY ON THIS, I spent $70 to promote my song ""OTW"" on soundcloud, with the promise that i was going to get atleast 2,000 plays and recognition. Instead what I got was a bunch of repots from bots and few hundred plays with 4 likes, the website has no way to see what you bought and how to view your campaign, it says it would email me in at most 3 days, it has been well over 3 days i have not gotten any email or anything. I am currently trying to get my money back but I doubt i'm gonna even be able to do that.",2022-07-08T23:55:38.000Z,"July 08, 2022",Zay,1,US,https://www.trustpilot.com/reviews/62c8a7da0c20b4453c342d8a,https://www.trustpilot.com/users/62c8a7ca2941c60013082605
62c44223853b02c06c980332,5,Good campaign!,"I did a campaign for one of my tracks called Wildfire, and they did a good job. Thank you guys! :)",2022-07-05T15:52:35.000Z,"July 05, 2022",Tessa Palmer,1,US,https://www.trustpilot.com/reviews/62c44223853b02c06c980332,https://www.trustpilot.com/users/62c441bed4f0e20014d7ee8d
62a971ec6d54f921071641fa,1,Refused to give me my money back after‚Ä¶,"Refused to give me my money back after they put my song into a playlist that was not even relevant to the song or genre. After there was no disclosure about ""explicit content"" in a song, they would not put the song into a correct or appropriate playlist. Then they said I needed to give them a different song... Like who tf puts hours and months into something and then says ""just give us a different song"" when it is a single. Avoid them if you are in a heavier genre.",2022-06-15T07:45:16.000Z,"June 15, 2022",Trevor Bies,1,US,https://www.trustpilot.com/reviews/62a971ec6d54f921071641fa,https://www.trustpilot.com/users/62a971db01ef0a0011949ce8
6296e7a035343b8f5b5dcb58,5,probably hands down most reliable,Daimoon Media is probably hands down the most reliable streaming growth platform out there currently. Coupled along with the new website layout making it so much easier to build a campaign to perfectly fit your liking it has become my number 1 go to promotion tool and really a must have for any new release im planning to drop. Highly recommend For anyone taking their music career serious and trying to take it to the next level!!!,2022-06-01T06:14:24.000Z,"June 01, 2022",LiTGoD‚Ä¶.WOMP,4,US,https://www.trustpilot.com/reviews/6296e7a035343b8f5b5dcb58,https://www.trustpilot.com/users/6274ff93df295b0012061e72
62777772166eb7ecbf406030,5,They really are #1,"Been using different PR services, including services from people that I know personally. however, I'm gonna stick with Daimoon. They're fast, they communicate properly and of course the results my music is getting are amazing!! Can't thank these guys enough",2022-05-08T09:55:30.000Z,"May 08, 2022",Jacob Johnson,1,ID,https://www.trustpilot.com/reviews/62777772166eb7ecbf406030,https://www.trustpilot.com/users/627775ce4fb0430012572595
626cd468f03a9893e97f6011,5,Good service,The service was good and exactly what they announced  on their webpage. It was an immediate reaction and did not take long until the numbers went up. I would take advantage of their service again.,2022-04-30T08:17:13.000Z,"April 30, 2022",JÔøΩrn Saul,10,DE,https://www.trustpilot.com/reviews/626cd468f03a9893e97f6011,https://www.trustpilot.com/users/5a030ddc0000ff000adf966e
6268c3300c4813f76bf5b2ae,5,Surprisingly a great experience,"I've been meaning to try these guys for the longest but kept putting off due to being skeptic but my first experience with them wont be the last because these guys really came through and kept me updated throughout the whole campaign. In my opinion I think these guys playlist promotion is legit because even after the campaign ended my track was still getting organic streams, which is unlike other playlist services where once the campaign ends so do the results.Great service, great customer care and reasonable pricing.",2022-04-27T06:14:40.744Z,"April 27, 2022",beth Daily,2,AU,https://www.trustpilot.com/reviews/6268c3300c4813f76bf5b2ae,https://www.trustpilot.com/users/6268c32527e64c0012e3bff9
6250471bc7628b203ba6b8dd,4,Daimoon is a great company looking to‚Ä¶,Daimoon is a great company looking to help further artist careers. If your a new artist or even an established one looking to get more regular (consistent) monthly listeners- Daimoon is the way to go üëçüèæ,2022-04-08T14:30:51.000Z,"April 08, 2022",Nickulous Taylor,1,US,https://www.trustpilot.com/reviews/6250471bc7628b203ba6b8dd,https://www.trustpilot.com/users/62504701786fd500129141a6
62320902924ebaa0caedf615,5,Achieved excellent results would‚Ä¶,Achieved excellent results would recommend,2022-03-16T15:57:54.000Z,"March 16, 2022",Savannah Perez,1,US,https://www.trustpilot.com/reviews/62320902924ebaa0caedf615,https://www.trustpilot.com/users/623208f613d0f70012c5ab84
622ae04631617ac0e482daa4,5,Awesome service,Awesome service!  Delivers what they promise with your music!,2022-03-11T05:38:14.000Z,"March 11, 2022",Russ Harris,3,US,https://www.trustpilot.com/reviews/622ae04631617ac0e482daa4,https://www.trustpilot.com/users/610b828d33af760012814249
622ade4831617ac0e482da1b,5,This service was awesome,This service was awesome. Definitely see myself coming back to this service again!,2022-03-11T05:29:44.000Z,"March 11, 2022",John McF,1,US,https://www.trustpilot.com/reviews/622ade4831617ac0e482da1b,https://www.trustpilot.com/users/622ade343f71810012ed6605
622a558531617ac0e4829f56,4,A good company with excellent service,A good company with excellent service. Takes a while to take off and tends to use a smaller amount of playlists. But good nonetheless. Results always speak for themselves,2022-03-10T19:46:13.000Z,"March 10, 2022",Layla Rhule,1,JM,https://www.trustpilot.com/reviews/622a558531617ac0e4829f56,https://www.trustpilot.com/users/622a5579c8909b001223c2b8
622a4e5a31617ac0e48297ab,5,My #1 spotify USA promo company.,,2022-03-10T19:15:38.000Z,"March 10, 2022",Christopher Hill,1,US,https://www.trustpilot.com/reviews/622a4e5a31617ac0e48297ab,https://www.trustpilot.com/users/622a4e401c73c20014ab1c81
62226e92445f5107dca8826b,5,Love using daimoon media,Love using daimoon media. They give you real Spotify followers,2022-03-04T19:54:58.000Z,"March 04, 2022",BLK WHT,1,US,https://www.trustpilot.com/reviews/62226e92445f5107dca8826b,https://www.trustpilot.com/users/62226e8452a846001265c0af
622150c0361b35c36d5cccb6,5,I Highly recommend Daimoon Media not‚Ä¶,"I Highly recommend Daimoon Media not only do you get results but it‚Äôs not bots, They pitch your music to multiple playlist that will actually reject your music if the curator doesn‚Äôt think it fitsSo they keep pitching until they find the right fit.",2022-03-03T23:35:28.000Z,"March 03, 2022",Michael Nelson,2,CA,https://www.trustpilot.com/reviews/622150c0361b35c36d5cccb6,https://www.trustpilot.com/users/622150b7a2046900122b89b2
622120c9361b35c36d5cab9f,5,Tom and his team are exceptional,Tom and his team are exceptional and we‚Äôve had nothing incredible results with Daimoon,2022-03-03T20:10:49.000Z,"March 03, 2022",Bobby,1,CA,https://www.trustpilot.com/reviews/622120c9361b35c36d5cab9f,https://www.trustpilot.com/users/62212093a2046900122b7207
61ed6af4e1196e51d76c9a00,5,"good delivery, excellent service","Really nice service provided by the guys from Daimoon media, positve guys, had some questions after ordering and got a quick response. Looking forward to promote more songs with you guys, really hyped for what the future will bring!",2022-01-23T14:49:24.000Z,"January 23, 2022",Ole,3,NL,https://www.trustpilot.com/reviews/61ed6af4e1196e51d76c9a00,https://www.trustpilot.com/users/5f5675d5ad2ca74ae526b049
61e6044ee1196e51d766ee02,5,#DaimoonMediaDelivers,Never fails to keep their end of the bargain! I worked with DaimoonMedia team to run several more campaigns and they always continue to deliver!Big thanks to DaimoonMediaüöÄ,2022-01-27T03:25:17.000Z,"January 18, 2022",Love DaimoonMedia,2,US,https://www.trustpilot.com/reviews/61e6044ee1196e51d766ee02,https://www.trustpilot.com/users/6168a579d0d6b900126a7413
61e59a46e1196e51d7668873,5,"Good campaigns, good results",I enjoyed working with Daimoon on 2 of my tracks. I got featured on decent playlists that did a nice amount of streams. Also the questions that had were answered quickly and professional. 5/5!,2022-01-17T16:33:10.000Z,"January 17, 2022",Rick,1,US,https://www.trustpilot.com/reviews/61e59a46e1196e51d7668873,https://www.trustpilot.com/users/61e59a1e38c8fd0012e990c3
61e332c4e1196e51d76507d8,1,Fooled again,"I ran a completely separate second campaign with Daimoon Media after being contacted by their associate Luka. He attempted to win my business back by offering all kinds of things so when I decided to give them another shot I clarified quite a few of my original concerns. Luka assured me that they could easily reach the follower goal that I paid for and that the songs would be placed on relevant playlists within the agreed upon timeframe. My song was placed on 2 relevant playlists, still falling short of the follower goal. Then the day our agreed upon timeframe ended, before reaching the follower goal, the two playlists I was on immediately removed my song and totally changed their playlists to something completely opposite of the genre my music was featured on before. When I demanded a refund because what was promised was not delivered, Luka refused until I threatened to contest the charge with my bank. He continued to give a sob story about the company using their assets, resources, etc so I shouldn't be owed a refund.This company clearly is out to make money from artists whether they deliver their promised results or not. I made a mistake in running a second campaign with them and if I were you I would steer clear of this company.EDIT (Response to review comment):First I'd like to address the comment about me not leaving room for conversation. I communicated with the representative from this company for weeks sending numerous emails, we had plenty of conversation before and during the campaign. I was guaranteed that this campaign would reach the promised follower count. It did not. Second this company claims that I gained over 10,000 streams from their smaller playlists. This isn't true in any stretch of the imagination and there would be no way for this company to even remotely guess on the amount of streams I gained as they don't have access to my S4A stats. This is a blatant lie by this company. Third, I did demand a refund because the promised reach was not met. When asking for a refund on my previous campaign I was told I wouldn't be given one because the agreed upon follower count was reached. So when on this campaign it was not reached I expected a refund as that is what I was told was the issue in the previous campaign. Now, just as I stated earlier, this company wants to take money from artists whether or not they do what they agreed to do. Again I would recommend never working with this company as they are clearly comfortable lying on their review responses and want to keep your money whether they do what they say they will do or not.",2022-03-08T20:41:12.000Z,"January 15, 2022",Michael Goodrick,8,US,https://www.trustpilot.com/reviews/61e332c4e1196e51d76507d8,https://www.trustpilot.com/users/609d3b884860e80019d11875
618d7021fb38891f5f08fdfb,5,Very good Youtube Promotion,DaimoonMedia delievers the organical views on my Youtube Channel I am looking for. They are doing a very good service! I really can recommend them!,2021-11-11T19:33:53.000Z,"November 11, 2021",Markus,2,AT,https://www.trustpilot.com/reviews/618d7021fb38891f5f08fdfb,https://www.trustpilot.com/users/60c9c6add30865001a08510c
618ce4d1fb38891f5f0848f0,5,Reliable.. organic.. strong delivery,"I've been working with them for the past few months on reach campaigns and the delivery is solid as long as you have realistic expectations about organic growth companies. They provide stream estimate range on the site and ended up in the high spectrum of that. Would say over delivered. I had one playlist that was a bit off genre which is not optimal but got fixed with additional relevant list immediately, so 5 stars from me. Streams and speed of the campaign look all organic. Friendly team responding with care and quite fast.",2021-11-11T09:39:29.000Z,"November 11, 2021",Nick,1,NL,https://www.trustpilot.com/reviews/618ce4d1fb38891f5f0848f0,https://www.trustpilot.com/users/618ce4c24778230012b51f73
616aa41175069a4da486df6d,1,TOTAL BOT FARM!!!!,"So I really wanted to like these guys. I mean I did invest almost $4000 over the course of 2-3 months to get my muisc and my family member's music listed on their ""top"" playlists with 150k+ listeners! So here's what happened. Our songs got added to huge supposedly ""organic playlists"" (that's a lie) I'll get more into it. For the first month or two all of us artists seen huge increases in streams, listeners & followers. The minute we stop running new campaigns by month two ALL of our listeners I'm talking we lost 30k-40k Spotify ""listeners"" and OVER 10k Spotify ""followers"" in LESS than 14 days! This place is a SCAM! SCAM! SCAM! Their so-called ""playlists"" are NOTHING but BOTS!! Save your money don't get suckered in like me. Now I'm disputing ALL charges with my bank. What really sucks is that I was helping my 10yr old & 12yr old to promote their music. After losing thousands of Spotify ""followers"" & thousands of ""listeners"" my poor guys are demoralised & feel depressed because EVERYTHING they originally received has now been taken away!! This has now caused my children to want to give up on even making more music!! This is BULLSH*T service & they steal your money! No REAL results at all! On top of that I looked at my bank statement & all of the charges are coming from ""Dubai""!! TOTAL BOT FARM!!!!!",2021-10-16T10:06:09.000Z,"October 16, 2021",Cold Ca$e,12,US,https://www.trustpilot.com/reviews/616aa41175069a4da486df6d,https://www.trustpilot.com/users/611bf39f1908c00012d87554
6164ea01d12ab8ef51643fcb,5,I have been using Diamoon Media as part‚Ä¶,I have been using Diamoon Media as part of a music marketing strategy for almost a year.  Tom and his team provide outstanding service and delivers quality results on a consistent basis.,2021-10-12T01:50:57.000Z,"October 12, 2021",Matt,1,US,https://www.trustpilot.com/reviews/6164ea01d12ab8ef51643fcb,https://www.trustpilot.com/users/6164e9cd8c8c04001291cd19
6163f70bd12ab8ef51635853,4,Daimoon is as legit as it gets,"I guess it depends on the artist/quality. I must admit these guys have done a pretty good job as far as SoundCloud and Spotify promotions are concerned, I‚Äôve reviewed and researched a many scammers Daimoon Media is not one of them, when you get pitched to some curators and get rejected, it‚Äôs gotta be authentic.",2021-10-11T08:34:19.000Z,"October 11, 2021",BIONIK BLACK,4,US,https://www.trustpilot.com/reviews/6163f70bd12ab8ef51635853,https://www.trustpilot.com/users/61250ecbe5ab760012fd0db2
614d20b5215cfcced26ea38b,5,Repeat customer (my go to for playlist pitching),"Been using these guys for years and always beyond satisfied with their service.  If you expect tons of likes and followers from playlisting, then keep dreaming.   There is so much new amazing music coming out that even I don't save or follow all the stuff I like.    If you aren't getting accepted by better playlist curators, there is a reason for that.   The curators get so many submissions that they have to be picky.",2021-09-24T00:49:57.000Z,"September 24, 2021",MusicMan,7,US,https://www.trustpilot.com/reviews/614d20b5215cfcced26ea38b,https://www.trustpilot.com/users/5fa2d83bbacc87001cbc2d5a
6148cc70215cfcced26b4d80,5,I am not understanding the bad reviews‚Ä¶,"I am not understanding the bad reviews they are receiving on here. I just started a promotion order with them  last week and I can honestly say I am getting streams. As an independent artist with a low budget they have really help me out and I have tried to promote my music so many ways. they are the only one thus far that I can say are a the legit promotion company, especially when you have a low budget.I honestly will order two more . And I definitely will go with their big promotions when I do put a mixtape out.Thank you",2021-09-20T18:01:20.000Z,"September 20, 2021",Jeah Pherys,1,US,https://www.trustpilot.com/reviews/6148cc70215cfcced26b4d80,https://www.trustpilot.com/users/6148cc60be1c8100126f05f7
610d3150f9f48709d4c9e38f,1,Terrible! Avoid at all costs!,"Terrible terrible service, avoid at all costs. Received a placement to a playlist not even remotely close to the genre the track we submit. So far the support team have ignored all messages",2021-08-06T12:55:44.000Z,"August 06, 2021",Tofara Gandiya,1,GB,https://www.trustpilot.com/reviews/610d3150f9f48709d4c9e38f,https://www.trustpilot.com/users/610d314b54bd6b0012c6dd5b
60cb1e21f9f4870a44d737b5,5,Highly recommend!,"I was hesitant to try any sort of pay for playlist exposure, but I am happy to say that Daimoon is very professional and did a great job with my campaign. When they first sent me a reply, I saw playlists that I thought were just examples with thousands of streams such as popular TV shows. I realized though, that Daimoon actually got my song ON those playlists which was awesome! Lots of friends and fans were impressed!They also spend a lot of time circling back to make sure customers are happy, and to protect their reputation.I will use them again soon. HIGHLY RECOMMEND.",2021-06-17T10:04:17.000Z,"June 17, 2021",DS,1,US,https://www.trustpilot.com/reviews/60cb1e21f9f4870a44d737b5,https://www.trustpilot.com/users/60cb1e06d30865001a08e340
608173baf9f48709006990a7,4,ran some orders with them and a few‚Ä¶,ran some orders with them and a few other services to see which I was most fond of. they did really great but the prices were steep. they do good work so it may be worth it,2021-04-22T13:01:46.000Z,"April 22, 2021",Gerard Young,4,CA,https://www.trustpilot.com/reviews/608173baf9f48709006990a7,https://www.trustpilot.com/users/60797684e21a2c001b40df06
6074a54cf85d750870586266,5,The best in the business,"The best in the business, great communication and always deliver the expectations, i will use their services again!Absolutely suggested!!!",2021-04-12T19:53:48.000Z,"April 12, 2021",Gianluca Pizzorno,1,US,https://www.trustpilot.com/reviews/6074a54cf85d750870586266,https://www.trustpilot.com/users/6074a542d50c070019cd07f6
607499b4f85d7508705848cb,5,a great service!,"just started in music and was looking for a company that could help me start up.  My music has been boosted!  I'll definitely return!  Friendly support, definitely recommended!",2021-04-12T19:04:20.000Z,"April 12, 2021",Mar,3,NL,https://www.trustpilot.com/reviews/607499b4f85d7508705848cb,https://www.trustpilot.com/users/607499920a30fd001b08b7d0
60381165f85d7509d8e4ae62,1,Update on this Scammer Company,I was not satisfied with this site at all. I started out with a small campaign. I wasn't expecting much and the service I received was below that. The campaign's plays seemed to be bots and came from the same places like Indonesia. Many of the accounts removed the reposts. They mentioned a partial refund if customers are not satisfied but it is a lie because I couldn't get my money back when I emailed them that I was not satisfied. (F-)Edit: I have been busy and I'm just now responding back to this company's non-response. This company responded back but my response is still the same. I didn't get my money back. I was cheated out of my money. They did a horrible job and I'm never going to use them again. They provided bots to my song & the bots spam my message box on Soundcloud. They accused me of not understanding their rules. I am still not satisfied with the results. I still want my refund. I'm not going to let this go.,2021-08-02T17:30:22.000Z,"February 25, 2021",ChaunaleaTricia Mikien,5,US,https://www.trustpilot.com/reviews/60381165f85d7509d8e4ae62,https://www.trustpilot.com/users/58e3e1f70000ff000a8992ad
65d25b465eb62be1e8098062,4,Great results and kindest attention!,I'm really happy with this site! Most personalized and human attention I've received with a promo service and I'm also getting amazing results!I've always felt too experimental for the mainstream and too mainstream for the experimental; but despite my out of the box kind of sound; they pushed to find a place for me and I'm really thankful to feel that my music is reaching a bigger audience now :)Highly recommend for any emerging artist!Will keep working with them for sure!,2024-02-18T21:32:23.000Z,"December 19, 2023",The Big Blind,2,ES,https://www.trustpilot.com/reviews/65d25b465eb62be1e8098062,https://www.trustpilot.com/users/6509bfb960beab001193fb48
