all_awardings,allow_live_comments,archived,author,author_created_utc,author_flair_background_color,author_flair_css_class,author_flair_richtext,author_flair_template_id,author_flair_text,author_flair_text_color,author_flair_type,author_fullname,author_patreon_flair,author_premium,awarders,banned_by,can_gild,can_mod_post,category,content_categories,contest_mode,created_utc,discussion_type,distinguished,domain,edited,gilded,gildings,hidden,hide_score,id,is_created_from_ads_ui,is_crosspostable,is_meta,is_original_content,is_reddit_media_domain,is_robot_indexable,is_self,is_video,link_flair_background_color,link_flair_css_class,link_flair_richtext,link_flair_template_id,link_flair_text,link_flair_text_color,link_flair_type,locked,media,media_embed,media_only,name,no_follow,num_comments,num_crossposts,over_18,parent_whitelist_status,permalink,pinned,post_hint,preview,pwls,quarantine,removed_by,removed_by_category,retrieved_on,score,secure_media,secure_media_embed,selftext,send_replies,spoiler,stickied,subreddit,subreddit_id,subreddit_name_prefixed,subreddit_subscribers,subreddit_type,suggested_sort,thumbnail,thumbnail_height,thumbnail_width,title,top_awarded_type,total_awards_received,treatment_tags,upvote_ratio,url,view_count,whitelist_status,wls,gallery_data,is_gallery,media_metadata,retrieved_utc,url_overridden_by_dest,removal_reason,approved_by,clicked,created,downs,likes,mod_reports,num_reports,post_categories,report_reasons,rte_mode,saved,selftext_html,ups,user_reports,visited,brand_safe,search_term
[],False,False,RobTheThrone,1393895306.0,,,[],,,,text,t2_fjgve,False,False,[],,True,False,,,False,1677909207,,,self.chinaglass,1678315786.0,0,{},False,False,11hr5zw,False,True,False,False,False,True,True,False,,orange,"[{'e': 'text', 't': 'DHgate'}]",86ce8ae6-d41a-11e4-8696-22000b2e00ec,DHgate,dark,richtext,False,,{},False,t3_11hr5zw,False,12,0,False,,/r/chinaglass/comments/11hr5zw/avoid_number_4_flower_bong_on_top_bongs_sticky/,False,self,"{'enabled': False, 'images': [{'id': 'YLNAr0tIbox-cHYxMj983lbuFlUD8ExPcQpKA7uhePA', 'resolutions': [{'height': 144, 'url': 'https://external-preview.redd.it/_vBo4NzCxOC5TOt7TH4pKbcsXiogPkxxHQkUZyKs9oU.jpg?width=108&amp;crop=smart&amp;auto=webp&amp;v=enabled&amp;s=e312c167b09648e372faa592f0d83fc9fef74f89', 'width': 108}, {'height': 288, 'url': 'https://external-preview.redd.it/_vBo4NzCxOC5TOt7TH4pKbcsXiogPkxxHQkUZyKs9oU.jpg?width=216&amp;crop=smart&amp;auto=webp&amp;v=enabled&amp;s=b374ed2bfce8777dff434876e451cfa5991c8c21', 'width': 216}, {'height': 426, 'url': 'https://external-preview.redd.it/_vBo4NzCxOC5TOt7TH4pKbcsXiogPkxxHQkUZyKs9oU.jpg?width=320&amp;crop=smart&amp;auto=webp&amp;v=enabled&amp;s=9ebc2bda8a5d2dce60f55fd109445b9445007e53', 'width': 320}, {'height': 853, 'url': 'https://external-preview.redd.it/_vBo4NzCxOC5TOt7TH4pKbcsXiogPkxxHQkUZyKs9oU.jpg?width=640&amp;crop=smart&amp;auto=webp&amp;v=enabled&amp;s=bacebc8331d2e1735d8bd83421dd9ba080a5cd5a', 'width': 640}, {'height': 1280, 'url': 'https://external-preview.redd.it/_vBo4NzCxOC5TOt7TH4pKbcsXiogPkxxHQkUZyKs9oU.jpg?width=960&amp;crop=smart&amp;auto=webp&amp;v=enabled&amp;s=78af9705e4856e24e77304946fa678fcdab08457', 'width': 960}, {'height': 1440, 'url': 'https://external-preview.redd.it/_vBo4NzCxOC5TOt7TH4pKbcsXiogPkxxHQkUZyKs9oU.jpg?width=1080&amp;crop=smart&amp;auto=webp&amp;v=enabled&amp;s=8d7c0eb5edba43a86fe4c76c28588cb151b0d51d', 'width': 1080}], 'source': {'height': 1600, 'url': 'https://external-preview.redd.it/_vBo4NzCxOC5TOt7TH4pKbcsXiogPkxxHQkUZyKs9oU.jpg?auto=webp&amp;v=enabled&amp;s=64aeeb9da89480180013b7b79f38e56d9d27f4a3', 'width': 1200}, 'variants': {}}]}",,False,,,1681021341.0,16,,{},"I do not recommend option number 4 Multi-Perc Straight Tube for flower bongs. They sent me a piece that leaks and told me to just use liquid glue on it and only offered a $20 refund. Then they offered to send me a random $40 bong. Going to have to escalate. Seller is daimoon.

Before they suggested I use liquid glue I was asking for a replacement. After the liquid glue statement I asked for a refund instead.

Proof: https://www.dropbox.com/s/yvb8km7hj2opafk/IMG_7936.MOV?dl=0

Edit: Update, dhgate offered a partial refund for $40 and I keep it or I can send it back for a full refund paying out of pocket for shipping and hoping within a few months I get a refund and a refund on my shipping. I’ve looked into it and others on Reddit have said that if you pay to ship it back they give you your shipping money back in the form of dhgate credit. So I will be opening a dispute with my credit card.",True,False,False,chinaglass,t5_37k43,r/chinaglass,24105.0,public,,self,,,Avoid Number 4 Flower Bong on Top Bongs sticky,,0.0,[],0.9,https://www.reddit.com/r/chinaglass/comments/11hr5zw/avoid_number_4_flower_bong_on_top_bongs_sticky/,,,,,,,,,,,,,,,,,,,,,,,,,,daimoon
[],False,False,[deleted],,,,,,,dark,,,,,,,False,,,,False,1615051134,,,reddit.com,False,0,{},False,False,lz69s6,False,False,False,False,False,False,False,False,,,[],,,dark,text,False,,{},False,t3_lz69s6,False,1,0,False,no_ads,/r/chinaglass/comments/lz69s6/my_new_daimoon_20_inch_4_perc_bong_with_r/,False,,,0.0,False,,deleted,,5,,{},[deleted],True,False,False,chinaglass,t5_37k43,,20435.0,public,,default,140.0,140.0,my new daimoon 20 inch 4 perc bong with R ashcatcher,,0.0,[],0.86,https://www.reddit.com/gallery/lz69s6,,no_ads,0.0,,True,,1623413250.0,https://www.reddit.com/gallery/lz69s6,,,,,,,,,,,,,,,,,,daimoon
[],False,False,[deleted],,,,,,,dark,,,,,,,False,,,,False,1612461962,,,self.WeAreTheMusicMakers,False,0,{},False,False,lclt5i,False,False,False,False,False,False,True,False,,,[],,,dark,text,False,,{},False,t3_lclt5i,True,2,0,False,all_ads,/r/WeAreTheMusicMakers/comments/lclt5i/daimoon_media/,False,,,6.0,False,,deleted,,1,,{},[removed],True,False,False,WeAreTheMusicMakers,t5_2qmah,,1659424.0,public,,default,,,Daimoon Media,,0.0,[],1.0,https://www.reddit.com/r/WeAreTheMusicMakers/comments/lclt5i/daimoon_media/,,all_ads,6.0,,,,1623373985.0,,,,,,,,,,,,,,,,,,,daimoon
[],False,False,QcbBobMarley,1569773465.0,,,[],,,,text,t2_4e351uzn,False,False,,,True,,,,False,1609630007,,,i.redd.it,False,0,{},False,False,kp8edv,False,True,False,False,True,True,False,False,,orange,"[{'e': 'text', 't': 'DHgate'}]",,DHgate,dark,richtext,False,,{},False,t3_kp8edv,False,13,0,False,no_ads,/r/chinaglass/comments/kp8edv/dhgate_daimoon_20_inch_7mm_thick_4_perc_straight/,False,image,"{'enabled': True, 'images': [{'id': '7uJF1CUTK9BZVIFkh74J-lzPb2YgnO1ITtU71pl3TR0', 'resolutions': [{'height': 108, 'url': 'https://preview.redd.it/z3xwudqh60961.jpg?width=108&amp;crop=smart&amp;auto=webp&amp;s=0c8b0e0abc351a044ff9a59d6681997c994d8541', 'width': 108}, {'height': 216, 'url': 'https://preview.redd.it/z3xwudqh60961.jpg?width=216&amp;crop=smart&amp;auto=webp&amp;s=81d9286df2bd64d000c7ca9399c3d4f85642424e', 'width': 216}, {'height': 320, 'url': 'https://preview.redd.it/z3xwudqh60961.jpg?width=320&amp;crop=smart&amp;auto=webp&amp;s=86c3d3573712de8259d7fd8bef6abf52b0d288a9', 'width': 320}, {'height': 640, 'url': 'https://preview.redd.it/z3xwudqh60961.jpg?width=640&amp;crop=smart&amp;auto=webp&amp;s=4685103caaf68a3882f4713f49dd5a7ffb8dd37a', 'width': 640}], 'source': {'height': 800, 'url': 'https://preview.redd.it/z3xwudqh60961.jpg?auto=webp&amp;s=ce404f58de44c441396818f1a31a3d7478172ccd', 'width': 800}, 'variants': {}}]}",0.0,False,,,,2,,{},,True,False,False,chinaglass,t5_37k43,,20427.0,public,,https://b.thumbs.redditmedia.com/wcDouM5wZ9bZfMmf76is93TaL-xhK8Dxl_p3GxV4x7A.jpg,140.0,140.0,dhgate Daimoon 20 inch/ 7mm thick / 4 perc straight tube!,,0.0,[],1.0,https://i.redd.it/z3xwudqh60961.jpg,,no_ads,0.0,,,,1623331700.0,https://i.redd.it/z3xwudqh60961.jpg,,,,,,,,,,,,,,,,,,daimoon
"[{'award_sub_type': 'GLOBAL', 'award_type': 'global', 'awardings_required_to_grant_benefits': None, 'coin_price': 100, 'coin_reward': 0, 'count': 1, 'days_of_drip_extension': 0, 'days_of_premium': 0, 'description': ""Shows the Silver Award... and that's it."", 'end_date': None, 'giver_coin_reward': None, 'icon_format': None, 'icon_height': 512, 'icon_url': 'https://www.redditstatic.com/gold/awards/icon/silver_512.png', 'icon_width': 512, 'id': 'gid_1', 'is_enabled': True, 'is_new': False, 'name': 'Silver', 'penny_donate': None, 'penny_price': None, 'resized_icons': [{'height': 16, 'url': 'https://www.redditstatic.com/gold/awards/icon/silver_16.png', 'width': 16}, {'height': 32, 'url': 'https://www.redditstatic.com/gold/awards/icon/silver_32.png', 'width': 32}, {'height': 48, 'url': 'https://www.redditstatic.com/gold/awards/icon/silver_48.png', 'width': 48}, {'height': 64, 'url': 'https://www.redditstatic.com/gold/awards/icon/silver_64.png', 'width': 64}, {'height': 128, 'url': 'https://www.redditstatic.com/gold/awards/icon/silver_128.png', 'width': 128}], 'resized_static_icons': [{'height': 16, 'url': 'https://www.redditstatic.com/gold/awards/icon/silver_16.png', 'width': 16}, {'height': 32, 'url': 'https://www.redditstatic.com/gold/awards/icon/silver_32.png', 'width': 32}, {'height': 48, 'url': 'https://www.redditstatic.com/gold/awards/icon/silver_48.png', 'width': 48}, {'height': 64, 'url': 'https://www.redditstatic.com/gold/awards/icon/silver_64.png', 'width': 64}, {'height': 128, 'url': 'https://www.redditstatic.com/gold/awards/icon/silver_128.png', 'width': 128}], 'start_date': None, 'static_icon_height': 512, 'static_icon_url': 'https://www.redditstatic.com/gold/awards/icon/silver_512.png', 'static_icon_width': 512, 'subreddit_coin_reward': 0, 'subreddit_id': None, 'tiers_by_required_awardings': None}, {'award_sub_type': 'GLOBAL', 'award_type': 'global', 'awardings_required_to_grant_benefits': None, 'coin_price': 75, 'coin_reward': 0, 'count': 1, 'days_of_drip_extension': 0, 'days_of_premium': 0, 'description': ""Everything's better with a good hug"", 'end_date': None, 'giver_coin_reward': 0, 'icon_format': 'PNG', 'icon_height': 2048, 'icon_url': 'https://i.redd.it/award_images/t5_22cerq/5smbysczm1w41_Hugz.png', 'icon_width': 2048, 'id': 'award_ce5f9ce6-49d9-4905-9228-22950e889206', 'is_enabled': False, 'is_new': False, 'name': 'Hugz', 'penny_donate': 0, 'penny_price': 0, 'resized_icons': [{'height': 16, 'url': 'https://preview.redd.it/award_images/t5_22cerq/5smbysczm1w41_Hugz.png?width=16&amp;height=16&amp;auto=webp&amp;s=7a3164ef705ae0a41198e29767e4a51fd86e2dcd', 'width': 16}, {'height': 32, 'url': 'https://preview.redd.it/award_images/t5_22cerq/5smbysczm1w41_Hugz.png?width=32&amp;height=32&amp;auto=webp&amp;s=5c621179e63f7f6fbb6a0807367bd79467878784', 'width': 32}, {'height': 48, 'url': 'https://preview.redd.it/award_images/t5_22cerq/5smbysczm1w41_Hugz.png?width=48&amp;height=48&amp;auto=webp&amp;s=ebf40f79a711e9c4206f5f841235e43697f7a3f5', 'width': 48}, {'height': 64, 'url': 'https://preview.redd.it/award_images/t5_22cerq/5smbysczm1w41_Hugz.png?width=64&amp;height=64&amp;auto=webp&amp;s=18dad26bb669e202c42ff6b742d6c0f9d1e62ee9', 'width': 64}, {'height': 128, 'url': 'https://preview.redd.it/award_images/t5_22cerq/5smbysczm1w41_Hugz.png?width=128&amp;height=128&amp;auto=webp&amp;s=61ccae2b32cfbf2f26bd53c9d1287d1235da4d68', 'width': 128}], 'resized_static_icons': [{'height': 16, 'url': 'https://preview.redd.it/award_images/t5_22cerq/5smbysczm1w41_Hugz.png?width=16&amp;height=16&amp;auto=webp&amp;s=7a3164ef705ae0a41198e29767e4a51fd86e2dcd', 'width': 16}, {'height': 32, 'url': 'https://preview.redd.it/award_images/t5_22cerq/5smbysczm1w41_Hugz.png?width=32&amp;height=32&amp;auto=webp&amp;s=5c621179e63f7f6fbb6a0807367bd79467878784', 'width': 32}, {'height': 48, 'url': 'https://preview.redd.it/award_images/t5_22cerq/5smbysczm1w41_Hugz.png?width=48&amp;height=48&amp;auto=webp&amp;s=ebf40f79a711e9c4206f5f841235e43697f7a3f5', 'width': 48}, {'height': 64, 'url': 'https://preview.redd.it/award_images/t5_22cerq/5smbysczm1w41_Hugz.png?width=64&amp;height=64&amp;auto=webp&amp;s=18dad26bb669e202c42ff6b742d6c0f9d1e62ee9', 'width': 64}, {'height': 128, 'url': 'https://preview.redd.it/award_images/t5_22cerq/5smbysczm1w41_Hugz.png?width=128&amp;height=128&amp;auto=webp&amp;s=61ccae2b32cfbf2f26bd53c9d1287d1235da4d68', 'width': 128}], 'start_date': None, 'static_icon_height': 2048, 'static_icon_url': 'https://i.redd.it/award_images/t5_22cerq/5smbysczm1w41_Hugz.png', 'static_icon_width': 2048, 'subreddit_coin_reward': 0, 'subreddit_id': None, 'tiers_by_required_awardings': None}]",True,True,BlancoDj,1570897550.0,,,[],,,,text,t2_4s6u3o66,False,False,,,True,,,,False,1597411016,,,self.WeAreTheMusicMakers,False,0,{'gid_1': 1},False,False,i9lrx0,False,True,False,False,False,True,True,False,,,[],,,dark,text,False,,{},False,t3_i9lrx0,False,137,0,False,all_ads,/r/WeAreTheMusicMakers/comments/i9lrx0/music_promotion_review_1_fiverr_gigs_for_spotify/,False,,,6.0,False,,,,256,,{},"\*\*Message before reading, the goal of this post is not to promote my music at all but to see the results you can get with fiverr promotion for artists. All links have been disabled but I'll post the full article with the links to seller on my page\*\*

Hey what’s up producers!

I am writing this post today to talk about the different promotion tools available to us and since I recently got my second track out (The Trek) I decided that I would be offering my money to science and try out these different services available. I tried to take the most “legit” offers, what I mean is that I took a look at the general reviews of the previous customers and I also removed all the offers that promised a precise amount of views since it is generally bots.The prices are between 10$ and 25$ for all options.

**Background**

Before we dive into the subject: I am a 21 year old Canadian producer and I’ve been making music for less than 5 months (This is why my track is far from being the best but I still feel proud of it and I also welcome any constructive comments about it) I’m a big fan of progressive house/future bass (Martin Garrix is my MVP) and I am really into edm. I’m currently studying marketing in school, which is why this is very interesting to me. Note that I didn’t make any big announcements before getting my music out.

*I am saying all that just to explain that the results of this experience are only coming from paid marketing.*

Disclaimer: I am fully aware that the first rule to be able to make it in the music industry is to master your craft first and release good music, but I’m not patient and I prefer to use the lean startup. So I know that my music is not really a revolution but I still want to proceed with this experience :)

*The goal:* Bring awareness to my new track “The Trek”, get 50 new followers and 500 new plays on Spotify. I currently have 257 monthly listeners and about 600 streams from my first release.

*The plan:*

Release my track on all platforms using Distrokid but concentrate my resources on Spotify for this experience. I choose this platform based on my personal preferences.I tried to run the campaigns in a way that they don’t overlap to see the effectiveness of each ads but, since they are promising “organic traffic” it is possible that the views come later for certain offers. I am also starting with only fiverr gigs but, for my future tracks I am planning on using other different options such as omari,daimoon, zire, etc. If you have any suggestions drop them in the comments and I’ll review them with pleasure! I am also thinking about creating videos about these reviews so let me know if it would be easier to watch to see if it is worth it, there is also a pictured format of this review on my Instagram page. If there are any interesting metrics missing for you don’t hesitate to tell me, I will add them in my next reviews.

*\*Note that all amounts are in Canadian dollars and the tip is not included\**

**The offers I selected:**

**Option 1:** Use the offer of fine\_articles to put my song in front of 150k active listeners for a total of three days.

Price: ***17.00$***

***Results:***

*Ordered on:* 31/07/2020

***Date of service:*** **31/07/2020 to 02/08/2020**

***Amount of new plays:*** **7,500**

***Amount of new followers:*** **123**

*Comments:* The delivery was quick and effective, I got a lot of new streams and monthly listeners. Everything was coming from my “other listener’s playlists” so I assume that it was indeed organic promotion or at least it was looking a lot like it. I was able to see from which playlists the views were coming from and I got listeners from all over the U.S. in many different cities. I recommend this seller, he delivered what he was offering and went higher than my expectations. I felt like the streams were very legit but feel free to let me know your opinion!

**Option 2:** Use the offer of ""Anniegraphics"" to get my song in front of 50k active listeners for a total of three days. Price: ***16.88$***

***Results:***

*Ordered on:* *03/08/2020*

***Date of service:*** **03/08/2020 to 06/08/2020**

***Amount of new plays:*** **6,800 (total 14.2k)**

***Amount of new followers:*** **Gain 139 but they all disappeared two days after.**

*Comments:* The seller was responsive and started the delivery on the same day I ordered it. The results were still very acceptable for a 17$ gig, the fact that I lost all my new followers two days after the end of the gigs is really bugging me out and making me think they were bots.

**Option 3:** Use the offer of ""Articlemaniac01"" to put my song in front of 350k active listeners for a total of five days.

Price: ***23.65$***

***Results:***

*Ordered on: 06/08/2020*

*Date of service:* 06/08/2020 to 11/08/2020

*Amount of new plays:* 2,200

*Amount of new followers:* 236

Comments: I am writing this on the 8 of august and the seller marked the delivery as “in progress” but I am currently receiving no stream at all and it has been more than two days, I am becoming septic. **Update:** on the 11th the order is updated and it is marked as completed, I have received the following results based of placement on 2 playlists. The problem is that one of the playlist has around 3.5k of likes and the other one has 4. The problem? Each one bring me about 1.1k of streams. Seeing the results is making me doubt a lot about the quality of the streams I got. I am not recommending this seller at all after this new information. I posted a review expressing my doubts about this gig and the seller contacted me saying that he changed the strategy of the promotion to email marketing but was not able to provide any proof of that.

&amp;#x200B;

||Cost|Number of days|Streams|Followers|
|:-|:-|:-|:-|:-|
|Offer 1|17.00$|3 days|7,500|123|
|Offer 2|16.88$|3 days|6,800|139\*|
|Offer 3|23.65$|5 days\*\*|2,200|236|
|***Total***|***57.53$***|***13 days***|***16,500***|***359***|

\*All disappeared after the promotion

\*\* Really started at the end of the second day so more like 3 full days of promotion...

**To conclude**, I think that the services of music promotion for artists are very sketch, you are never able to be sure that the streams you got were real and seller offer very few to no evidence at all of the campaigns they run. If you had to choose, I would only recommend the first seller who is Fine\_articles, because to me, this is the only seller that really made me think it was real and I was able to see from where the streams were coming and look legit. So it is not a surprise that I was able to reach my goals for this campaign.

Like mentioned above, I am working on new tracks that will be a lot more professional than this one with vocalists and real sound engineer so don't hesitate to comment which music promotion for independent artists you would like to see here and I'll try to add them to my list!

Thanks for your time reading this and if it was interesting for you, follow me on social media because I am already working on many more of these!",True,False,False,WeAreTheMusicMakers,t5_2qmah,,1657940.0,public,,self,,,Music Promotion review #1: Fiverr gigs for Spotify promotion under 25$,,2.0,[],0.9,https://www.reddit.com/r/WeAreTheMusicMakers/comments/i9lrx0/music_promotion_review_1_fiverr_gigs_for_spotify/,,all_ads,6.0,,,,1622939161.0,,,,,,,,,,,,,,,,,,,daimoon
[],False,False,[deleted],,,,,,,dark,,,,,[],,False,False,,,False,1576932953,,,imgur.com,False,0,{},False,,edpmde,,False,False,False,False,False,False,False,,,[],,,dark,text,False,"{'oembed': {'description': 'Post with 6 votes and 23 views. Shared by DetectiveSquisher. Daimoon ash catch self modification', 'height': 716, 'html': '&lt;iframe class=""embedly-embed"" src=""https://cdn.embedly.com/widgets/media.html?src=https%3A%2F%2Fimgur.com%2Fa%2FNVk11EF%2Fembed%3Fpub%3Dtrue%26ref%3Dhttps%253A%252F%252Fembed.ly%26w%3D500&amp;url=https%3A%2F%2Fimgur.com%2Fa%2FNVk11EF&amp;image=https%3A%2F%2Fi.imgur.com%2FEI8d4Av.jpg%3Ffbplay&amp;key=ed8fa8699ce04833838e66ce79ba05f1&amp;type=text%2Fhtml&amp;schema=imgur"" width=""500"" height=""716"" scrolling=""no"" frameborder=""0"" allow=""autoplay; fullscreen"" allowfullscreen=""true""&gt;&lt;/iframe&gt;', 'provider_name': 'Imgur', 'provider_url': 'http://imgur.com', 'thumbnail_height': 315, 'thumbnail_url': 'https://i.imgur.com/EI8d4Av.jpg?fbplay', 'thumbnail_width': 600, 'title': 'Daimoon ash catch self modification', 'type': 'rich', 'url': 'https://imgur.com/a/NVk11EF', 'version': '1.0', 'width': 500}, 'type': 'imgur.com'}","{'content': '&lt;iframe class=""embedly-embed"" src=""https://cdn.embedly.com/widgets/media.html?src=https%3A%2F%2Fimgur.com%2Fa%2FNVk11EF%2Fembed%3Fpub%3Dtrue%26ref%3Dhttps%253A%252F%252Fembed.ly%26w%3D500&amp;url=https%3A%2F%2Fimgur.com%2Fa%2FNVk11EF&amp;image=https%3A%2F%2Fi.imgur.com%2FEI8d4Av.jpg%3Ffbplay&amp;key=ed8fa8699ce04833838e66ce79ba05f1&amp;type=text%2Fhtml&amp;schema=imgur"" width=""500"" height=""716"" scrolling=""no"" frameborder=""0"" allow=""autoplay; fullscreen"" allowfullscreen=""true""&gt;&lt;/iframe&gt;', 'height': 716, 'scrolling': False, 'width': 500}",False,,True,1,0,False,,/r/ChinaBongs/comments/edpmde/matrix_mornings_b2b_daimoon_ash_catch_self/,False,,,,False,,deleted,1586861457.0,1,"{'oembed': {'description': 'Post with 6 votes and 23 views. Shared by DetectiveSquisher. Daimoon ash catch self modification', 'height': 716, 'html': '&lt;iframe class=""embedly-embed"" src=""https://cdn.embedly.com/widgets/media.html?src=https%3A%2F%2Fimgur.com%2Fa%2FNVk11EF%2Fembed%3Fpub%3Dtrue%26ref%3Dhttps%253A%252F%252Fembed.ly%26w%3D500&amp;url=https%3A%2F%2Fimgur.com%2Fa%2FNVk11EF&amp;image=https%3A%2F%2Fi.imgur.com%2FEI8d4Av.jpg%3Ffbplay&amp;key=ed8fa8699ce04833838e66ce79ba05f1&amp;type=text%2Fhtml&amp;schema=imgur"" width=""500"" height=""716"" scrolling=""no"" frameborder=""0"" allow=""autoplay; fullscreen"" allowfullscreen=""true""&gt;&lt;/iframe&gt;', 'provider_name': 'Imgur', 'provider_url': 'http://imgur.com', 'thumbnail_height': 315, 'thumbnail_url': 'https://i.imgur.com/EI8d4Av.jpg?fbplay', 'thumbnail_width': 600, 'title': 'Daimoon ash catch self modification', 'type': 'rich', 'url': 'https://imgur.com/a/NVk11EF', 'version': '1.0', 'width': 500}, 'type': 'imgur.com'}","{'content': '&lt;iframe class=""embedly-embed"" src=""https://cdn.embedly.com/widgets/media.html?src=https%3A%2F%2Fimgur.com%2Fa%2FNVk11EF%2Fembed%3Fpub%3Dtrue%26ref%3Dhttps%253A%252F%252Fembed.ly%26w%3D500&amp;url=https%3A%2F%2Fimgur.com%2Fa%2FNVk11EF&amp;image=https%3A%2F%2Fi.imgur.com%2FEI8d4Av.jpg%3Ffbplay&amp;key=ed8fa8699ce04833838e66ce79ba05f1&amp;type=text%2Fhtml&amp;schema=imgur"" width=""500"" height=""716"" scrolling=""no"" frameborder=""0"" allow=""autoplay; fullscreen"" allowfullscreen=""true""&gt;&lt;/iframe&gt;', 'height': 716, 'media_domain_url': 'https://www.redditmedia.com/mediaembed/edpmde', 'scrolling': False, 'width': 500}",[deleted],True,False,False,ChinaBongs,t5_29ju9z,r/ChinaBongs,65.0,restricted,,default,73.0,140.0,Matrix mornings b2b daimoon ash catch self modified down stem.,,0.0,[],,https://imgur.com/gallery/NVk11EF,,,,,,,,,,,,,,,,,,,,,,,,,,daimoon
[],False,False,DetectiveSquish,1568502658.0,,,[],,,,text,t2_4l8fnvt4,False,False,[],,True,False,,,False,1576931663,,,i.redd.it,False,0,{},False,,edpfrh,,True,False,False,True,True,False,False,,,[],,,dark,text,False,,{},False,,False,31,0,False,,/r/chinaglass/comments/edpfrh/wakenbacon_with_the_matrix_plus_daimoon_ash_catch/,False,image,"{'enabled': True, 'images': [{'id': 'eKAr1UZ5flkG3wJW-0X4oyZtA1SogkDT6ElkWt4w1Ww', 'resolutions': [{'height': 192, 'url': 'https://preview.redd.it/rpc7covxdz541.jpg?width=108&amp;crop=smart&amp;auto=webp&amp;s=6664ec88753d05811e4ba531b249a0901262eb7b', 'width': 108}, {'height': 384, 'url': 'https://preview.redd.it/rpc7covxdz541.jpg?width=216&amp;crop=smart&amp;auto=webp&amp;s=fd289770d13b39e5ea0e017839852bf64baa6e0c', 'width': 216}, {'height': 568, 'url': 'https://preview.redd.it/rpc7covxdz541.jpg?width=320&amp;crop=smart&amp;auto=webp&amp;s=8159c51ed7b59c5957645d8088d897bad07c82e0', 'width': 320}, {'height': 1137, 'url': 'https://preview.redd.it/rpc7covxdz541.jpg?width=640&amp;crop=smart&amp;auto=webp&amp;s=853b8d1bf47581b752a38113d71fc074066b2f8a', 'width': 640}], 'source': {'height': 1280, 'url': 'https://preview.redd.it/rpc7covxdz541.jpg?auto=webp&amp;s=03dc71374edc38e9ee72c6f123dc8c8ad66edd7e', 'width': 720}, 'variants': {}}]}",,False,,,1586861370.0,32,,{},,True,False,False,chinaglass,t5_37k43,r/chinaglass,15598.0,public,,https://b.thumbs.redditmedia.com/hVcWelvkSLLuFy2rT9GXAa8FxIX6IRhJKumH3fLYzTI.jpg,140.0,140.0,Wakenbacon with the matrix. Plus daimoon ash catch with self modified down stem.,,0.0,[],,https://i.redd.it/rpc7covxdz541.jpg,,,,,,,,,,,,,,,,,,,,,,,,,,daimoon
[],False,False,goodvibes2018,1515875792.0,,,[],,,,text,t2_c7reg7w,False,,,,True,False,,,False,1564880722,,,self.edmproduction,False,0,{},False,,clqe7k,,False,False,False,False,False,True,False,,,[],,,dark,text,False,,{},False,,False,1,0,False,all_ads,/r/edmproduction/comments/clqe7k/what_is_daimoon_market_is_it_better_than_submithub/,False,,,6.0,False,,,1566405811.0,3,,{},[removed],True,False,False,edmproduction,t5_2sa4x,r/edmproduction,275417.0,public,,default,,,What is Daimoon Market? Is it better than SubmitHub?,,0.0,,,https://www.reddit.com/r/edmproduction/comments/clqe7k/what_is_daimoon_market_is_it_better_than_submithub/,,all_ads,6.0,,,,,,,,,,,,,,,,,,,,,,,daimoon
[],False,False,Abu_Faissel,1540812168.0,,,[],,,,text,t2_2i1k3b1n,False,,,,True,False,,,False,1561010175,,,self.chinaglass,False,0,{},False,,c2s92c,,True,False,False,False,True,True,False,,blue,"[{'e': 'text', 't': 'Review'}]",3756797a-37c3-11e6-899e-0ee62a832d0b,Review,dark,richtext,False,,{},False,,False,26,0,False,,/r/chinaglass/comments/c2s92c/got_this_piece_in_5_days_and_it_works_amazing/,False,self,"{'enabled': False, 'images': [{'id': 'pIJTLKrFwHXIrJzH580Bz7Zju0AdhrQi-_qKSXGWoR4', 'resolutions': [{'height': 191, 'url': 'https://external-preview.redd.it/sNrUsapcWza71Dw-KrYIB4Uxo81TJPAmdv-94EnPTvY.jpg?width=108&amp;crop=smart&amp;auto=webp&amp;s=4609d18816798e81bdff5975e0f2d27dc00e4b1d', 'width': 108}, {'height': 382, 'url': 'https://external-preview.redd.it/sNrUsapcWza71Dw-KrYIB4Uxo81TJPAmdv-94EnPTvY.jpg?width=216&amp;crop=smart&amp;auto=webp&amp;s=efbffe7cabde115a0b9c8a6735d83bf865952a7b', 'width': 216}, {'height': 566, 'url': 'https://external-preview.redd.it/sNrUsapcWza71Dw-KrYIB4Uxo81TJPAmdv-94EnPTvY.jpg?width=320&amp;crop=smart&amp;auto=webp&amp;s=4f4108a5c0bdcaf5116c1776ee8846f102ed87c8', 'width': 320}, {'height': 1133, 'url': 'https://external-preview.redd.it/sNrUsapcWza71Dw-KrYIB4Uxo81TJPAmdv-94EnPTvY.jpg?width=640&amp;crop=smart&amp;auto=webp&amp;s=8057f7ece70fc3a59068d436cc77daa8ebe174c2', 'width': 640}, {'height': 1700, 'url': 'https://external-preview.redd.it/sNrUsapcWza71Dw-KrYIB4Uxo81TJPAmdv-94EnPTvY.jpg?width=960&amp;crop=smart&amp;auto=webp&amp;s=9477a7bb5a4a5f964e8d47e9ad38922f9c222cb1', 'width': 960}, {'height': 1913, 'url': 'https://external-preview.redd.it/sNrUsapcWza71Dw-KrYIB4Uxo81TJPAmdv-94EnPTvY.jpg?width=1080&amp;crop=smart&amp;auto=webp&amp;s=8424bff915c36aa124c9d83a888725dc3e8d65d3', 'width': 1080}], 'source': {'height': 3968, 'url': 'https://external-preview.redd.it/sNrUsapcWza71Dw-KrYIB4Uxo81TJPAmdv-94EnPTvY.jpg?auto=webp&amp;s=167791a4bbcaca79a74460e279eb2c3bc5c14b11', 'width': 2240}, 'variants': {}}]}",,False,,,1566703159.0,28,,{},"A big thumbs up for the seller @daimoon and for this piece it came in 5 days!!! To Israel which is very fucking fast and in great condition and a great packaging. I orderd it on the 13/06  and got it in 18/06!  What I have to say is the seller was very fast and responsive to my questions. Unfortunately I can't smoke out of this piece at the moment due to legal issiues but of course I tried it without smoking and the function is amazing,it feels thick (6-7mm thick) and good pretty durable but surely I wouldn't test it. it is HUGE - 20"" or 52 cm, great size for me because I like 'em biggg haha. One only downside is the matrix perk at the top doesn't sit evenly in the middle but it's just a minor flaw and a cosmetic one because the function is amazing on it.
70 bucks for this piece is a great price and a bang for the buck as you say. I also got it with a ashcatcher with a removable downstem because it does not need any Percolation or drag more than it does already, trust me get a dry ash catcher - got it for 13 bucks and it's well worth because it keeps this beauty clean! 
Just saying this is not the bowl that came with it, it came with a regular china bowl that is just mehh not good.. The bowl you see in the photo is from dhgate for 9 dollar for 3 bowls and it's great, thick glass and great functioning bowl I will link it at the end of the post. 
I will give a thorough review on it in a few weeks for anyone intersted and gather opinions from friends about it, for now as you can see they loved it!

Pictures of piece:  
https://imgur.com/a/HCjPqjb
http://imgur.com/gallery/TOj0zMy

Link for piece: 
https://m.dhgate.com/product/7mm-thick-white-glass-bong-four-perc-water/388677953.html?invitorid=QvyiYr73

Link for ash catcher: https://m.dhgate.com/product/new-ashcatchers-ash-catcher-18-8mm-18mm-down/408437855.html?invitorid=QvyiYr73

Link for bowl/slide: https://m.dhgate.com/product/14mm-18mm-glass-bowl-color-mix-bong-bowl/411997565.html?shareToken=2931004AF5E64F13B029C12FAE672E42D79B3C2B28F718FB0E5E1C428018B3678D84988B07B9832041DF60945E0D61BCC9610C16FE5E376A",True,False,False,chinaglass,t5_37k43,r/chinaglass,12571.0,public,,self,,,Got this piece in 5 days and it works amazing!,,0.0,,,https://www.reddit.com/r/chinaglass/comments/c2s92c/got_this_piece_in_5_days_and_it_works_amazing/,,,,,,,,,,,,,,,,,,,,,,,,,,daimoon
,,False,CrazyCray113,,,,[],,,,text,,,,,,True,,,,False,1522811914,,,self.cardfightvanguard,False,0,,False,False,89lug6,,False,,False,False,,True,False,,,[],,,dark,text,False,,{},False,t3_89lug6,True,4,0,False,all_ads,/r/cardfightvanguard/comments/89lug6/rf_rogue_deck_specially_good_against_dominate/,False,,,6.0,,,,1529545215.0,0,,{},"So apparently there was an error with my old post, so heres the list again, hope this can help you, if you need any help to understand the deck, feel free to pm me

GRADE 0

1x Larva Beast, Zeal (SV)

4x Dimensional Robo Outfitter, Cassie (HEAL)

4x Army Penguin (DRAW)

4x Dimensional Robo, Daicrane (DRAW)

4x Dimensional Robo, Daimoon (CRIT)


GRADE 1

2x Commander Laurel

2x Cosmic Hero, Grandmonk (PG&amp;Resist)

2x Enigman Calm (RecYclable PG)

4x Eye of Destruction, Zeal


GRADE 2

4x Devourer of Planets, Zeal

3x Dimensional Robo, Daijet


GRADE 3

4x Super Dimensional Robo, Dainexus (Main VG)

4x Dark Dimensional Robo, ""Яeverse"" Daiyusha

4x Super Dimensional Robo, Daikaiser

4x Super Dimensional Robo, Goeagle


G-DECK 

2x Bravest Peak, X-gallop

2x Dimensional Robo Command Chief, Final Daimax

2x Legendary Dimensional Robo, Daikaiser Leon

1x Super Cosmic Hero, X-falcon

1x Super Cosmic Hero, X-tiger

1x Dark Superhuman, Pretty Cat

1x Dimensional Robo Overall Command, Ultimate Daiking (GB8)

1x Zeroth Dragon of Destroy Star, Stark (Zeroth Dragon)

1x Enigman Patriot (GGuardian)

2x Super Cosmic Hero, X-carivou (GGuardian)

1x Great Galactic Beast, Zeal (GGuardian)

1x Oceanic Transformation, Atlantis Dolphin (FC17 GGuardian)",True,False,False,cardfightvanguard,t5_2tcbx,,6264.0,public,,self,,,[R/F] Rogue Deck (specially good against dominate),,,,,https://www.reddit.com/r/cardfightvanguard/comments/89lug6/rf_rogue_deck_specially_good_against_dominate/,,all_ads,6.0,,,,,,,,False,1522840714.0,0.0,,[],,,,markdown,False,"&lt;!-- SC_OFF --&gt;&lt;div class=""md""&gt;&lt;p&gt;So apparently there was an error with my old post, so heres the list again, hope this can help you, if you need any help to understand the deck, feel free to pm me&lt;/p&gt;

&lt;p&gt;GRADE 0&lt;/p&gt;

&lt;p&gt;1x Larva Beast, Zeal (SV)&lt;/p&gt;

&lt;p&gt;4x Dimensional Robo Outfitter, Cassie (HEAL)&lt;/p&gt;

&lt;p&gt;4x Army Penguin (DRAW)&lt;/p&gt;

&lt;p&gt;4x Dimensional Robo, Daicrane (DRAW)&lt;/p&gt;

&lt;p&gt;4x Dimensional Robo, Daimoon (CRIT)&lt;/p&gt;

&lt;p&gt;GRADE 1&lt;/p&gt;

&lt;p&gt;2x Commander Laurel&lt;/p&gt;

&lt;p&gt;2x Cosmic Hero, Grandmonk (PG&amp;amp;Resist)&lt;/p&gt;

&lt;p&gt;2x Enigman Calm (RecYclable PG)&lt;/p&gt;

&lt;p&gt;4x Eye of Destruction, Zeal&lt;/p&gt;

&lt;p&gt;GRADE 2&lt;/p&gt;

&lt;p&gt;4x Devourer of Planets, Zeal&lt;/p&gt;

&lt;p&gt;3x Dimensional Robo, Daijet&lt;/p&gt;

&lt;p&gt;GRADE 3&lt;/p&gt;

&lt;p&gt;4x Super Dimensional Robo, Dainexus (Main VG)&lt;/p&gt;

&lt;p&gt;4x Dark Dimensional Robo, &amp;quot;Яeverse&amp;quot; Daiyusha&lt;/p&gt;

&lt;p&gt;4x Super Dimensional Robo, Daikaiser&lt;/p&gt;

&lt;p&gt;4x Super Dimensional Robo, Goeagle&lt;/p&gt;

&lt;p&gt;G-DECK &lt;/p&gt;

&lt;p&gt;2x Bravest Peak, X-gallop&lt;/p&gt;

&lt;p&gt;2x Dimensional Robo Command Chief, Final Daimax&lt;/p&gt;

&lt;p&gt;2x Legendary Dimensional Robo, Daikaiser Leon&lt;/p&gt;

&lt;p&gt;1x Super Cosmic Hero, X-falcon&lt;/p&gt;

&lt;p&gt;1x Super Cosmic Hero, X-tiger&lt;/p&gt;

&lt;p&gt;1x Dark Superhuman, Pretty Cat&lt;/p&gt;

&lt;p&gt;1x Dimensional Robo Overall Command, Ultimate Daiking (GB8)&lt;/p&gt;

&lt;p&gt;1x Zeroth Dragon of Destroy Star, Stark (Zeroth Dragon)&lt;/p&gt;

&lt;p&gt;1x Enigman Patriot (GGuardian)&lt;/p&gt;

&lt;p&gt;2x Super Cosmic Hero, X-carivou (GGuardian)&lt;/p&gt;

&lt;p&gt;1x Great Galactic Beast, Zeal (GGuardian)&lt;/p&gt;

&lt;p&gt;1x Oceanic Transformation, Atlantis Dolphin (FC17 GGuardian)&lt;/p&gt;
&lt;/div&gt;&lt;!-- SC_ON --&gt;",0.0,[],False,,daimoon
,,False,Yrrem,,,,,,,,,,,,,,,,,,False,1510336708,,,self.chinaglass,False,0,,False,False,7c2r2a,,False,,,False,,True,False,,,,,,,,False,,{},,,,15,0,False,,/r/chinaglass/comments/7c2r2a/is_this_normal_seller_asking_to_cancel_the_dispute/,False,,,,,,,1512239455.0,5,,{},"The piece I received was broken, to the point of being dysfunctional. I messaged the seller (daimoon) asking for a replacement to be sent, as well as filed a dispute via Dhgate. 
 
Anyways, now the seller has responded to my message and says the will ship a new piece if I cancel the dispute. 

I haven't done anything yet. I dont want to waive the protection DHgate offers, but I also dont want to ruin my chance at getting a new piece. 

Whats protocol? What should I do?",,False,False,chinaglass,t5_37k43,,,public,,self,,,Is this normal? Seller asking to cancel the dispute?,,,,,https://www.reddit.com/r/chinaglass/comments/7c2r2a/is_this_normal_seller_asking_to_cancel_the_dispute/,,,,,,,,,,,,,,,,,,,,,,,,,False,daimoon
