subreddit_id,approved_at_utc,author_is_blocked,comment_type,edited,mod_reason_by,banned_by,ups,num_reports,author_flair_type,total_awards_received,subreddit,author_flair_template_id,likes,replies,user_reports,saved,id,banned_at_utc,mod_reason_title,gilded,archived,collapsed_reason_code,no_follow,author,can_mod_post,send_replies,parent_id,score,author_fullname,report_reasons,removal_reason,approved_by,all_awardings,body,awarders,top_awarded_type,downs,author_flair_css_class,author_patreon_flair,collapsed,author_flair_richtext,is_submitter,body_html,gildings,collapsed_reason,associated_award,stickied,author_premium,can_gild,link_id,unrepliable_reason,author_flair_text_color,score_hidden,permalink,subreddit_type,locked,name,created,author_flair_text,treatment_tags,created_utc,subreddit_name_prefixed,controversiality,author_flair_background_color,collapsed_because_crowd_control,mod_reports,mod_note,distinguished,author_created_utc,retrieved_on,retrieved_utc,quarantined,steward_reports
t5_2s6oc,,False,,False,,,1.0,,text,0.0,FalloutMods,,,,[],False,jxmunxi,,,0,False,,True,thecemmie,False,True,t3_160kksb,1,t2_18zuxd5k,,,,[],"My load list, 
FalloutNV.esm
DeadMoney.esm
HonestHearts.esm
OldWorldBlues.esm
LonesomeRoad.esm
GunRunnersArsenal.esm
ClassicPack.esm
MercenaryPack.esm
TribalPack.esm
CaravanPack.esm
YUP - Base Game + All DLC.esm
ClaimtheMojave.esm
BraveNewWorld.esm
brayduck_classic.esp
Functional Post Game Ending.esm
TLD_Travelers.esm
AltStart.esm
Mojave Wildlife (FO3-Style).esp
The Frontier.esm
Mojave Raiders.esm
SomeguySeries.esm
NewVegasBounties.esm
MojaveSquads.esm
CCO - Classic Perks.esm
CCO - Gameplay Changes.esm
SD_Fatigue.esp
SD_Capture.esp
Functional Post Game Ending - YUP Patch.esm
Ghoul Powder Gangers.esp
DeadCouriersStash.esm
GreatKhanGreatOverhaul.esm
Ragdolls.esm
YUP - NPC Fixes (Base Game + All DLC).esp
DLC Followers All-In-One.esp
ADOBE_ClassicAdobeSloan.esp
ClaimtheMojaveFPGE.esp
ClaimtheMojaveTLD.esp
Ghoulified.esp
BraveNewWorld-FPGE.esp
BraveNewWorld-YUP.esp
wheelsinthewasteland.esp
classic188.esp
Fallout New Vegas Classic Fallout Music Old School Edition.esp
momod.esp
CCO - Ulysses Companion.esp
Classic FO SM - Expanded Coverage.esp
Classic SM Outfits MOTNW.esp
mil.esp
JackalsExpanded.esp
brayduck_classic_pathing.esp
drgNV - Marcus Companion.esp
Classic FO SM.esp
PowderIsTheNewBlack.esp
Highwayman.esp
Classic Fallout Weapons Remastered v1.2.esp
DelayDLCRedux.esp
KingOfTheRing.esp
Super Mutant Powder Gangers.esp
STSuperMutant-Core.esp
EVE FNV - ALL DLC.esp
XIII + J3X's Flesh Burnificating Plasma.esp
Cruiser's FBP permanent skeletons fix.esp
XIII + J3X's Flesh Burnificating Plasma_random.esp
The Mod Configuration Menu.esp
ALT-TLD.esp
Fallout Revelation Blues Mega Armor Pack.esp
King's School of Impersonation Radio Replacer.esp
(WCR) Wasteland Chronicles Radio.esp
ALT-YUP.esp
Authentic Burned Man.esp
B42Descriptions.esp
YUP - Greater Khans Overhaul Patch.esp
BraveNewWorld-GreaterKhans.esp
BraveNewWorld-PowderIsTheNewBlack.esp
BURN - Hardcore Fire Effects.esp
CCO - CP All DLC Patch.esp
CCO - Ulysses Companion - All DLCs Patch.esp
CFWR Spear Anim Tweak.esp
CharismaAffectsCompanionLimit.esp
ClaimtheMojaveSquads.esp
Classic Combat Armor Replacer Redux FNV.esp
CPI Icons.esp
DeadMoneyDeanHairRestored.esp
Mk2 Replacer Redux Patch.esp
Fallout 2 combat armor MK2 (remastered) replacer.esp
JIP Companions Command &amp; Control.esp
JIP Fast-Travel Anywhere.esp
JSRS.esp
JustAssortedMods.esp
KC.esp
Legat Lanius Overhaul Ghost Version.esp
M.U.X. Series - Interface Overhaul.esp
MCMetalArmor.esp
MCMetalTesla.esp
More Gore Giblits.esp
Morphine.esp
Nevada Arsenal.esp
NightmareFiends.esp
PAVE_NV.esp
Quickthrow.esp
Simple Explosive Entry.esp
Titans of The New West.esp
Titans of The New West - Power Armor Sprint JAM.esp
UX Toolkit.esp
Vanilla UI Plus.esp
Skill Bonus Misc. Items - Complete Edition.esp
classic188 - YUP.esp
The Classic Centaur Replacer.esp
Classic Leather Armor Replacer.esp
The Classic Robobrain Replacer.esp
The Classic Mr Handy And Mr Gutsy Replacer.esp
TLD Classic Edition.esp
Classic Power Armor Overhaul.esp
Zombie Serenade.esp
ICE.esp
Genkis Decker.esp
DNWeathers.esp",[],,0.0,,False,False,[],True,"&lt;div class=""md""&gt;&lt;p&gt;My load list, 
FalloutNV.esm
DeadMoney.esm
HonestHearts.esm
OldWorldBlues.esm
LonesomeRoad.esm
GunRunnersArsenal.esm
ClassicPack.esm
MercenaryPack.esm
TribalPack.esm
CaravanPack.esm
YUP - Base Game + All DLC.esm
ClaimtheMojave.esm
BraveNewWorld.esm
brayduck_classic.esp
Functional Post Game Ending.esm
TLD_Travelers.esm
AltStart.esm
Mojave Wildlife (FO3-Style).esp
The Frontier.esm
Mojave Raiders.esm
SomeguySeries.esm
NewVegasBounties.esm
MojaveSquads.esm
CCO - Classic Perks.esm
CCO - Gameplay Changes.esm
SD_Fatigue.esp
SD_Capture.esp
Functional Post Game Ending - YUP Patch.esm
Ghoul Powder Gangers.esp
DeadCouriersStash.esm
GreatKhanGreatOverhaul.esm
Ragdolls.esm
YUP - NPC Fixes (Base Game + All DLC).esp
DLC Followers All-In-One.esp
ADOBE_ClassicAdobeSloan.esp
ClaimtheMojaveFPGE.esp
ClaimtheMojaveTLD.esp
Ghoulified.esp
BraveNewWorld-FPGE.esp
BraveNewWorld-YUP.esp
wheelsinthewasteland.esp
classic188.esp
Fallout New Vegas Classic Fallout Music Old School Edition.esp
momod.esp
CCO - Ulysses Companion.esp
Classic FO SM - Expanded Coverage.esp
Classic SM Outfits MOTNW.esp
mil.esp
JackalsExpanded.esp
brayduck_classic_pathing.esp
drgNV - Marcus Companion.esp
Classic FO SM.esp
PowderIsTheNewBlack.esp
Highwayman.esp
Classic Fallout Weapons Remastered v1.2.esp
DelayDLCRedux.esp
KingOfTheRing.esp
Super Mutant Powder Gangers.esp
STSuperMutant-Core.esp
EVE FNV - ALL DLC.esp
XIII + J3X&amp;#39;s Flesh Burnificating Plasma.esp
Cruiser&amp;#39;s FBP permanent skeletons fix.esp
XIII + J3X&amp;#39;s Flesh Burnificating Plasma_random.esp
The Mod Configuration Menu.esp
ALT-TLD.esp
Fallout Revelation Blues Mega Armor Pack.esp
King&amp;#39;s School of Impersonation Radio Replacer.esp
(WCR) Wasteland Chronicles Radio.esp
ALT-YUP.esp
Authentic Burned Man.esp
B42Descriptions.esp
YUP - Greater Khans Overhaul Patch.esp
BraveNewWorld-GreaterKhans.esp
BraveNewWorld-PowderIsTheNewBlack.esp
BURN - Hardcore Fire Effects.esp
CCO - CP All DLC Patch.esp
CCO - Ulysses Companion - All DLCs Patch.esp
CFWR Spear Anim Tweak.esp
CharismaAffectsCompanionLimit.esp
ClaimtheMojaveSquads.esp
Classic Combat Armor Replacer Redux FNV.esp
CPI Icons.esp
DeadMoneyDeanHairRestored.esp
Mk2 Replacer Redux Patch.esp
Fallout 2 combat armor MK2 (remastered) replacer.esp
JIP Companions Command &amp;amp; Control.esp
JIP Fast-Travel Anywhere.esp
JSRS.esp
JustAssortedMods.esp
KC.esp
Legat Lanius Overhaul Ghost Version.esp
M.U.X. Series - Interface Overhaul.esp
MCMetalArmor.esp
MCMetalTesla.esp
More Gore Giblits.esp
Morphine.esp
Nevada Arsenal.esp
NightmareFiends.esp
PAVE_NV.esp
Quickthrow.esp
Simple Explosive Entry.esp
Titans of The New West.esp
Titans of The New West - Power Armor Sprint JAM.esp
UX Toolkit.esp
Vanilla UI Plus.esp
Skill Bonus Misc. Items - Complete Edition.esp
classic188 - YUP.esp
The Classic Centaur Replacer.esp
Classic Leather Armor Replacer.esp
The Classic Robobrain Replacer.esp
The Classic Mr Handy And Mr Gutsy Replacer.esp
TLD Classic Edition.esp
Classic Power Armor Overhaul.esp
Zombie Serenade.esp
ICE.esp
Genkis Decker.esp
DNWeathers.esp&lt;/p&gt;
&lt;/div&gt;",{},,,False,False,True,t3_160kksb,,,False,/r/FalloutMods/comments/160kksb/fnv_support_post_why_the_hell_the_texture_shit/jxmunxi/,public,False,t1_jxmunxi,1692925928.0,,[],1692925928.0,r/FalloutMods,0,,,[],,,,,,,
t5_31zba,,,,False,,,,,text,0.0,aspergirls,,,,,,ixnbev1,,,0,False,,False,Han_without_Genes,,True,t3_z3rqt4,19,t2_3bosl2r8,,,,[],"any specific vibe and/or medium you're looking for?

series

* Saga Nor√©n in The Bridge (original Scandinavian version). It has also had multiple remakes, though not all the remakes retain the autistic main character. I know The Bridge (American-Mexican) and The Tunnel (British-French) do, but Der Pass doesn't. 4 seasons of glorious Scandinoir so it's on the heavier side. Goes pretty deep into relationships as well.
* Rebecca Blithely in Strange Empire. The only period piece I've been able to find. Canadian western set in the late 19th century. The main cast are all women.
* Woo Young-woo in Extraordinary Attorney Woo. Korean law procedural with an autistic main character.
* Birgit in Clan (2012 Belgian series). She and her sisters conspire to kill their brother-in-law, dark comedy kinda vibes. It's a bit difficult to find online. There is an Irish remake on Apple TV+ (titled Bad Sisters), though the remade version is not said to be autistic. It's a pretty close adaptation though, and they retain a lot of the autistic traits of the original character‚Äîso if you squint, you can definitely see the autism seeping through.
* the indie series What's the Rule? has only produced one episode and they're waiting for more funding before making the rest. but the cast and crew are majority neurodivergent and the episode is free to watch on youtube ([link](https://www.youtube.com/watch?v=ZE0LnYEKIOQ))
* Quinni in Heartbreak High (2022 version). I have not watched it yet but word of mouth says it's good. Autistic actress who also fought with Sia on Twitter when Music came out.
* Sara Eriksson in Young Royals. Again, didn't watch it but word of mouth. Also an autistic actress.
* Juliette Destoop in The Twelve (2019 Belgian series). Side character but pretty nice arc nonetheless. &gt;!she gets diagnosed with autism as a teenager, which her dad struggles to accept. her dad is undiagnosed autistic and is one of the main characters!&lt;
* Astrid Nielsen in Astrid et Rapha√´lle. I've only watched one episode but I get the vibe that they're really trying to do good. Police type of series, though Astrid is not a detective.
* Fiona Helbron in Elementary. Only appears in a couple of episodes.

movies

* Lola in Cha Cha Real Smooth. Personally not a huge fan but it got a lot of praise and has an autistic actress. Coming of age type of thing.
* Katy in Acceptable Damage. British indie drama about bullying. Autistic actress.
* Laura Yip in For Izzy. Indie coming of age type of thing. Haven't heard a lot about it. I liked it.
* Wendy in Please Stand By. Coming of age, I think it is also classified as a road trip movie? One of my favourites.
* Lily in The Rider. Contemporary western. The cast are all non-professional actors who play fictionalized versions of themselves, so Lily is portrayed by an autistic person.
* Isabelle Sorensen in Mozart and the Whale. It's a bit of a controversial movie because it helped popularize the autistic savant stereotype, but it's also based on a real-life autistic couple and they liked it so I can't really hate it.

books and comics

* Denise Lichtveld in On the Edge of Gone. Autistic author. YA science fiction.
* Saitou Megumi in That's My Atypical Girl. Ongoing manga series. Pretty heavy stuff but it's the first major manga series about autism since With the Light.
* Rosa Reyes in FBP: Federal Bureau of Physics. American science-fiction comic. Don't remember much of it but I didn't hate it.

(there are a lot more books but I don't know a lot of them)

other stuff

* Luna in the Iceland short film Rules of the Game (Reglur Leiksins). The writer/actor is also autistic.
* River Wyles in the game To the Moon. It's a lot of story and not a whole lot of actual gameplay so you can also just watch a playthrough.
* I've always been partial to Simone Cole in the video game Clive Barker's Jericho, though I can't quite put my finger on why",,,,May2020bb,False,False,[],False,,{},,,False,False,True,t3_z3rqt4,,dark,False,/r/aspergirls/comments/z3rqt4/any_recommendation_for_aspiegirl_representation/ixnbev1/,public,False,t1_ixnbev1,,,[],1669318132,r/aspergirls,0,,,,,,1551455699.0,1671082541.0,,,
t5_3jhz5,,,,False,,,,,text,0.0,music_survivor,,,,,,iv3mxlb,,,0,False,,True,awjeezrickyaknow,,True,t3_ymfj4s,-2,t2_2efiuxro,,,,[],"12. **Goo (3/10)**  

Goo? More life Goo(f)  

11. **Flood (4/10)**   

I get the love, it‚Äôs lyrically highly intelligent and witty. I adore songs like Birdhouse In your Soul and ‚ÄúIstanbul‚Äù but the rest just either bored me (We Want a Rock) or irritated me to no end (They might be Giants! BOY!)  

10. **Fear of a Black Planet (5/10)**  

FBP contains some of the most fearless and iconic bars (Elvis was a hero to most but he never meant shit to me‚Ä¶) and the beats in 911 and Terror Dome and a few others are still awesome. Flav‚Äôs hype shit never gets old. Unfortunately, it‚Äôs 20 tracks and over an hour long and there‚Äôs quite a bit of filler especially towards the end. Wish it was much more consistent.  

9. **Reading, Writing, and Arithmetic (6/10)**  

I love how Smiths sounding this is. Songs like I Kicked a Boy immediately reminded me of Johnny Marr (my favorite guitarist of all time!) This is a lovely album and I adore this jangle pop sound. I don‚Äôt really see myself coming back to this one though, as a whole it was just nice but not too many standout tracks. I also don‚Äôt think the vocalist is that strong. Lead guitar is definitely the highlight.  

8. **Rust In Peace (7/10)**  

Gotta respect Megadeth, the solos on here absolutely shred and the first two tracks go HARD, Just a big dumb fun album, being somewhat of a metalhead myself, this was a fun listen. Um but also Dawn Patrol sucks :(  

7. **Bossanova (7/10)**  

Pixies are one my all time favorite bands. Come On Pilgrim, Surfer Rosa, and Doolittle are all 10s for me, no question. Their third LP, Bossanova, couldn‚Äôt quite reach the highs of their first two but it‚Äôs still lots of fun. From the throwback surf music to the beautiful outro to The Happening, there‚Äôs some good shit here.  

6. **Repeater (8/10)**  

Being born and raised in the DC area you think I would already be a big Fugazi fan but nope, just never really listened to them. Until this survivor. Damn, this album kicks major ass! You can just hear how many bands were influenced by this band and specifically this historic debut. Solid shit, makes me want to break stuff.  

5. **PITATPR (8/10)**  

The coolest of the cool. The vibe of this record is just so smooth and cool and Q-Tip‚Äôs flow is just so effortlessly suave. Even when they‚Äôre talking about how they do not like ham and eggs, I‚Äôm still on board because shit‚Äôs just fun.   

4. **Violator (8/10)**   

Enjoy the Silence is one of the most beautiful and most perfect songs ever created. BY HUMANS.  

3. **Nowhere (9/10)**  

More beautiful and lush shoe gaze, lots of noise and dreaminess. Guitar sound so good that I honestly wasn‚Äôt even paying attention to the lyrics. Vapor Trail is one of the most perfect songs ever written, my god.   

2. **Twin Peaks (10/10)**  

The opening sequence to twin Peaks is the most perfect opening to any show ever made. The idyllic Twin Peaks set to the most beautiful piece of music, here in two forms: The instrumental theme to the series and then Julee Cruise‚Äôs stunning Falling. What was so brilliant about Badalmenti‚Äôs dreamy soundtrack were the dark undertones, how can someone make something sound so beautiful and yet so sinister? Just listen to Laura palmer‚Äôs Theme, half of the song sounds like a 70s horror flick while the other sounds like the ending to the most romantic movie you‚Äôve ever seen. In addition to the classic dreamier tracks you also get the jazzy bass-prominent songs like Audrey‚Äôs Theme. Like a damn fine cup of coffee, this album is stellar perfection. Just need a slice of cherry pie.  

1. **Heaven or Las Vegas (10/10)**  

As far as shoegaze goes I think this is one of the greats. Up there with Loveless and Souvlaki. The title track is honestly one of the most perfect songs I‚Äôve ever heard. Probably Top 50 song of all time for me. I love the last track too. Lyrics? I have no gosh darn clue, can‚Äôt comprehend a word of this 9or any Cocteau Twins song for that matter). But it truly doesn‚Äôt matter when the music is that ethereal and enchanting.",,,,,False,False,[],False,,{},,,False,False,True,t3_ymfj4s,,dark,False,/r/music_survivor/comments/ymfj4s/album_of_the_year_1990_round_6_of_11/iv3mxlb/,restricted,False,t1_iv3mxlb,,Daniel (Mod) (Taylor's Version),[],1667610036,r/music_survivor,1,,,,,,1539385226.0,1671171902.0,,,
t5_4vqnu4,,,,False,,,,,text,0.0,MultiVersus,,,,,,ijdy5cg,,,0,False,,True,auddbot,,True,t1_ijdy48p,1,t2_avwmaxy0,,,,[],"I got matches with these songs:

‚Ä¢ **Dapper** by J-NIX (00:28; matched: `100%`)

Released on `2019-05-24` by `FBP Music`.

‚Ä¢ **Christmas in Japan** by Dapperdan409 (00:28; matched: `100%`)

Album: `Trap Landr`. Released on `2019-12-20` by `1326634 Records DK`.",,,,,False,False,[],False,,{},,,False,False,True,t3_wikeeh,,,False,/r/MultiVersus/comments/wikeeh/stale_jake_up_heavy/ijdy5cg/,public,False,t1_ijdy5cg,,,[],1659922741,r/MultiVersus,0,,,,,,1615648473.0,1662732310.0,,,
t5_2tx47,,,,False,,,,,richtext,0.0,Random_Acts_Of_Amazon,0c20b60e-c672-11e3-94c8-12313b0d3d1d,,,,,i5swvg2,,,0,False,,False,crash----,,True,t3_u9oy5h,1,t2_6eoierl7,,,,[],"FBP

I hosted a party at my parents‚Äô house when I was still living there but my parents were gone for a few days. I had a bunch of my friends over, many of which were music students. There are a BILLION instruments in that house. So, we all got sloshed and practiced scales together. LMAO.

I tried to drunk play Die Meistersinger on a tuba but it didn‚Äôt work out too well ü§£",,,,babyblue,False,False,"[{'e': 'text', 't': 'https://www.amazon.ca/hz/wishlist/ls/24QQ7ATT60ZH7?ref_=wl_share'}]",False,,{},,,False,False,True,t3_u9oy5h,,light,False,/r/Random_Acts_Of_Amazon/comments/u9oy5h/contest_reverse_birthday/i5swvg2/,public,False,t1_i5swvg2,,https://www.amazon.ca/hz/wishlist/ls/24QQ7ATT60ZH7?ref_=wl_share,[],1650663726,r/Random_Acts_Of_Amazon,0,#ff66ac,,,,,1588840991.0,1655560509.0,,,
t5_2tx47,,,,False,,,,,richtext,0.0,Random_Acts_Of_Amazon,a973a804-637a-11e3-b7d8-12313b079641,,,,,i5sts98,,,0,False,,True,demonqueen21,,True,t3_u9oy5h,3,t2_9eiuw,,,,[],"FBP

My favorite birthday memory would be when I was 13 and my mom rented a limo to pick up all my friends and we went to breakfast together. We got to play music in the limo from our ipods (lol) and had a full waffle set up for breakfast. The restaurant want rented out for my birthday, so it was just us kids. Super fun memory",,,,green,False,False,"[{'e': 'text', 't': 'https://www.amazon.com/hz/wishlist/ls/1ZZWLGOU7JJWY?ref_=wl_shar'}]",False,,{},,,False,False,True,t3_u9oy5h,,light,False,/r/Random_Acts_Of_Amazon/comments/u9oy5h/contest_reverse_birthday/i5sts98/,public,False,t1_i5sts98,,https://www.amazon.com/hz/wishlist/ls/1ZZWLGOU7JJWY?ref_=wl_shar,[],1650662374,r/Random_Acts_Of_Amazon,0,#ea0027,,,,,1351128356.0,1655560581.0,,,
t5_33iw5,,,,False,,,,,text,0.0,ForgottenWeapons,,,,,,i03w171,,,0,False,,False,Sgt-Grischa-1915,,True,t3_tasi1w,16,t2_90frxdwd,,,,[],"Fabrica Braco de Prata FBP m/48 pistola metralhadora.  Portugal.  Baby-makin' music and a groove on of the MP40 and M3A1 produced this gem.  Lower receiver is a U.S. M3 copy.  Upper receiver, bolt, and enclosed telescoping main spring are lifted from MP40.

Used widely in Africa during the Guerra Colonial, and survives in a handful of Lusophone nations.",,,,,False,False,[],False,,{},,,False,False,True,t3_tasi1w,,,False,/r/ForgottenWeapons/comments/tasi1w/what_is_this/i03w171/,public,False,t1_i03w171,,,[],1646921345,r/ForgottenWeapons,0,,,,,,1609876197.0,1655772915.0,,,
t5_2svj1,,,,False,,,,,text,0.0,NameThatSong,8ba80492-a58e-11eb-a638-0e4d9015737d,,,,,hd5e0hp,,,0,False,,False,RecognizeSong,,True,t1_hd5e037,1,t2_awgc7cq7,,,,[],"I got matches with these songs:

‚Ä¢ [**Don't You Want Me** by Bu Bu Man](https://lis.tn/jEARdR) (00:14; matched: `95%`)

Album: `Celebration`. Released on `1998-04-15` by `SME - Dance Pool`.

‚Ä¢ [**Rights and Wrongs** by Ben Paschke](https://lis.tn/RightsAndWrongs) (02:05; matched: `92%`)

Album: `Lost in Translation`. Released on `2019-09-04` by `LitCabin Records`.

‚Ä¢ [**Bit Jump** by FBP](https://lis.tn/BitJump) (01:09; matched: `88%`)

Released on `2020-07-20` by `FBP music`.

‚Ä¢ [**On the Floor** by Roberto Cavrini](https://lis.tn/gCgVTX) (02:51; matched: `96%`)

Album: `Deep House`. Released on `2013-11-12` by `Can Can Music Publishing`.

‚Ä¢ [**Peccato** by DJ Karmel](https://lis.tn/Peccato) (00:46; matched: `90%`)

Album: `House Circle Vol. 3`. Released on `2008-04-24` by `ORCHARD - Pieronero`.

‚Ä¢ [**Peccato** by DJ Karmel](https://youtu.be/Z3k_iphjgoU) (00:46; matched: `90%`)

Album: `House Circle Vol. 3`. Released on `` by `Pieronero`.

*I am a bot and this action was performed automatically* | If the matched percent is less than 100, it could be a false positive result. I'm still posting it, because sometimes I get it right even if I'm not sure, so it could be helpful. But please don't be mad at me if I'm wrong! I'm trying my best! | [GitHub](https://github.com/AudDMusic/RedditBot) [^(new issue)](https://github.com/AudDMusic/RedditBot/issues/new) | [Donate](https://www.reddit.com/r/AudD/comments/nua48w/please_consider_donating_and_making_the_bot_happy/)",,,,bot,False,False,[],False,,{},,,False,False,True,t3_pppst0,,dark,False,/r/NameThatSong/comments/pppst0/deleted_by_user/hd5e0hp/,public,False,t1_hd5e0hp,,Bot,[],1631839300,r/NameThatSong,0,#94e044,,,,,1615713320.0,1650142558.0,,,
t5_2t014,,,,1616287642.0,,,,,text,0.0,hiphop101,,,,,,grngtxi,,,0,False,,True,BobbyCodone303,,True,t1_grnfjz8,2,t2_hrasujq,,,,[],"Hell yeah, I love to read my books and vibe out to dilla beats in the background! I love Runnin' by the Pharcyde.. that's the illest beat I think of all time.. the run dmc sample, the intro to the drums, the tempo.. just perfect...

But yeah tech is in my top 10... My sister partied with him when she worked at a hotel and he hooked her up with mad merch back when absolute power first came out.. then anghellic, vintage tech, all the way to the colabos till now, there will never be another Tech N9ne! And I always tell my homie the joke that when you meet a woman and she has a strange music sticker on her car she is definitely a fuckin freak in the sheets! Lol

But yeah not too much from Denver gets outside locally.. there was a dude back in the day Playalitical that was good, some cats called On Point... I was a fan of this dude M6
.. B.seriuous from Colorado springs... lol but this shits probably hard to find.. Trev Rich had a cash money deal some years back but idk what happened to it.. but the newest shit I'm on front the city is FBP Moe lol he's a youngster from west Denver but I fuck with his shit.. he's on youtube .. see what u think but idk if you'll like it lol",,,,,False,False,[],False,,{},,,False,False,True,t3_m9agit,,,False,/r/hiphop101/comments/m9agit/what_young_artists_would_you_recommend/grngtxi/,public,False,t1_grngtxi,,,[],1616287415,,0,,,,,,1508315521.0,,1627247003.0,,
t5_2xs9o,,,,False,,,,,text,0.0,PromoteYourMusic,,,,,,grcjunu,,,0,False,,False,Roustabout71,,True,t1_grahtz4,2,t2_2w5o6i6v,,,,[],"Thanks so a lot! I really dig your music too! Really really solid. ""Pretty Things"" and ""Ice Cream Teeth"" are so catchy! And I really really liked ""alright (I wish)"" I am a little bias (I'm the rapper on the FBP's album that does harmonies) but I love your harmonic rap in that track. You have a great voice and you are really good at writing catchy pop bangers. Not usually my favorite genre but I added some of my favorite to my playlist so you'll pop up and remind me to listen to your other tracks again. Thanks for sharing and thanks for checking out my work. Keep it up and I'll keep listening!",,,,,False,False,[],True,,{},,,False,False,True,t3_m7169o,,,False,/r/PromoteYourMusic/comments/m7169o/i_never_get_much_interaction_when_i_post_on_here/grcjunu/,public,False,t1_grcjunu,,,[],1616070868,,0,,,,,,1546229146.0,,1627223859.0,,
t5_2t5r3,,,,False,,,,,text,0.0,futurebeatproducers,,,,,,fbw1j4i,,,0,,,True,HiKizme,False,True,t3_eerhi3,1,t2_tnxys,,,,[],"Good Morning FBP!

ARTWORK DISCLAIMER: head in the art has come across as blackface, this was unintentional and will be changed to grey.

Long time lurker, first time poster here... i think (don't check my history).

I'm a Kiwi Producer/Songwriter living in New Zealand. I've begun working on an EP that i'm looking to finish up by end of Jan and release in February. I was wondering if there were any instrumentalists/vocalists/producers who'd like to collaborate on any of these tracks.

https://drive.google.com/open?id=1MMW6T8BVt-Tw3hSETvIIkJlpKP35iVhF

I'll be adding more tracks in here as time goes on.

an outline of the tracks so far:

Vacant - a song about loss and breaking someones heart over keeping secrets.

Unititled Record 40442069 - A track that started as an i-phone recording with myself playing and humming a guitar. I then added some Bass, Drums and got a friend Pavel to record some saxophone. I then layered some initial Guitar. This track is meant to be an intermission of sorts.

Pang - A song about depression/losing friends, and standing up for who'll you'll ride for in the long run.

New York City - a song about seeing the world, making new experiences. A sort of Juxtaposition between places i'd go/have gone years ago vs today. (had verses recorded which I've now removed) Also, saxophone by Pavel.

Bed of Roses - a song about depression, reaching out for your friends when times are tough, leaning on others if you can.

Case Closed - a cheesy pop song about a break up

I'm not unlucky in love (fuck it up) - a song about finding love and always managing to screw it up. Vocal melodies etc not final.

Weird Bass Beat - a cool beat. thats it. so far...

Disclaimer: Not all songs will make it on the EP but i'm trying to make as much music as possible and refine. All this music is subject to change on a whim haha everything is only at very early demo stages at this point. Get in quick if your keen. Apologies to the Mods if I've posted in the wrong place.",[],,,,False,False,[],True,,{},,,False,False,True,t3_eerhi3,,,,/r/futurebeatproducers/comments/eerhi3/collaboration_opportunity_earlyspring_vacant_ep/fbw1j4i/,public,False,,,,,1577139193,r/futurebeatproducers,0,,,,,,1452453990.0,1585949861.0,,False,
t5_3b6y7,,,,False,,,,,text,0.0,Sdorica,,,,,,eyfz95b,,,0,,,True,realsartbimpson,False,True,t1_eyftigc,1,t2_czmzw5u,,,,[],"Nope. You‚Äôre totally correct. No other gacha games gives as much as Sdorica do. And I‚Äôm not complaining the low SSR chars percentage in the infuse section. There were a lot more gacha games with astronomically lower rate of SSR percentage. It‚Äôs just that I kinda feel the games need a fresh new updates and overhaul in the guild system. 70 replays of the same stage finding FBP were dull af and frankly took the enjoyment of Sdorica imo. 

Older events were planned better and gives you challenge (Balzac Heritage, the Deemo event) while the MZ just shoves you with a repetitive quest. On the older events (I forgot the name, probably lunar event) you can convert your crystallines to crystals, which is an incentive to trade a free resource to a paid resource, while MZ would punish you if you did not have crystallines available to buy the ice cream. Don‚Äôt have 1700+ crystallines? Then you wont get Naya MZ.

The old exploration quest were pretty pointless imo and did not give you a major benefit for your chars. You‚Äôre just grinding for crystals and crystallines. 

It‚Äôs not that I‚Äôm hating them for being reasonable, I just lose interest with the game after that much grinding, like when you are told to listen to your favorite music on repeat for 100 times. The magic weren‚Äôt there anymore...",[],,,,False,False,[],True,,{},,,False,False,True,t3_cwvf6u,,,,/r/Sdorica/comments/cwvf6u/sad_state_of_the_game_rant/eyfz95b/,public,False,,,,,1567058047,r/Sdorica,0,,,,,,1504744741.0,1575740966.0,,False,[]
t5_2r6bz,,,,False,,,,,text,0.0,Eminem,,,,,,exnr3du,,,0,,,False,bKSTEENN,False,True,t1_exmul9o,9,t2_pru7r,,,,[],"From the article:

&gt;According to Eminem‚Äôs publicist, Dennis Dennehy, the artist is not a party to the lawsuit, as Eight Mile Style is owned by the same group that owns music publisher FBP Publishing, and signed Eminem to his first production and publishing deal. As a result, Eight Mile Style owns the earlier part of his catalog. Dennehy tells *The Verge* that Eminem and his team were ‚Äújust as surprised as anyone else by this news.‚Äù",[],,,,False,False,[],False,,{},,,False,,True,t3_ctqmdu,,,,/r/Eminem/comments/ctqmdu/hmmmmm/exnr3du/,public,False,,,,,1566462011,r/Eminem,0,,,,,,1440269243.0,1575253668.0,,False,[]
t5_f0b52,,,,False,,,,,,,WeAreNotAsking,,,,,,dvgo0pe,,,0,,,True,RuffianGhostHorse,,True,t1_dvghi2h,2,,,,,,"Hi, Lark!!!  Here's some Manhattan Jazz Quartett - [Vocal Jazz Classics](https://www.youtube.com/watch?v=KFH046IYwb4)

Almost an hour, it can make for some nice background music.  

Happy Friday &amp; FBP!!! lol  üéº ‚ô≠ üé∂ ‚ô©‚ôÆ üéô üéπ üé∏ üé∑ üé∫ üéª üìª ‚ô≠ ‚ôÆ ‚ôØ

üíìüíìüíì, üî•üî•üî•üî•üî•üî•üî•üî•üêéüî•üî•üî•üî•üî•üî•üî•üî•üíìüíìüíì

üíå üíñ üíó üíô üíö üíõ üíú üíü üíù üíì üíï üíû üíå

üíï üå∫ üî• üåä üçÄ üïâ ‚ôç ‚öï üåé

üåé üî• üí® üåä üíï",,,,,,,,False,,,,,False,,True,t3_837w0n,,,,/r/WeAreNotAsking/comments/837w0n/we_are_having_a_party_a_great_big_ole_day_long/dvgo0pe/,public,,,,OurBeatingHeartüíìüî•Gypsyüí®Monsoonüåä,,1520646247,,0,,,,,,,1525002025.0,,,
t5_31cnk,,,,False,,,,,,,RPGdesign,,,,,,ddxqng9,,,0,,,,NBQuetzal,,,t3_5uy33n,3,,,,,,"These kinds of games are my jam. Like, for real. And my favourite one is probably force blade punk by Grant Howitt. I'm constantly recommending this game, but I've not really gone too deep into why I love it. 

So, you can read the game [here](http://schirduans.com/david/2015/04/200-word-rpg-challenge.html/force-blade-punk-2),  but I'll probably end up writing up the whole thing here as I go through it sentence by sentence and tell you why it's great. 

&gt;You are a FORCE-BLADE PUNK, a teenage murderpop superstar with a mono-edged flick knife and a cracked porcelain mask. 

Straight out of that gate, sets up a world and the characters and what they do, who they are. It doesn't need to tell you what any of these words mean, because they're evocative enough that you fill in your own blanks. 

&gt;You no dangerous criminals on TV for money in a neon futurescape and compete with other punks for love, honour and sponsorship deals. 

So, sets up what the main conflicts in the game are: killing criminals and competing with the other punks for sponsorship deals. All the games I've played of FBP have been about punks competing to get a lucrative sponsorship deal. Usually Versace. Often, they start sponsored by someone already (Disney, subway, skittles, etc) 

Character creation is just a couple of completely non-mechanical questions. What do you look like? What's your signature weapon? Who do you love, who do you hate? Reinforces that player driven conflict and drama is encouraged, but also quickly gives everyone a little something to be invested about. 

Conflict resolution is the most basic Otherkind dice style resolution, but that single word ""ashamed"" changes the game. Now, since you're competing for brand sponsors as well, and presumably you have fans, each time to roll it's not just about doing well, it's about looking good. Bad rolls mean you have to determine if doing well is more important than your personal brand? Maybe you'll become a sellout. Maybe someone will see you fuck up and get an advantage over you.

This game always plays out like a music video, for me. There's always music playing and i imagine a cross between the videos for Bad Blood by T Swift and Kill V. Maim by Grimes. I think what this game drives home about microgames like this is that, more than anything, they need to be evocative. ",,,,designer,,,,,,,,,False,,,t3_5uy33n,,,,,,,,,Designer,,1487509682,,0,,,,,,,1488966481.0,,,
t5_2t5r3,,,,False,,,1.0,,,,futurebeatproducers,,,,,,cnj1t6w,,,0,False,,,KodyBurns,,,t1_cnj1b45,1,,,,,,"Honestly man, if you saw my soundcloud from the Potential Collab post on FBP, I already made a collab happen. And I actually do dig your style no joke, and that you're super enthused, I just don't wanna promise I can work on something with you and then be the guy to flake myself. I just finished that collab and now I plan on studying for like a solid month so I can pass my Real Estate exam and start making some cash. Then I can spend money on more equipment, focus on music, and really get down with it. I wish I were able to focus on and post music regularly but I gotta focus on getting paid first before I can do that at the moment.

How about I hit you up or you hit me up again in like 2 months? Maybe 3.

But to your questions about my beat... I'm not really sure which beat is in question here. All your questions are kinda vague lol Just lemme know which Trap Production Cypher Vol. it was",,,0.0,,,,,,,,,,,,,t3_2pmg9u,,,False,,,,t1_cnj1t6w,,,,1420769850,,0,,,,,,,1424979604.0,,,
