,Name,Address/Phone,Email,Web,Contact,Studio Equip,Musical Equip,Lighting,Stages,Additional locations,Cartage,FX,Technical Services,Lighting Equip,FX Equip,Cartage Equip,Special Services,Note,Basic Rate,Tech Services,Services,Musical Equipment,Video,Tech services,Rooms,Equipment,Fax
1,ADVANCED AUDIO & VIDEO," Box 2466  Huntsville, AL 35804  256-319-3030  ",tucker@advancedaudio.tv ,advancedaudio.tv,,,,,,,,,,,,,,,,,,,,,,,
2,HOLT AV," 401 28th St. S.  Birmingham, AL 35233  800-322-4658, 205-328-5231  ",info@holtav.com ,holtav.com,,,,,,,,,,,,,,,,,,,,,,,
3,ACTION VIDEO PRODUCTIONS," 1231 W Northern Lights Blvd, Suite 2  Anchorage, AK 99502  907-360-4276  ",actvidstaff@gmail.com ,actvid1.com   A   RIZONA ,,,,,,,,,,,,,,,,,,,,,,,
4,FAV," Ford Audio Video  920 East Madison Street  Phoenix, AZ 85034  800-654-6744, 602-643-4200  ",,fordav.com,,,,,,,,,,,,,,,,,,,,,,,
5,MEE," Music Equipment Rentals  5221 W Surrey Ave.  Glendale, AZ  602-955-3750  ",meerental@gmail.com ,meerentals.com ,Sam DeMarco,,,,,,,,,,,,,,,,,,,,,,
6,MP&E," 16585 N. 92nd St., Ste. B104  Scottsdale, AZ 85260  480-596-6699 Fax 480-596-0004  ",phoenix@hdgear.tv ,mayovideo.com,,,,,,,,,,,,,,,,,,,,,,,
7,SMARTSOURCE RENTALS," 1430 W 12th Place  Tempe, AZ 85281  480-829-6336, 844-428-6475  ",,avarkansas.com,,,,,,,,,,,,,,,,,,,,,,,
8,LITTLE ROCK ENTERTAINMENT," 4701 Marlborough St.  Little Rock, AR  72204  501-396-9435  ",chrisc@nccn.net ,blackcatsoundservice.com ,Chris Christensen,,,,,,,,,,,,,,,,,,,,,,
9,EXPRESS VIDEO," 2225 Palou Ave.  San Francisco, CA 94124  415-255-9883  ",Anaheim@mccune.com 714-578-1900 ,mccune.com ,,yes ,yes ,yes ,no ," 222 Ramona Ave., Ste. 1  Monterey, CA 93940  ",,,,,,,,,,,,,,,,,
10,PRG GEAR," Video Equipment Rentals  410 E. Grand Ave.  San Francisco, CA 94080  650-837-9480  ",,verrents.com,,,,,,,,,,,,,,,,,,,,,,,
11,PRO AUDIO REPAIRS," 3150 18th St. 101  San Francisco, CA 94110  415-401-7828  ",office@proavresource.com ,proaudiorepairs.com,,,,,,,,,,,,,,,,,,,,,,,
12,STUDIO INSTRUMENT RENTALS," 1215 Fairfax Ave.  San Francisco, CA 94124  415-957-9400 Fax 415-957-9470  ",sfinfo@sir-usa.com ,sir-usa.com   nia/southern ,,,,,,,,,,,,,,,,,,,,,,,
13,4WALL ENTERTAINAMENT," 5435 W. San Fernando Rd.  Los Angeles, CA 90039  818-252-7481  ",,4wall.com,,,,,,,,,,,,,,,,,,,,,,,
14,ABSOLUTE RENTALS," 2633 N. San Fernando Blvd.  Burbank, CA 91504  818-842-2828, 310-560-2373  ",info@absolute.live ,absoluterentals.com ,,yes ,yes ,yes ,yes ,,yes,,,,,,,,,,,,,,,,
15,ADVANCED MUSICAL ELECTRONICS," 8665 Venice Blvd.  Los Angeles, CA 90034  310-559-3157  ",mail@advancedmusical.com ,advancedmusical.com,,,,,,,,,,,,,,,,,,,,,,,
16,AMETRON PRO-AUDIO/VIDEO," SALES & RENTALS  10919 Vanowen St  North Hollywood, CA 91605  323-462-1200  ",info@ametron.com ,ametron.com,,,,,,,,,,,,,,,,,,,,,,,
17,AMP SHOP/BASSEXCHANGE," 4870 Lankershim Blvd.  North Hollywood, CA 91601  818-386-5500  ",sales@bassexchange.com ,facebook.com/bassexchange,,,,,,,,,,,,,,,,,,,,,,,
18,ASTRO AUDIO VIDEO LIGHTING," 6615 San Fernando Rd.  Glendale, CA 91201  818-549-9915  ",,astroavl.com ,,yes ,yes ,yes ,yes ,,no,yes ,,,,,,,,,,,,,,,
19,"AUDIO DESIGN AND SERVICE, INC."," 2625 N. Ontario St.  Burbank, CA 91504  818-754-0467  ",info@audiodesign-service.com ,audiodesign-service.com,,,,,,,,,,,,,,,,,,,,,,,
20,AUDIO PERCEPTION INC.," Los Angeles, CA  818-693-0134  ",Info@audioperception.com ,audioperception.com ,,Yes ,No ,,,,,,Yes ,No ,No Stages Equip : No  ,"No Special Services : Studio design, install, acoustics and wir-  ing. Custom cables patch bays and panels. Audio and DAW  tech support, upgrades, and instruction. ",,,,,,,,,,,
21,AUDIO RENTS INC.," 824 N. Hollywood Way  Burbank, CA 91505  323-874-1000  ",info@audiorents.com ,audiorents.com ,,yes ,no ,no ,no ,,no,yes ,,,,,,,,,,,,,,,
22,AUDIO REPAIR SPECIALISTS," 22520 Ventura Blvd.  Woodland Hills, Ca 91364  818-346-3762  ",,arsrepair.com,,,,,,,,,,,,,,,,,,,,,,,
23,BERTRANDS MUSIC," 1570 Cherokee Street  San Marcos, CA 92078  858-780-1812  ",,bertrandmusic.com ,,yes ,yes ,no ,no ," 12222 Poway Rd., Ste. C  Poway, CA 92064  858-668-3244  910 E. Highland Ave.  San Bernardino, CA 92404  1-800-696-5338  23851 Via Fabricante 202  Mission Viejo, CA 92691  949-455-4163  145 Vista Ave.  Pasadena, CA 91107  626-793-4730  2618 W. Burbank Blvd.  Burbank, CA 848-9665  1217 N. Hacienda Blvd.  La Puente, CA 91744  626-917-9300  1570 Cherokee St.  San Marcos, CA 92078  760-744-3669 ",no ,no ,,,,,,,,,,,,,,,
24,BRETT ALLEN STUDIO RENTAL," North Hollywood, CA  323-318-0430 323-253-2277  ",brettallen@earthlink.net ,brettallenstudiorental.com,,no,yes ,No ,no ,,yes ,no ,,,,,"The most extensive collection of guitars, amps, effects and tuners in L.A. Finest in studio guitar tech  service, intonation and setup specialist. ",,,,,,,,,,
25,"BROADCAST STORE, INC."," 21822 Lassen Street Unit H  Chatsworth, CA 91311  818-998-9100  ",sales@broadcaststore.com ,broadcaststore.com ,,,,,,,,,,,,,,pickups by appt. only,,,,,,,,,
26,CAPITAL AUDIO RENTAL," Burbank, CA  818-953-9099  ",info@capitalaudiorental.com ,capitalaudiorental.com ,,yes ,yes ,no ,no ,,no,no ,,,,,,,,,,,,,,,
27,CENTER STAGING," 3400 Winona Ave  Burbank, CA 91504  818-559-4333  ",adam@centerstaging.com ,centerstaging.com ,Adam Hasper ,,,,,,,,,,,,,,call for rates,,,,,,,,
28,"DIGITRON ELECTRONICS, INC."," 7801 Telegraph Rd., Ste. D  Montebello, CA 90640  323-887-0777  ",repairs@digitronelectronics.com ,digitronelectronics.com,,,,,,,,,,,,,,,,,,,,,,,
29,DRUM DOCTORS," 520 Commercial St.  Glendale, CA 91203  818-244-8123  ",thedrumdoctors@gmail.com ,drumdoctors.com ,,no ,yes ,no ,no ,,yes,no ,,,,,,,,,,,,,,,
30,DRUM PARADISE," 11803 Vose St.  North Hollywood, CA 91605  818-762-7878  ",info@drumparadise-la.com ,drumparadise-la.com/contact ,,no ,yes ,no ,no ,,yes,no ,,,,,,,,,,,,,,,
31,"FRET HOUSE, THE"," 309 N. Citrus Ave.  Covina, CA 91723  626-339-7020, 800-BET-FRET  ",email@frethouse.com ,frethouse.com ,,no ,yes ,no ,no ,,no,no ,,,,,,,,,,,,,,,
32,FUTARA ELECTRONICS COMPANY," 665 S. Manchester  Anaheim, CA 92802  714-535-6201  ",service@futara.com ,futara.com,,,,,,,,,,,,,,,,,,,,,,,
33,GARDS MUSIC," 848 S. Grand Ave.  Glendora, CA 91740  626-963-0263  ",info@gardsmusic.com ,stores.musicarts.com/ca/glendora/music-store-2608. html  ,,yes ,yes ,no ,no ," 350 S. Mountain Ave.  Upland, CA 91786  909-946-4789  11837 E. Foothill Blvd  Rancho Cucamonga, CA 91730  909-481-1515 ",no ,no ,,,,,,,,,,,,,,,
34,GPS ELECTRONICS," 13045 Tom White Way, Ste. I  Norwalk, CA 90650  562-802-0840 Fax 562-802-0846  ",gpselectro@yahoo.com,gps-electronics.net/services.html,,,,,,,,,,,,,,,,,,,,,,,
35,GROOVEWORKS," 5536 Atlantic Ave.  Long Beach, CA 90805  (310) 403-5104  ",info@grooveworksstudios.com ,grooveworksstudios.com ,Rodney,,,,,,,,,,,,,,,,,,,,,,
36,"GUITAR CONNECTION, THE"," 633 Rose Ave.  Venice, CA 90291  310-396-3009  ",theguitarconnection633@gmail.com ,theguitarconnection.com ,,no ,yes ,no ,no ,,no,no ,,,,,,,,,,,,,,,
37,"GUITAR MERCHANT, THE"," 22807 Saticoy Street  West Hills, CA 91304  818-884-5905  ",theguitarmerchant@yahoo.com ,guitarmerchant.com,,,,,,,,,,,,,,,,,,,,,,,
38,HOLLYWOOD SOUND SYSTEMS," 6908 Tujunga Ave  North Hollywood, CA 91605  323-466-2416  ",mfrenchik@fastmail.net ,thehookstudios.com,Mike  ,yes ,no ,no ,no ,,no ,no ,,,,,,,,no,,,,,,,
39,INSTRUMENTAL MUSIC INC.," 1501 E. Thousand Oaks Blvd.  Thousand Oaks, CA 91360  805- 419-5055  ",TO@instmusic.com ,instrumentalmusic.com ,,no ,yes ,no ,no ,,no,no ,,,,,,,,,,,,,,,
40,JAN-AL CASE RENTALS," 3339 Union Pacific Ave.  Los Angeles, CA 90023  (800) 735-2625 323-260-7212  ",arlene@janalcase.com ,janalcase.com ,,yes ,yes ,yes ,yes ,,yes,yes ,,,,,,,,,,,,,,,
41,KEYBOARD CONCEPTS," 5539 Van Nuys Blvd.  Sherman Oaks, CA 91401  818-787-0201, 800-22-PIANO  Fax 818-787-1219  ",,keyboardconcepts.com ,,no ,yes ,no ,no ," 3704 E. Colorado Blvd.  Pasadena, Ca 91107  626-583-9126  3232 Santa Monica Blvd.  Santa Monica, CA 90404  310-586-5588  18285 Euclid Ave.  Fountain Valley, CA 92708  Tustin, CA 92782  714-544-0088 ",no ,no ,,,,,,,,,,,,,,,
42,LA FX RECORDING SERVICES," 5634 Cleon Ave.  North Hollywood, CA 91601  818-769-5239  ",info@lafx.com ,lafx.com ,Dan Vicari ,yes ,no ,no ,no ,,no,no ,,,,,,,,,,,,,,,
43,L.A. SOUND COMPANY INC.," 9001 Canoga Ave.  Canoga Park, CA 91304  818-772-9200  ",,,,yes ,no ,no ,no ,,no,no ,,,,,,,,,,,,,,,
44,LON COHEN STUDIO RENTALS," North Hollywood, CA  818-762-1195 Fax 818-762-1196  ",sales@loncohen.com ,loncohen.com ,,,,,,,,,,,,,,,call for rates ,,"We rent top of the line backline (guitars, basses, amps, keyboards and drums) which can be heard on  records from Aerosmith to ZZ Top and can be seen on  television from Conan to Lopez. We also offer cartage,  temp. controlled storage, and world class guitar, bass and  amp repair. ",,,,,,
45,MATES REHEARSAL & CARTAGE," 5412 Cleon Ave.  North Hollywood, CA 91601  818-779-0009  ",monterey@mccune.com,mccune.com ,,yes ,no ,yes ,no ," San Francisco HQ  101 Utah Ave.  San Francisco, CA 94080  800-899-7686, 650-873-1111  ",no ,no ,,,,,,,,,,,,,,,
46,"MORNINGSTAR PRODUCTIONS, LLC"," 41213 Sandalwood Cir.  Murrieta, CA 92562  888-409-4810, 951-677-4443  ",,msmp.com ,,no ,yes ,yes ,yes ,,no,yes ,,,,,,,,,,,,,,,
47,MUSICIANS CHOICE STUDIOS," 3820 Hoke Ave  Culver City, CA 90232  310-836-8998  ",,musicianschoicestudios.com ,,yes ,yes ,yes ,no ,,yes,no ,,,,,,,,,,,,,,,
48,MUSIC MAKER RETAIL STORE," 5701 E. Santa Ana Canyon Rd., Ste. J  Anaheim, CA 92807  714-974-0830  ",mminfo@musicmakerinc.com ,musicmakerinc.com ,,no ,yes ,no ,no ,,no,no ,,,,,,,,,,,,,,,
49,NIGHTINGALE STUDIOS," 156 W. Providencia Ave.  Burbank, CA 91502  818-562-6660  ",nightingalestudiobooking@gmail.com ,nightingalestudios.com ,,yes ,yes ,no ,no ,,no,no ,,,,,,,,,,,,,,,
50,NORTHSTAR MOVING," 19401 Business Center Dr.  Northridge, CA 91324  800-275-7767  ",info@Northstarmoving.com ,northstarmoving.com ,,,,,,,yes,,,,,,,,,,,,,,,,
51,PACIFIC COAST ENTERTAINMENT," 7601 Woodwind Drive  Huntington Beach, CA 92647  714-841-6455, 619-331-3560, 866-335-4723  ",info@gopce.com ,gopce.com ,,yes ,yes ,yes ,yes ,,yes,yes ,,,,,,,,,,,,,,,
52,PETES MUSIC AND GUITAR SHOP," 28780 Old Town Front St.  #A-4  Temecula, CA  951-308-1688  ",petesmusic@yahoo.com ,petesmusic.com ,,yes ,yes ,no ,no ," 29800 Bradley Rd., #107  Manifee, CA  951-301-8088 ",no ,no ,,,,,,,,,,,,,,,
53,PRO PIANO," Los Angeles, CA  warehouse only (not open to the public)  917-715-2860, 800-367-7777  ",ricard@propiano.com ,propiano.com ,,no ,yes ,no ,,,yes,,,,,,,,,,,,,,,,
54,SAN DIEGO SOUND AND MUSIC REPAIR," 6555 El Cajon Blvd.  San Diego, CA 92115-2705  619-582-8511  ",audiodoctor.sd@gmail.com ,sdsmr.com,,,,,,,,,,,,,,,,,,,,,,,
55,SANTA MONICA MUSIC CENTER," 1901 Santa Monica Blvd.  Santa Monica, CA 90404  310-453-1928  ",studio@santamonicamusic.com ,santamonicamusic.com ,,yes ,yes ,no ,no ," Culver City Music Center  10862 Washington Blvd.  Culver City, CA 90232  310-202-6874 ",no ,no ,,,,,,,,,,,,,,,
56,SINGER MUSIC," 1217 N. Hacienda Blvd.  La Puente, CA 91744  626-917-9300  ",,,,yes ,yes ,no ,no ,,no,no ,,,,,,,,,,,,,,,
57,SMARTSOURCE RENTALS," 4928 W. Rosecrans Ave.  Hawthorne, CA 90250  310-417-3544, 844-333-6440  ",info@smartsourcerentals.com ,smartsourcerentals.com ,,,,,," Los Alamitos, Beverly Hills, San Diego, Culver City, Las  Vegas, Tempe, South San Francisco ",,,,,,,,,,,,,,,,,
58,SOCAL PRODUCTIONS," 9330 Laurel Canyon Blvd.  Arleta, CA 91331  818-565-3333  ",rentals@socalps.com ,socalps.com ,,Yes ,,No ,No ,,No,No ,,,,,,,,,,No ,Yes ,,,,
59,SOUND CHECK AUDIO," Los Angeles, CA 90036  323-939-7777  ",info@soundcheckaudio.com ,soundcheckaudio.com ,,no ,yes ,yes ,no ,,yes *By appointment only ,yes ,,,,,,,,,,,,,,,
60,SOUND-TECH STUDIO," 24300 Country Rd.  Moreno Valley, CA 92557  951-243-6666  ",soundtechstudio@yahoo.com ,soundtechmusic.square.site ,Allan Johnson ,yes ,yes ,yes ,no ,,no,yes ,,,,,,,,,,,,,,,
61,SST," 17328 Ventura Blvd.   #1  Encino, CA 91316  818-907-7780  ",SST.shop@yahoo.com ,sstsynths.com ,,yes ,yes ,no ,no ,,yes,yes ,,,,,,,,,,,,,,,
62,STUDIO 116 CORP.," 13136 Saticoy St., Unit G  North Hollywood, CA 91605  323-274-0220  ",,wstudio116event.com ,,yes ,yes ,yes ,no ,,no ,no ,,,,,,,,,"We are an Event production company. We rent sound, lighting & projection for all kinds of events. ",,,,,,
63,STUDIO INSTRUMENT RENTALS," 6465 Sunset Blvd.  Los Angeles, CA 90028  323-957-5460  ",sfinfo@sir-usa.com ,sir-usa.com,Fred Rose ,yes ,yes ,yes ,yes ," 4620 Santa Fe St.  San Diego, CA 92109  858-274-1384 Fax 858-274-1906  ",yes ,yes ,,,,,,,,,,,,,,,
64,STUDIO WEST OF SAN DIEGO," 11021 Via Frontera, Ste. A  San Diego, CA 92127  858-592-9497  ",,studiowest.com ,,yes ,no ,no ,no ,,yes ,yes ,,,,,,,,,,,,yes,,,
65,THIRD ENCORE," 10917 Vanowen St.  North Hollywood, CA 91605  818-753-0148, 818-613-7518  ",john@3rdencore.com ,3rdencore.com ,John Hoik ,,,,,,,,,,,,,,,,"Full instrument and backline rental, featuring large selection of all major brands including Mesa Boogie,  Yamaha, DW, Roland, Tama, Orange, Vox, Sabian, Zildjian,  Ampeg, Korg and Marshall gear.  Private storage lockers,  cartage services.  ",,,,"six air-conditioned studios from 900-2,400sq. ft., each including a private production office and full monitor-  ing P.A.  Full-service, professional facility. Quiet, safe, clean  and very private. Great parking. Daily, weekly or monthly  lockout rates available.  ","All rooms come with Adamson / Lab Gruppen monitoring system.  Digico, Avid, Yamaha, Midas consoles  available. ",
66,TONY PINNICK AUDIO," P.O. Box 18382  Encino, CA 91416  818-815-1264  ",tonypinnickaudio@gmail.com ,tonypinnickaudio.com ,,Yes ,,,,,,,Yes ,,Yes ,,"Studio Recording Equipment Rentals. Over 20 years professional audio experience. Reputation  for exacting attention to detail with a specially hand-  picked assortment of classic vintage and modern Tube  Microphones, Condenser and Ribbon Microphones, Mic  Pre-Amps, Compressors, Limiters, EQs and much more! ",,,,,,,,,,
67,TREW AUDIO," 2243 N. Hollywood Way  Burbank, CA 91505  323-876-7525  ",info@trewaudio.com ,trewaudio.com,,,,,,,,,,,,,,,,,,,,,,,
68,VALLEY SOUND MUSIC TECHNOLOGIES," 5527 Cahuenga Blvd.  North Hollywood, CA 91601  818-755-2801  ","stretch@valleysoundla.com, zita@valleysoundla.com  ",valleysoundla.com,,,,,,,,,,,,,,,,,,,,,,,
69,VCI EVENT TECHNOLOGY," 25172 Arctic Ocean Dr.  #102  Lake Forest, CA 92630  714-772-2002  ",info@vcievents.com ,vcievents.com ,,yes ,yes ,yes ,yes ,,no,no ,,,,,,,,,,,,,,,
70,VIDEO RESOURCES," 1809 E. Dyer Rd., Ste. 307  Santa Ana, CA 92705  949-261-7266  ",dane@videoresources.com ,videoresources.com ,,yes ,no ,yes ,yes ,,no,no ,,,,,,,,,,,,,,,
71,VIRTUAL SOUNDS TECHNOLOGY," 11901 Goldring Road, Unit C  Arcadia, CA 91006  626-239-0044  ",sales@vstservice.com ,vstservice.com,,,,,,,,,,,,,,,,,,,,,,,
72,WEST L.A. STUDIO SERVICES," 2033 Pontius Ave.  Los Angeles, CA 90025  310-478-7917  ",westlastudios@me.com ,westlastudios.com ,,yes ,yes ,no ,no ,,no,no ,,,,,,,,,,,,,,,
73,CEAVCO AUDIO VISUAL," 4860 Ward Rd  Wheat Ridge, CO 80033  303-539-3500  ",solutions@ceavco.com ,ceavco.com,,,,,,,,,,,,,,,,,,,,,,,
74,FAV," Ford Audio-Video  4230 Carson St.  Denver, CO 80239  800-654-6744, 720-374-2345  ",sales@fordav.com ,fordav.com,,,,,,,,,,,,,,,,,,,,,,,
75,IMAGE AUDIOVISUALS," 2130 S. Dahlia St.  Denver, CO 80222  303-758-1818  ",sales@imageav.com ,imageav.com,,,,,,,,,,,,,,,,,,,,,,,
76,MP&E," 2931 S.Tejon St.,Suite B  Englewood, CO 80110  303-789-1010  ",denver@hdgear.tv ,hdgear.tv,,,,,,,,,,,,,,,,,,,,,,,
77,"SHAPED MUSIC, INC."," 1760 LaPorte Ave., Ste. 3  Fort Collins, CO 805241  970-221-2315  ",randyc@shapedmusic.com ,shapedmusic.com ,,,,,,,,,,,,,,,,,"Shaped Music, Inc. is your sound, lighting, and backline production company serving all of Colorado  including Denver, Boulder, Colorado Springs, Fort Collins,  Grand Junction, Telluride, Aspen, Vail, Steamboat Springs,  Keystone, Copper Mountain, and beyond. We also serve all  of Wyoming, Nebraska, Utah, and New Mexico.  *Note: National touring & festivals also available. Pro  Audio sales. ",,,,,,
78,SPECTRUM AUDIO VISUAL," 351 W. 45th Ave.  800-909-9792, 303-223-1828  ",info@spectrumav.com ,spectrumav.com,,,,,,,,,,,,,,,,,,,,,,,
79,S.S.S. PRODUCTIONS," 11165 Clarkson St.  Northglenn, CO 80233  303-875-5678  ",events@sssproductions.net ,sssproductions.net NNECTICUT,,,,,,,,,,,,,,,,,,,,,,,
80,M COMMUNICATIONS," 48 Union St.  Stamford, CT 06906  203-348-2100  ",sales@mcommunications.com ,mcommunications.com,,,,,,,,,,,,,,,,,,,,,,,
81,MIDDLETOWN MUSIC," 4380 Summit Bridge Rd.  Middletown, DE 19709  302-376-7600  ",sales@middletownmusic.com ,stores.musicarts.com/middletown-de,,,,,,,,,,,,,,,,,,,,,,,
82,BUDGET VIDEO RENTALS," 1825 N.E. 149th St.  Miami, FL 33181  800-772-1111, 305-945-8888  ",rentals@budgetvideo.com ,budgetvideo.com,,,,,,,,,,,,,,,,,,,,,,,
83,CP COMMUNICATIONS," 9965 18th Street N, Suite 2&3  St. Petersburg, FL 33716  800-762-4254  ",,cpcomms.com,,,,,,,,,,,,,,,,,,,,,,,
84,"GREAT SOUTHERN STUDIOS, THE"," 15221 N.E. 21st Ave.  Miami Beach, FL 33162  305-944-2464  ",info@gssmiami.com ,greatsouthernstudios.com,,,,,,,,,,,,,,,,,,,,,,,
85,MIDTOWN VIDEO," 4824 S.W. 74th Ct.  Miami, FL 33155  305-669-1117  ",info@midtownvideo.com ,"midtownvideo.com, facebook.com/midtownvideo",,,,,,,,,,,,,,,,,,,,,,,
86,PR GEAR," Video Equipment Rentals  8063 Beacon Lake Dr.  Orlando, FL 32809  800-794-1407, 407-582-0350  ",info@verrents.com ,verrents.com ,,,,,," 3300 Davie Rd, Suite 101  Davie, FL. 33314  954-723-2828 ",,,,,,,,,,,,,,,,,
87,PURE ENERGY ENTERTAINMENT," 4650 Coral Ridge Drive  Coral Springs, FL  33076  954-782-6989  Email: info@PureEnergy.net  ",,PureEnergy.net,,,,,,,,,,,,,,,,,,,,,,,
88,SMARTSOURCE RENTALS," 9401 Southridge Park Ct., Ste. 600  Orlando, FL 32819  844-333-6440, 407-582-9807  ",info@smartsourcerentals.com ,thesmartsource.com/locations/orlando,,,,,,,,,,,,,,,,,,,,,,,
89,STUDIO INSTRUMENT RENTALS," 12200 N.E. 14th Ave.  Miami, FL 33161  305-891-3350 Fax 305-891-3550  ",miinfo@sir-usa.com ,sir-usa.com,,,,,,,,,,,,,,,,,,,,,,,
90,TAI AUDIO," 5828 Old Winter Garden Rd.  Orlando, FL 32835  407-296-9959  ",info@taiaudio.com ,taiaudio.com,,,,,,,,,,,,,,,,,,,,,,,
91,WALL OF SOUND STUDIOS," 225 Carswell Ave.  Daytona Beach, FL  949-285-1774  ",sales@atlantasoundandlight.com ,atlantasoundandlight.com,,,,,," Las Vegas  702-371-0811    ATLANTA SOUND AND LIGHTING GEORGIA  1400 Vijay Dr.  Atlanta, GA  770-455-7695  ",,,,,,,,,,,,,,,,,
92,CONCERT AUDIO," Atlanta, GA  770-434-2437  ",andrew@concertaudio.com ,concertaudio.com,,,,,,,,,,,,,,,,,,,,,,,
93,LIGHTNINS," 2555 University Pkwy.  Lawrenceville, GA 30043  770-963-1234  ",,lightnin.net ,,,,,," 26-01 Ulmer Street  College Point, NY 11354 ",,,,,,,,,,,,,,,,,
94,ONE EVENT SERVICES," 6779 Crescent Dr.  Norcross, GA 30071  800-967-2419, 770-457-0966  ",info@onservices.com ,onservices.com,,,,,,,,,,,,,,,,,,,,,,,
95,PC&E ATLANTA," Production Consultants & Equipment  2235 DeFoor Hills Rd.  Atlanta, GA 30318  404-609-9001  ",marketing@pce-atlanta.com ,pce-atlanta.com,,,,,,,,,,,,,,,,,,,,,,,
96,PRG GEAR," Video Equipment Rentals  1389 Chattahoochee Ave.  Atlanta, GA 30318  800-794-1407, 770-300-0401  ",info@verrents.com ,prggear.com/location/atlanta,,,,,,,,,,,,,,,,,,,,,,,
97,SMARTSOURCE," 1850 MacArthur Blvd., N.W., Ste. A  Atlanta, GA 30318  404-352-0900, 844-333-6440  ",Hawaiisales@AVServs.com ,audiovisualhawaii.com *Services all Islands ,,,,,,,,,,,,,,,,,,,,,,,
98,HAWAII SOUND & VISION," P.O. Box 2267  Kailua-Kona, HI 96745  808-982-8330  ",aloha@hawaiisav.com ,hawaiisav.com,,,,,,,,,,,,,,,,,,,,,,,
99,MYSTICAL SOUNDS PRODUCTIONS," P.O. Box 22996  Honolulu, HI  96823  808-222-8833  ",mspdjs@gmail.com ,avchicago.com,,,,,,,,,,,,,,,,,,,,,,,
100,CHICAGO HD CORP.," 6710 N. Kostner Ave.  Lincolnwood, IL 60712  312-951-9610  ",,chicagohd.com,,,,,,,,,,,,,,,,,,,,,,,
101,DANCE ALL NIGHT! INC.," 1340 Woodland Ln.  Riverwoods, IL 60015  877-940-9788, 847-940-9788  ",bruce@danceallnight.com ,danceallnight.com ,,no ,no ,yes and Video Projection ,no ,,yes ,yes ,,,,,,,,,,,,yes,,,
102,MARQUEE EVENT RENTALS," 9480 W 55th Street  Carol Stream, IL 60188  630-871-9999  ",,marqueerents.com,,,,,,,,,,,,,,,,,,,,,,,
103,MCS," Midwest Conference Service  332 Commerce Dr.  Roselle, IL 60172  630-351-3976  ",info@mcsexpo.com ,mcsexpo.com,,,,,,,,,,,,,,,,,,,,,,,
104,NOVATOO AUDIO VISUAL," 120 Easy St., Unit 3  Carol Stream, IL 60188  630-871-2222  ",novatooinfo@sbcglobal.net ,novatoo.com ,"Tim Novak, rental sales Mgr.",,,,,,,,,,,,,,,,,,,,,,
105,SMARTSOURCE RENTALS," 2025 Glen Ellyn Rd.  Glendale Heights, IL 60139  630-588-0200, 844-333-6440  ",info@smartsourcerentals.com ,smartsourcerentals.com,,,,,,,,,,,,,,,,,,,,,,,
106,STUDIO INSTRUMENT RENTAL," 2835 N. Kedzie Ave.  Chicago, IL 60618  773-478-8500, 773-478-8555  ",chinfo@sir-usa.com ,sir-usa.com,,,,,,,,,,,,,,,,,,,,,,,
107,SWING CITY MUSIC," 1811 Vandalla  Collinsville, IL 62234  618-345-6700  ",swingcitymusic@ameritech.net ,swingcitymusic.com ,,,,,," 244 S. Buchanan  Edwardsville, IL 62025-2109  618-656-5656 ",,,,,,,,,,,,,,,,,
108,VER," Video Equipment Rentals  8401 W 47th St., Suite D  McCook, IL 60525  800-794-1407, 847-671-4966  ",info@verrents.com ,verrents.com,,,,,,,,,,,,,,,,,,,,,,,
109,ZACUTO," 401 W. Ontario, Ste. 100  Chicago, IL 60610  888-294-FILM (3456), 312-863-FILM (3456)  ",sales@zacuto.com ,zacuto.com,,,,,,,,,,,,,,,,,,,,,,,
110,STUDIO ONE INC," 25833 SR. 2  South Bend, IN 46619  800-888-9700, 574-232-9084  Fax 574-232-2220  ",info@conferencetech.com ,conferencetech.com ,,,,,," 333 SW 9th St., Suite N  Des Moines, IA  50309  515-280-9800 ",,,,,,,,,,,,,,,,,
111,RIEMAN MUSIC," 6501 Douglas Ave.  Urbandale, IA 50322  515-278-4685 800-372-6051  ",kansascity@lightson.com ,lightson.com   louisiana ,J.C. Wilson ,,,,," Des Moines - East  800-372-6051, 515-262-0365  Ames, IA 50010  800-234-4203, 515-233-4203  Mason City, IA 50401  800-397-4606, 641-423-6563  Fort Dodge  800-362-1627, 515-576-2189  Creston  800-947-9139, 641-782-5121    LIGHTS ON KANSAS CITY  KANSAS  1720 Merriam Ln.  Kansas City, KS 66106  800-229-5876, 913-362-6940  Fax 913-362-6958  ",,,,,,,,,,,,,,,,,
112,THE PINNACLE GROUP," Lafayette, LA  800-524-7462, 337-593-1149  ",info@avtechnik.com ,avtechnik.com,,,,,," Baton Rouge, LA  225-767-1148  Lake Charles  337-477-7469  Lafayette  337-767-1149    AV TECHNIK LLC. MAINE  176 Innovation Way  Scarborough, ME 04074  207-699-0115  ",,,,,,,,,,,,,,,,,
113,STARBIRD MUSIC," 500 Forest Ave.  Portland, ME 04101  207-775-2733, 207-828-0888  ",pianos@starbirdmusic.com ,4wall.com,,,,,,,,,,,,,,,,,,,,,,,
114,CPR MULTIMEDIA SOLUTIONS," 7812 Cessna Ave.  Gaithersburg, MD 20879  301-590-9400  ",sales@cprmms.com ,cprmms.com,,,,,,,,,,,,,,,,,,,,,,,
115,"DSL SOUND, INC."," 67 W. Baltimore St., Ste. 101  Hagerstown, MD 21740  301-797-1070  ",info@dslsound.net ,dslsound.net ,,,,,," Baltimore, MD  410-522-2061  Delware, MD Eastern Shore, and Philadelphia  302-697-7515  Harrisburg, PA  717-526-4416 ",,,,,,,,,,,,,,,,,
116,PROGEAR," Video Equipment Rentals  9590 Lynn Buff  Court Suite 16  Laurel, MD  20723  800-794-1407, 301-731-9560  ",info@alltechsound.com ,alltechsound.com ,,,,,,,,,,,,,,,,,"Provides sound, backline, lighting and stages for concert and corporate events ",,,,,,
117,KLONDIKE SOUND COMPANY," 37 Silvio Conte Dr.  Greenfield, MA 01301  413-772-2900 Fax 413-772-2199  ",info@klondikesound.com ,klondikesound.com,,,,,,,,,,,,,,,,,,,,,,,
118,RULE BOSTON CAMERA," 320 Nevada Street, 1st Floor  Newton, MA 02460  800-785-3266, 617-277-2200  Fax 617-277-6800  ",answers@rule.com ,rule.com,,,,,,,,,,,,,,,,,,,,,,,
119,TALAMAS BROADCAST EQUIPMENT," 280 Bear Hill Road  Waltham, MA 02451  800-941-2446 617-928-0788  ",info@talamas.com ,talamas.com,,,,,,,,,,,,,,,,,,,,,,,
120,"ZASCO PRODUCTIONS, LLC"," 340 McKinstry Ave., Ste. 400  Chicopee, MA 01013  800-827-6616, 413-534-6677  ",info@intunerentals.com ,intunerentals.com,,,,,,,,,,,,,,,,,,,,,,,
121,RUSSELL VIDEO," 4528 Concourse Dr.  Ann Arbor, MI 48108  734-213-0500  ",info@alphavideo.com ,alphavideo.com,,,,,,,,,,,,,,,,,,,,,,,
122,EMI RENTALS," 4719 42nd Ave., N.  Robbinsdale, MN 55422  800-832-5174, 612-789-2496  ",info@EMIaudio.com ,emiaudio.com,,,,,,,,,,,,,,,,,,,,,,,
123,TOTAL MUSIC SERVICES," 777 Harding Street, NE  Suite 100  Minneapolis, MN 55413  651-644-7102  ",info@totalmusic.com ,totalmusic.com ,Billie Kahle ,no ,yes ,no ,no ,,yes ,no ,,,,,,,,,,,,yes,,,651-644-8240 
124,AMEREVENT," St. Louis, MO  314-255-2882  ",info@theeventline.com ,amerevent.com ,,,,,, Metro-East  618-307-0030 ,,,,,,,,,,,,,,,,,
125,FAZIOS," 15440 Manchester Rd.  Ellisville, MO 63011  636-227-3573  ",HelloSTL@erniewilliamson.com ,faziosmusic.com,,,,,,,,,,,,,,,,,,,,,,,
126,SMARTSOURCE RENTALS," 15400 South Outer Forty  Suite 203  Chesterfield, MO 63017  800-285-7794, 844-428-6475  ",info@mwsound.com ,4wall.com,,,,,," 2322 O St.  Lincoln, NE 68510  800-617-4298, 402-474-4918    4WALL ENTERTAINAMENT NEVADA  3165 W. Sunset Rd., Ste. 100  Las Vegas, NV 89118  702-263-3858  ",,,,,,,,,,,,,,,,,
127,AV VEGAS PRODUCTIONS," 4780 Arville St.  Las Vegas, NV 89103  702-878-5050  ",sales@avvegas.com ,avvegas.com,,,,,,,,,,,,,,,,,,,,,,,
128,FAV," Ford Audio Video  6255 South Sandhill Rd., Ste. 100  Las Vegas, NV 89120  800-654-6744, 702-369-9965  ",,fordav.com,,,,,,,,,,,,,,,,,,,,,,,
129,LEVY PRODUCTION GROUP," 5905 S. Decatur Blvd., Ste. 1  Las Vegas, NV 89118  702-623-7932  ",mike@levyproductiongroup.com ,levyproductiongroup.com,,,,,,,,,,,,,,,,,,,,,,,
130,PROGEAR," Video Equipment Rentals  4155 West Russell Rd, Suite E-H  Las Vegas, NV 89118  800-794-1407 702-895-9777  ",,prggear.com,,,,,,,,,,,,,,,,,,,,,,,
131,SMARTSOURCE RENTALS," 6425 South Jones Blvd, Suite 103  Las Vegas, NV 89118  702-791-2500, 844-333-6440  ",info@smartsourcerentals.com ,smartsourcerentals.com,,,,,,,,,,,,,,,,,,,,,,,
132,"STUDIO INSTRUMENT RENTALS, INC."," 4545 Cameron St., Bldg. A  Las Vegas, NV 89103  702-382-9147  ",irent@carrollmusic.com,boulevardcarroll.com ,,,,,," 625 W. 55th St., 6th Fl.  New York, NY 10019  212-868-4120  ",,,,,,,,,,,,,,,,,
133,SMARTSOURCE RENTALS," 490 S. Dean St.  Englewood, NJ 07631  201-568-6555, 844-333-6440  ",info@smartsourcerentals.com ,smartsourcerentals.com,,,,,,,,,,,,,,,,,,,,,,,
134,WESTFIELD AUDIO VISUAL," 2470 Plainfield Ave.  Unit F  Scotch Plains, NJ 07076  908-838-9090, 212-776-3300  ",avrental@avsystems.com ,avsystems.com,,,,,,,,,,,,,,,,,,,,,,,
135,ELLIOTT LOCATION EQUIPMENT," Mailing Addres:  3120 Blake Rd.  Albuquerque, NM 87105  505-328-0909  ",,elliottlocationequipment.com,,,,,,,,,,,,,,,,,,,,,,,
136,FIELD & FRAME," 107 Tulane S.E.  Albuquerque, NM 87106  505-265-5678  ",irent@boulevardcarroll.com ,boulevardcarroll.com ,,,,,," 1275 Valley Brook Avenue  Lyndhurst, NJ 07071  201-262-7740 ",,,,,,,,,,,,,,,,,
137,E C PROFESSIONAL VIDEO," 253 W. 51st St.  New York, NY 10019  212-333-5570  ",info@ecprovideo.com ,ecprostore.com,,,,,,,,,,,,,,,,,,,,,,,
138,"FUNKADELIC STUDIOS, INC."," 209 W. 40th St., 5th Fl.  New York, NY 10018  212-696-2513  ",funkadelicstudios@gmail.com ,funkadelicstudios.com,,,,,,,,,,,,,,,,,,,,,,,
139,HELLO WORLD," 118 W. 22nd St., 2nd Fl.  New York, NY 10011  212-243-8800  ",rentals@hwc.tv ,hwc.tv,,,,,,,,,,,,,,,,,,,,,,,
140,INTERACTIVE VISION SOLUTIONS," Audio Visual Equipment Rental in NY.C.  248 W. 35th St.  New York, NY 10001  212-729-4305  ",info@audiovideonyc.com ,audiovideonyc.com,,,,,,,,,,,,,,,,,,,,,,,
141,KEYBOARD INSTRUMENT RENTALS," 276 Meserole St.  Brooklyn, NY 11206  212-245-0820  ",keyboardrentals@aol.com ,keyboardrentalsnyc.com ,Danny Brill,,,,,,,,,,,,,,,,,,,,,,
142,LIMAN VIDEO RENTAL," 330 W. 38th St.  New York, NY 10018  212-594-0086  ",info@lvrusa.com ,lvrusa.com ,"Ralph, Ian, Michael",,,,,,,,,,,,,,,,,,,,,,
143,"LLOYD SOUND, INC."," 173 Cortland Rd  Dryden, NY 13053  607-753-1586, 607-423-1251  ",lloyllo5@outlook.com ,lloydsound.com ,John Lloyd,,,,,,,,,,,,,,,,,,,,,,
144,LONG ISLAND VIDEO ENTERPRISES," 110 Pratt Oval  Glen Cove, NY 11542  516-759-5483  ",info@longislandvideo.com ,longislandvideo.com,,,,,,,,,,,,,,,,,,,,,,,
145,"MINERVA AUDIO VISUAL, INC."," 200 S. Servie Rd.  LL06  Roslyn Heights, NY 11577  718-366-0600  ",info@minervaav.com ,minervaav.com ,Chris Roach ,yes ,yes ,yes ,yes ,,yes ,yes ,,,,,,,,,,,,yes,,,
146,"PRIMALUX VIDEO PRODUCTION, INC."," 555 8th Ave., Ste. 1002  New York, NY 10018  212-206-1402  ",,primalux.com,,,,,,,,,,,,,,,,,,,,,,,
147,PRODUCTION CENTRAL," 873 Broadway, Ste. 205  New York, NY 10003  212-631-0435  ",info@prodcentral.com ,prodcentral.com ,David,,,,,,,,,,,,,,,,,,,,,,
148,RSA AUDIO SERVICES," 18 Fairlea Ct  Sag Harbor, NY 11963  631-242-8008 Fax 631-242-8056  ",rsaaudio@aol.com ,rsaaudio.net ,,yes ,yes ,no ,no ,,no,yes ,,,,,,,,,,,,,,,
149,SMARTSOURCE RENTALS," 50 Engineers Road  Hauppauge, NY 11788  631-273-8888, 844-333-6440  ",info@smartsourcerentals.com ,smartsourcerentals.com,,,,,,,,,,,,,,,,,,,,,,,
150,STUDIO INSTRUMENT RENTALS (SIR)," 475 10th Ave., 2nd Fl.  New York NY 10018  212-627-4900 Fax 212-627-7079  ",nyinfo@sir-usa.com ,sirny.com,,,,,,,,,,,,,,,,,,,,,,,
151,TIMES SQUARE," 5 Holt Drive  Stony Point, NY 10980  201-373-2700  ",,tsstage.com,,,,,,,,,,,,,,,,,,,,,,,
152,AMERICAN AV," 4700 EmperorBlvd.  Durham, NC 27703  919-941-8112 Fax 919-941-9109  ",sales@americanav.com ,aavevents.com ,Erik Hauge ,,,,," 151 Kitty Hawk Dr.  Morrisville, NC 27560  919-361-1151 Fax 919-405-2380  8005 Haute Ct.  Springfield, VA 22150  703-573-6910 ",,,,,,,,,,,,,,,,,
153,BACKLINEPRO," Charlotte, NC  704-400-6875 Fax 704-366-7011  ",backlinepro@bellsouth.net ,backlinepro.com ,Brent Moore,,,,,,,,,,,,,,,,,,,,,,
154,CAROLINA BACKLINE," 6012 Old Pineville Rd, Suite C  Charlotte, NC  28217  844-422-2554  ",rental@carolinabackline.com ,facebook.com/carolinabackline,,,,,,,,,,,,,,,,,,,,,,,
155,NORMAN SOUND & PRODUCTION," 912 Central Ave.  Charlotte, NC 28204  704-334-1601  ",nsp@normansound.com ,normansound.com   north dakota ,,,,,,,,,,,,,,,,,,,,,,,
156,HB SOUND & LIGHTS," 101 N. 8th St.  Grand Forks, ND 58203  701-775-1150  ",,hbsound.com,,,,,,,,,,,,,,,,,,,,,,,
157,RENTALL," 3201 32nd St. S.  Fargo, ND 58104  701-893-1900  ",Fargo25@rentallusa.net,rentallusa.net ,,,,,," 1356 Airport Road  Bismarck, ND 58504  701-250-1123  ",,,,,,,,,,,,,,,,,
158,COLORTONE," 5401 Naiman Pkwy.  Cleveland, OH 44139  440-914-9500  ",,csrav.com,,,,,,,,,,,,,,,,,,,,,,,
159,"COMMUNICATIONS CONCEPTS, INC."," 508 Millstone Drive  Beavercreek, OH  45434  937-426-8600  ",info@ccistudioinstrument.com ,communication-concepts.com,,,,,,,,,,,,,,,,,,,,,,,
160,MARK STUCKER PRODUCTIONS," Cincinnati, OH  513-325-4943  ",mark@markstucker.com ,markstucker.com,,,,,,,,,,,,,,,,,,,,,,,
161,WOODSYS," 135 S. Water St.  Kent, OH 44240  330-673-1525  ",woodsys@woodsys.com ,woodsys.com,,,,,,,,,,,,,,,,,,,,,,,
162,FAV," Ford Audio-Video  4800 W. Interstate 40  Oklahoma City, OK 73128  800-654-6744, 405-946-9966  ",sales@fordav.com ,fordav.com ,,,,,," 8349 E. 51st St.  Tulsa, OK 74145  918-664-2420 ",,,,,,,,,,,,,,,,,
163,CINEMAGIC STUDIOS," 20726NE Interlachen Lane  Fairview, OR 97024  503-233-2141  ",joe@cinemagicstudios.com ,cinemagicstudios.com ,Joe Welsh,,,,,,,,,,,,,,,,,,,,,,
164,PICTURE THIS," 2223 N.E. Oregon St.  Portland, OR 97232  503-235-3456  Fax 503-236-2302  ",info@pixthis.com ,pixthis.com,,,,,,,,,,,,,,,,,,,,,,,
165,STUDIO INSTRUMENT," 1432 SE 34th Ave.  Portland, OR 97214  503-282-5583, Fax 503-282-5584  ",orinfo@sir-usa.com ,sir-usa.com,,,,,,,,,,,,,,,,,,,,,,,
166,TIDEPOOL AUDIO," Portland, OR  503-963-9019  ",sales@tidepoolaudio.com ,tidepoolaudio.com,,,,,,,,,,,,,,,,,,,,,,,
167,ALL SOUND PRO," 1031 Kunkle Dr.  Chambersburg, PA 17202  Bob: 717-496-1645  Jacob:  717-357-8625  ","allsoundpro@gmail.com, ",allsoundpro.com ,Bob Ranalli ,yes ,yes ,yes ,yes ,,yes-locally,,,,,,,,,,,,,,,,
168,AMP AUDIO VISUAL," 5201 Bella Vista Road  Drexel Hill, PA 19026  855-292-2100  ",hello@amp-events.com ,amp-events.com,,,,,,,,,,,,,,,,,,,,,,,
169,AUDIO VISUAL RENTAL SERVICES," 4410 Belgrade Street  Philadelphia, PA  800-695-5943  ",,audiovisualrenting.com,,,,,,,,,,,,,,,,,,,,,,,
170,GOURMET P A SYSTEMS," Cranberry Industrial Park  3016 Unionville Rd.  Cranberry Township, PA 16066  724-776-2766  ",,gourmetpa.com,,,,,,,,,,,,,,,,,,,,,,,
171,"KEYSTONE PICTURES, INC."," 1094 New Dehaven St  Suite 101  Conshohocken, PA  19428  800-659-5821  ",scheduling@keystonepictures.tv ,keystonepictures.tv,,,,,,,,,,,,,,,,,,,,,,,
172,VIDEOSMITH INC.," 1516 North 5th Street, Suite 119  Philadelphia, PA 19123  215-238-5070, 215-327-3941 ",info@videosmith.com ,videosmith.com DE I   SLAND ,,,,,,,,,,,,,,,,,,,,,,,
173,"AMBIENT, INC."," 75 New England Way  Warwick, RI 02886  401-941-8500 Fax 401-732-5368  ",info@ambientsound.com ,ambientsound.com   arolina ,,,,,,,,,,,,,,,,,,,,,,,
174,NEW PRO VIDEO," 3546 Admiral Dr.  North Charleston, SC 29405  800-462-8895, 843-554-7811  ",,newprovideo.com,,,,,,,,,,,,,,,,,,,,,,,
175,SHOW SERVICES INC.," 365 Red Cedar St., Ste. 201  Bluffton, SC 29910  843-815-3731  ",alex@showservicesinc.com ,showservicesinc.com,,,,,,,,,,,,,,,,,,,,,,,
176,OUTSOUND PRODUCTIONS," 408 S Cliff Avenue  Sioux Falls, SD 57103  605-212-4603  ",info@outsoundproductions.com ,outsoundproductions.com,,,,,,,,,,,,,,,,,,,,,,,
177,4WALL ENTERTAINAMENT," 820 Cowan St.  Nashville, TN 37207  615-453-2332  ",,4wall.com,,,,,,,,,,,,,,,,,,,,,,,
178,ALLPRO ELECTRONICS," 606 Fessiers LN #103  Nashville, TN 37210  615-310-2379  ",sales@allproelectronics.com ,allproelectronics.com,,,,,,,,,,,,,,,,,,,,,,,
179,"ALLSTAR AUDIO SYSTEMS, INC."," 750 Cowan Street  Nashville, TN  615-804-7800  ",mike@allstaraudio.com ,"allstaraudio.com, facebook.com/AllstarAudio",,,,,,,,,,,,,,,,,,,,,,,
180,BLACKBIRD AUDIO RENTALS," 2805 Bransford Ave.  Nashville, TN 37204  615-279-7368  ",blackbirdaudiorentals@gmail.com ,blackbirdaudiorentals.com,,,,,,,,,,,,,,,,,,,,,,,
181,BLEVINS AUDIO," P.O. Box 100903  Nashville, TN 37224  615-202-8669  ",themciguy@aol.com ,blevinsaudio.net ,Steve Sadler,,,,,,,,,,,,,,,,,,,,,,
182,BRANTLEY SOUND ASSOCIATES INC.," 115 Duluth Ave.  Nashville, TN 37209  615-256-6260  ",bbrantley@brantleysound.com ,brantleysound.com ,,yes ,yes ,no ,yes ,,no,no ,,,,,,,,,,,,,,,
183,"DR&A, INC."," 3019 Ambrose Avenue  Nashville, TN 372107  615-256-6200  ",drice@griptruck.com ,griptruck.com ,"Doug Rice, Founder/CEO",,,,,,,,,,,,,,,,,,,,,,
184,"GAULT & ASSOCIATES, INC."," 3545 Probasco Pl.  Chattanooga, TN 37411  800-424-2858, 423-756-6128  Knoxville: 800-424-2858  ",avfred@aol.com ,gaultav.com,,,,,,,,,,,,,,,,,,,,,,,
185,PROGEAR," Video Equipment Rentals  533 New Paul Rd., Suite 100  La Vergne, TN 37086  800-794-1407, 615-280-2255  ",,prggear.com,,,,,,,,,,,,,,,,,,,,,,,
186,RENT A CAMERA," 2605 Westwood Drive  Nashville, TN 37204  855-588-2882  ",info@rentacamera.com ,rentacamera.com,,,,,,,,,,,,,,,,,,,,,,,
187,SOUNDCHECK," 750 Cowan St.  Nashville, TN 37207  615-726-1165 Fax 615-256-6045  ",information@sounndchecknashville.com ,soundchecknashville.com ,,,,,,,,,,,,,,,please call for info,,,,,,,,
188,"STUDIO INSTRUMENT RENTALS OF TN, INC."," 1101 Cherry Ave.  Nashville, TN 37203  615-255-4500 Fax 615-255-4511  ",tninfo@sir-usa.com ,sir-usa.com ,,yes ,yes ,yes ,yes ,,yes,yes ,,,,,,,,,,,,,,,
189,TAKE ONE FILM & VIDEO," 125 Commerce Dr.  Henderson, TN 37025  877-81-TAKE1, 877-818-2531  ",mail@takeone.tv ,takeone.tv ,studio mgr. ,yes ,no ,yes ,no ,,no ,no ,,,,,,,,yes,,,,,,,
190,THOMPSON MUSIC RENTAL," Nashville, TN  615-210-2120  ",markthompson@comcast.net ,thompsonmusicrental.com,,,,,,,,,,,,,,,,,,,,,,,
191,TREW AUDIO," 220 Great Cir. Rd., Ste. 116  Nashville, TN 37228  800-241-8994, 615-256-3542  ",info@trewaudio.com ,trewaudio.com XAS,,,,,,,,,,,,,,,,,,,,,,,
192,ACAV," Action Computer & Audio Visual Corporate HD  8524 Hwy. 6 N., #131  Houston, TX 77095  281-550-7955  ",sales@actioncomputerandaudiovisual.net ,actioncomputerandaudiovisual.net,,,,,,,,,,,,,,,,,,,,,,,
193,FAV," 4120 Freidrich Lane, Suite 400  Austin, TX 78744  800-654-6744, 512-447-1103  ",,fordav.com ,,,,,," 4380 Blalock Rd.  Houston, TX 77041  713-690-0555  4901 Statesman Drive  Irving, TX  75063  972-241-9966 ",,,,,,,,,,,,,,,,,
194,MOPAC MEDIA," 6400 Arnold Drive  Austin, TX 78723  512-244-3668  ",kt@kevintriplett.com ,mopacmedia.com,,,,,,,,,,,,,,,,,,,,,,,
195,MP&E," 3328 Wayponit Dr.  Carrollton, TX 75006  972-931-3880 Fax 972-931-3882  ",austin@hdgear.tv,hdgear.tv ,,,,,," 4822 E. Cesar Chavez  Austin, TX 78702  514-485-3131  ",,,,,,,,,,,,,,,,,
196,OMEGA BROADCAST GROUP," 817 W. Howard Ln.  Austin, TX 78753  512-251-7778  ",sales@omegabroadcast.com ,omegabroadcast.com,,,,,,,,,,,,,,,,,,,,,,,
197,OMEGA PRODUCTIONS," 456 Commerce St.  Palacios, TX 77465  214-891-9585  ",getinfo@omegalive.com ,omegalive.com,,,,,,,,,,,,,,,,,,,,,,,
198,ONSTAGE SYSTEMS," 8721 Forney Rd  Dallas, TX 75227  972-686-4488  ",info@onstagesystems.com ,onstagesystems.com,,,,,,,,,,,,,,,,,,,,,,,
199,"PINNACLE GROUP, THE"," Houston, TX  800-524-7462 ,  337-802-1916  ",,pingroup.com,,,,,,,,,,,,,,,,,,,,,,,
200,PROGEAR," Video Equipment Rentals  3110 Roy Orr Blvd, Suite 200  Gran Prairie, TX 75050  214-260-1295  ",,prggear.com,,,,,,,,,,,,,,,,,,,,,,,
201,SMARTSOURCE RENTALS," 3322 Longmire Dr., Ste. 200  979-694-7490, 844-333-6440  College Station, TX 77845  ",info@smartsourcerentals.com ,smartsourcerentals.com ,,,,,," 2110 Hutton Drive, Suite 120  Carrollton, TX 75006  214-827-2430 ",,,,,,,,,,,,,,,,,
202,SOUNDCHECK," 3714 Bluestein Drive, Ste 600  Austin, TX 78721  512-444-0023  ",gus@soundcheckaustin.com ,SoundcheckHouston.com,,,,,," 2108 Lou Ellen Ln.  Houston, TX 77018  713-290-0335  ",,,,,,,,,please call for info ,,,,,,,,
203,"TV SPECIALISTS, INC."," 180 E. 2100 S.  Salt Lake City, UT 84115  801-486-5757  ",,tvspecialists.com,,,,,,,,,,,,,,,,,,,,,,,
204,WEB AUDIO VISUAL COMMUNICATIONS," 1420 S. 4800 W. Suite D  Salt Lake City, UT 84104  801-484-8567  ",sales@webbav.com ,webbav.com,,,,,,,,,,,,,,,,,,,,,,,
205,AAV EVENTS," 8005 Haute Ct.  Springfield, VA 22150  703-573-6910 Fax 703-573-3539  ",sales@americanav.com ,"aavevents.com 151 Kitty Hawk Dr.  Morrisville, NC 27560  919-361-1151 Fax 919-405-2380 ",,,,,," 4700 EmperorBlvd.  Durham, NC 27703  919-941-8112 Fax 919-941-9109  ",,,,,,,,,,,,,,,,,
206,AVIVA RENTALS," 1609 Rhoadmiller St.  Richmond, VA 23220  877-564-9143, 804-353-9212  ",lee@avivarentals.com ,audiovisualrentalsvirginia.com,,,,,,,,,,,,,,,,,,,,,,,
207,SMARTSOURCE RENTALS," 7664 Fullerton Rd., Ste. K  Springfield, VA 22153  703-978-2321, 844-333-6440  ",info@smartsourcerentals.com ,smartsourcerentals.com,,,,,,,,,,,,,,,,,,,,,,,
208,AV RENT," Seattle, WA  206-575-7771  ",sales@avrent.com ,avrent.com ,,,,,," 12922 SE 299th Street  Auburn,WA  253-474-9979 ",,,,,,,,,,,,,,,,,
209,SMARTSOURCE RENTALS," 8655 154th Ave. N.E., Suite 140  Redmond, WA 98052  525-881-5353, 844-333-6440  ",info@smartsourcerentals.com ,smartsourcerentals.com,,,,,,,,,,,,,,,,,,,,,,,
210,STUDIO INSTRUMENT RENTALS," 410 South 96th Street Unit 5  Seattle, WA 98108  206-782-6800",wainfo@sir-usa.com  ,sir-usa.com wisconsin ,,,,,,,,,,,,,,,,,,,,,,,
211,"FULL COMPASS SYSTEMS, LTD."," 9770 Silicon Prairie Pkwy.  Madison, WI 53593  800-356-5844, 608-831-7330  ",rentals@fullcompass.com ,fullcompass.com,,,,,,,,,,,,,,,,,,,,,,,
212,INTELLASOUND PRODUCTIONS," 416 Venture Ct., Ste.  2  Verona, WI 53593-1821  608-845-5683 Fax 608-845-3299  ",mail@intellasound.com ,intellasound.com,,,,,,,,,,,,,,,,,,,,,,,
213,DGW VIDEO PRODUCTIONS LLC," 3537 Agate Rd.  Cheyenne, WY 82009  307-529-1498  ",sales@dgwvideo.com ,dgwvideo.com,,,,,,,,,,,,,,,,,,,,,,,
214,WILD BUNCH VIDEO PRODUCTIONS," 244 N. Beverly  Casper, WY 82601  307-267-6377  ","wildbunchvp@bresnan.net, akastorme@gmail.com  ",wildbunchvp.com ,"Scott Sterrett, Jared Walker",,,,,,,,,,,,,,,,,,,,,,