,Name,Role,Address/Phone,Email,Fax,Web,Styles,Additional location,Contact,Clients,Services,How to Submit,A&R/Manager,Booking Agent,Notes
0,5B ARTIST MANAGEMENT,Manager," 220 36th St., Ste. B442  Brooklyn, NY 11232  310-450-2555  ",info@5bam.com ,,5bam.com ,"Metal, Rock, Alt. *No unsolicited material  "," 12021 W. Jefferson Blvd.  Culver City, CA 90066  310-450-7132 ",,,,,,,
1,AAM,Manager," 270 Lafayette St., Ste 605  New York, NY 10012  212-924-2929  ",info@aaminc.com ,,aaminc.com ,"Alt., Rock, Pop, Indie "," 5979 W. 3rd St., Ste. 204  Los Angeles, CA 90036  310-271-9350  1600 17th Ave., S.  Nashville, TN 37212  615-742-1234 ",Matthew Clayman ,"Call for roster *No unsolicited material, represents  producers only  ",,,,,
2,ARSLANIAN & ASSOCIATES,Manager," 5419 Hollywood Blvd  Suite C717  Hollywood, CA 90027  323-465-0533  ",oscar@discoverhollywood.com ,,arslanianassociates.com/who.html ,Classic Rock ,,Oscar Arslanian ,"Fabian, Chris Montez, Little Peggy March, Kathy Young, Johnny Tillotson,  Dennis Tufano, Brian Hyland  ",personal managemen *No unsolicited material ,,,,
3,"ELLEN AZORIN, MANAGER, PEDRO",Manager," GIRAUDO TANGO QUARTET  157 W. 79th St., Ste. 4A  New York, NY 10024  212-724-2400  ",ellenazorin@gmail.com ,,pedrogiraudo.com ,Performance Argentine Tango ,,,Pedro Giraudo Tango Quartet,,,,,
4,THE BABBLE BOUTIQUE,Manager, ,Azalee@Azalee.Maslow.com ,,azaleemaslow.com/the-babble- boutique  ,All ,,Azalee Maslow ,,Social and digital media consulting and management agency.  We specialize in converting your followers  into paying fans.  *No unsolicited material ,,,,
5,BACKER ENTERTAINMENT LLC,Manager," 87 Plymouth Ave.  Yonkers, NY 10710  914-779-6087  ",info@backerentertainment.com ,,backerentertainment.com ,,,David Backer,,,,,,
6,BACKSTAGE ENTERTAINMENT,Manager," Nashville, TN 37220  615-323-2200  ",staff@backstageentertainment.net ,,backstageentertainment.net ,All ,,"Paul Loggins, John Stevens, Laurent Stoeckli  ",,"full-service radio promotion, publicity and PR, radio programming/  consulting, personal management,  entertainment consulting/marketing  *Accepts unsolicited material ",,,,
7,BBA MANAGEMENT & BOOKING,Manager," 12400 Hwy. 71 W., Ste. 350-177  Austin, TX 78738  512-477-7777  ",ryanhadlock@hotmail.com ,,bearcreekstudio.com ,"intelligent rock, indie rock, rock nervous, folk, renaissance, rock, jazz  ",,Manny Hadlock ,"Gordon Raphael, Ryan Hadlock, Holy Ghost Revival, Sony Records, Sub Pop,  Vertigo, Warner, Transgressive  *No unsolicited material ","specializes in placing musicians for recording sessions and back up for  touring acts, must read sheet music  *No unsolicited material  BEAR CREEK PRODUCER MANAGEMENT  6313 Maltby Rd.  Woodinville, WA 98072  425-481-4100 Fax 425-486-2718  ",,,,
8,BEDLAM MUSIC MANAGEMENT,Manager," 864 Eastern Ave.  Toronto, ON M4L 1A3  416-585-7885  ",info@bedlammusicmgt.com ,,bedlammusicmgt.com ,,,,"The Sheepdogs, Moors, JuD, City and Colour, Monster Truck ",,,,,
9,BIG HASSLE MANAGEMENT,Manager," 157 Chambers St.  New York, NY 10007  212-619-1360  ",,,bighassle.com/publicity ,"alt., indie, rock, pop "," 3685 Motor Ave., Ste 240  Los Angeles, CA 90034  424-603-4655 ",,"A Girl Called Eddy, Adult Books, AFI, Alexandra Savior, Alice Phoebe Lou, Alt-3,  Chole Tang, Chrissie Hynde, Charlie Burg,  etc.  (see website for entire list)  *Accepts unsolicited material  ",,,,,
10,BIG NOISE,Manager," 11 S. Angell St., Ste. 336  Providence, RI 02906  401-274-4770  ",al@bignoisenow.com ,,bignoisenow.com ,"pop, rock, R&B, metal, jazz, acoustic, blues, punk, techno        *Accepts unsolicited material--please call or  email first. ",,Al Gomes ,,,,,,
11,BITCHIN ENTERTAINMENT,Manager," 1750 Collard Valley Rd.  Cedartown, GA 30125  678-901-0162  ",ty@bitchinentertainment.com ,,bitchinentertainment.com ,"rock, pop, hip-hop, Americana, s/s, country, R&B, jazz, punk, metal, rap, folk  ",,,"Blackhawk, Blue Oyster Cult, Charlie Allen, Gary Campbell, Kansas, Judas  Priest, Nickel Creek, Steve Miller Band  *Accepts unsolicited material ",,,,,
12,BLACK DOT MANAGEMENT,Manager," 6820 La Tijera Blvd., Ste. 117  Los Angeles, CA 90045  310-568-9091 Fax 323-777-8169  ",info@blkdot.com ,,blkdot.com ,"R&B, jazz, urban adult contemporary ",,"Raymond A. Shields, Pat Shields ","producers, engineers, marketing, production  ","personal management, marketing *No unsolicited material ",,,,
13,BRICK WALL MANAGEMENT,Manager," 39 W. 32nd St., Ste. 1403  New York, NY 10001  212-501-0748  ",bwmgmt@brickwallmgmt.com ,,brickwallmgmt.com ,"pop, rock, country, singer-songwriter ",,"Michael Solomon, Rishon Blumberg  ","Adam Landry, Cherry Poppin Daddies, The Clarks, Eddie Berman, Jarett  Bellucci, Marshall Altman, Michael Counts,  Vanessa Carlton, William Fitzsimmons, 10x  Management  *No unsolicited material ",,,,,
14,BRILLIANT PRODUCTIONS,Manager," Decatur, GA 30030  404-312-6237  ",Nancy@brilliant-productions.com ,,brilliant-productions.com ,"roots, rock, jam, Americana, blues ",,Nancy Lewis-Pegel ,"Webb Wilder, Geoff Achison, Yonrico Scott, Randall Bramblett, Peter Karp, Glenn  Phillips/Cindy Wilson of B-52s  ",A boutique agency that gives personal attention to musicians  *No unsolicited material ,,,,
15,BULLETPROOF ARTIST,Manager," MANAGEMENT & BOOKING  241 Main St.  Easthampton, MA 01027  413-527-9393  ",patty@bulletproofartists.com ,,bulletproofartists.com ,"folk, pop, rock, country ",,Patty Romanoff ,"Dar Williams, The Nields, Susan Werner, Cry, Cry, Cry  *No unsolicited material ",,,,,
16,BURGESS WORLD CO.,Manager," P.O. Box 646  Mayo, MD 21106  410-798-7798  ",info@burgessworldco.com ,,burgessworldco.com ,"rock, alt., singer-songwriter, blues, jazz  ",,Richard James Burgess ,"Jimmies Chicken Shack, Ace Elijah, the Electrofied Blues Band  *No unsolicited material ",,,,,
17,BUSYBOY PRODUCTIONS,Manager," 77 13th Ave. NE, Ste. 112  Minneapolis, MN  651-230-4362, 818-561-6000  ",info@busyboyproductions.com ,,busyboyproductions.com ,"rock, pop, country, alt.     *Accepts unsolicited material ",,Ella Reid ,,,,,,
18,CANTALOUPE MUSIC PRODUCTIONS,Manager," ELLEN AZORIN, PRESIDENT/AGENT  157 W. 79th St., Ste. 4A  New York, NY 10024  212-724-2400  ",ellenazorin@gmail.com ,,facebook.com/ CantaloupeMusicProductions  ,"Brazilian, Argentine tango, various Latin-American, jazz  ",,,see website,,,,,
19,"CASE ENTERTAINMENT GROUP, INC.",Manager," 119 N. Wahsatch Ave.  Colorado Springs, CO  80903  719-632-0227 Fax 719-634-2274  ",rac@crlr.net ,,"newpants.com, oldpants.com ","pop, rock, country ",,Robert Case ,"Silence, Lisa Bigwood, C. Lee Clarke, Kathy Watson, Todd Harris, Sherwen  Greenwood, Chad Steele, James Becker,  Stephanie Aramburo, Rocky Shaw, John Ellis  ","personal management, record promotion  *No unsolicited material ",,,,
20,CELEBRITY ENTERPRISES,Manager," Tijeras, New Mexico  800-700-3898, 505-286-8209  ",sales@ent123.com ,,ent123.com ,Variety ,,,"the Pink Flamingos, the 3 Painters, Art Explosion, ARTRAGEOUS!  *No unsolicited material ",,,,,
21,CENTRAL ARTISTS,Manager," 1023 N. Hollywood Way. #102  Burbank, CA 91505  818-557-8284  Email: submissions@centralartists.com  ",centralartists.com/index.html ,,,"Personal management, artists branding, personal consultation, music  production  *Accepts unsolicited material ",,,,,,,,
22,CHANEY GIG AFFAIRS (CGA,Manager," MANAGEMENT)  Buena Park, CA 90620  714-610-9046  ",ChaneyGigAffairs@gmail.com ,,chaneygigaffairs.com ,"R&B Soul, Jazz, Tribute Artist, Poets ",,,,"Gig, Artist, and Event Management. As well as, Project (Event  manager, Websites and EPKs),  Task and Business Management. ",,,,
23,CLC ARTIST MANAGEMENT,Manager," Burbank, CA  ",clclifecoach@gmail.com ,,,"Personal management, artist branding, personal consultation, music  production  *Accepts unsolicitedmaterial ",,,,,,,,
24,COAST TO COAST MUSIC/MUSICBIZ,Manager," MENTORS  Artist Development, Music Biz Education &  Touring  Encino, CA  818-376-1380  (please email us first)  ",MusicBizMentors@gmail.com ,,MusicBizMentors.com ,All ,,,"Harold Payne, Gravity 180, Anna Beatriz, Darious Lux  ","Management, Promotions and Booking expert  *Email for permission to send your materials ",,,,
25,COLLIN ARTISTS,Manager," Pasadena, CA, CA 91104  323-556-1046  ",collinartists@gmail.com ,,collinartists.com ,"jazz, blues, world, Latin, R&B, doo wop/classics and beyond  ",,"Barbara Collin, Robert Sax, Goh Kurosawa  ",see website for roster ,"Management, promotion, consulting, booking, workshops  *No unsolicited material ",,,,
26,"COLUMBIA ARTIST MANAGEMENT, LLC",Manager," 1180 Avenue of the Americas  8  New York, NY 10036  212-841-9564  ",jcesbron@camimusic.com ,,camimusic.com ,"instrumental, classical, jazz, world, celtic, vocalists  ",,Jean-Jacques Cesbron ,,one of the worlds largest classical music management firms ,,,,
27,COUNTDOWN ENTERTAINMENT,Manager," 252 7  New York, NY 10001  212-645-3068    ",,,"countdownentertainment.com, facebook.com/CountdownEntertainment  ","urban, hip-hop, pop, rock, country, alt., dance, club, DJ  *Accepts unsolicited material, see site for  submission details ",,,,,,,,
28,CRANBERRY MANAGEMENT,Manager, Contact : CEO Jeffery David  ,"Jd@cranberrymanagement.com Instagram.com/cranberrymusicgroup  Artist Roster: Echosmith, Jackie Miclau of Mt.  Joy, Papaya Noon, The Hiz, Gabriella Rose,  Lexie Alley, Mike Gunz of the Gunz Show ",,,,,,,,,,,
29,CRUSH MANAGEMENT,Manager," 60 11th St., 7th Fl.  New York, NY 10003  212-334-4446  ",info@crushmusic.com ,,crushmusic.com ,"rock, pop, indie, hip-hop, s/s, punk ",,,See website for roster *No unsolicited material ,,,,,
30,DAWN ELDER MANAGEMENT,Manager," 303 Loma Alta Dr., Ste. 31  Santa Barbara, CA 93109  (global) 805-963-2415, 805-637-1178  ",info@dcaproductions.com ,,dcaproductions.com ,"pop, folk, rock ",,Daniel C. Abrahamsen ,"Andjam Band, Backbeat A Tribute, Alison Fraser, Fiesta, Rockspolsion, Lisa  Bouchelle, Vladimir & Nadia Zaitsev,  Acrobats of Cirquetacular  ","variety performers, comedians, musical performers, theater productions and  producing live events  *Accepts unsolicited material ",,,,
31,DEEP SOUTH ENTERTAINMENT,Manager," P.O. Box 17737  Raleigh, NC 27619  919-844-1515 , 615-953-4800  ",hello@deepsouthentertainment.com ,,deepsouthentertainment.com ,"pop, rock, alt., country, AC, Christian ",,,"Marcy Playground, Vienna Teng, Tres Chicas, Parmalee, I Was Totally  Destroying It, Michael Sweet, LanCo, Katie  Garfield  *Accepts unsolicited material.  **Please NO CALLS ",,,,,
32,DIRECT MANAGEMENT GROUP,Manager," 8332 Melrose Ave., Top Fl.  Los Angeles, CA 90069  310-854-3535  ",info@directmanagement.com ,,directmanagement.com ,All ,,,"K.D. Lang, Katy Perry, Au/Ra, Steve Perry  ",Personal management *No unsolicited material ,,,,
33,EMCEE ARTIST MANAGEMENT,Manager, Phone: 212-925-6458  ,,,emceeartist.com ,"Singer/songwriter, Americana, Jazz ",,,"Natalie Merchant,Medeski Martin & Wood, The Wood Brothers, Nels  Cline, John Medeski, Oliver Wood, Jenny  Scheinman  *No solicited material ",,,,,
34,ENTERTAINMENT SERVICES INTL,Manager," 1819 South Harland Circle  Lakewood, CO 80232  303-727-1111, 612-810-9000  ",randy@esientertainment.com ,,esientertainment.com ,"Rock, Classic Rock Clients : The Guess Who, The Ozark  Mountain Daredevils, Ray Cardwell &  Tennessee Moon, Powder Mill, Rare Earth,  The Creek Rocks feat. Mark Bilyeu & Cindy  Woolf, Carl Dixon (solo or w/Coney Hatch),  Larry Raspberry & The Highsteppers, The  Gentrys, Brewer & Shipley, Thundherstruck ",,Randy Erwin ,,,,,,
35,ERIC NORWITZ ARTIST MANAGEMENT,Manager," 3333 W. 2nd St., Ste. 52-214  Los Angeles, CA 90004-6118  213-389-3477  ",enorwitz@pacbell.net ,,,"alt., dance, pop, R&B, rock ",,Eric Norwitz ,,management & legal *Accepts unsolicited material ,,,,
36,FIRE TOWER ENTERTAINMENT,Manager," Located in Culver City, CA  ",artists@firetowerent.com ,,firetowerent.com ,"Pop, Indie, Singer Songwriter ",,Evan Griffith/Ruth Nichols ,"Kiran + Nivi ,  Wesley Stromberg, Michael Blum, Sophie Ann.  Full roster on website  ","Artist Management, A&R consulting, Music Production  *Accepts unsolicited material ",,,,
37,FIRST ACCESS ENTERTAINMENT,Manager," 6725 Sunset Blvd. Ste. 420  Los Angeles, CA 90028  323 454 1162  ",contact@faegrp.com ,,faegrp.com ,,,,see web ,,no unsolicited material,,,
38,FIRST ARTISTS MANAGEMENT,Manager," 4764 Park Granada, Ste. 110  Calabasas, CA 91302  818-377-7750  ",info@firstartistsmgmt.com ,,firstartistsmanagement.com ,"film, singer-songwriter ",,,"film composers, music supervisors, music editors  *No unsolicited material ",,,,,
39,FRESH FLAVA ENTERTAINMENT,Manager," 2705 12th St. N.E.  Washington, DC 20018  202-832-7979  ","freshflava1@aol.com, freshflava17@gmail.com  ",,freshflava.com ,"hip-hop, R&B, jazz, gospel, rock ",,Emanuel Maurice Moe Yeoman ,"Elliot Lavine, Tabbo, DJ Sir Jamm, Stedman Graham, Nathaniel Nate Peavy,  Stephanie Jordan, Ski Johnson, NexXzit,  TABBO, WHOP-N-EMs and KayWOLF  *Accepts unsolicited material ",,,,,
40,GALE ENTERTAINMENT,Manager," 244 Fifth Avenue  Suite 2265  New York, NY 10001  646-387-5867  ",info@gale-entertainment.com ,,,all ,,,,"Personal Management, Entertainment Consulting  *Accepts unsolicited material. Email first. ",,,,
41,GARVAN MEDIA MANAGEMENT &,Manager," MARKETING  P.O. Box 737  Sandpoint, ID 83864  208-265-1718  ",steve@garvanmanagement.com ,,facebook.com/stephen.b.garvan ,"rock, s/s, roots, country, Americana ",,"Stephen Bond Garvan (formerly of NYC, Colorado, New England, MMF-US  Board, Founding Council AMA, IMMF  Global Director of Folk/Roots/Americana,  FAR-West Board/ BOTW Head, former  Swallow Hill Board Chair)  ","Chris Daniels and the Kings, Ryan Shupe & the Rubberband, Mark Oblinger,  Walt Wilkins, Chuck McDermott, Jodi Siegel,  Tiffany Gassett, Tom Roznowski, Michael  Kelsh ",,,,,
42,HARDKNOCKLIFE ENTERTAINMENT,Manager, ,info@hardknocklifeent.com ,,hardknocklifeent.com ,"pop, rap, hip-hop, acoustic, r&b, ",,Ayana Cobb ,,Management *No phone calls ,,,,
43,HEADLINE TALENT AGENCY,Manager," 27-01 Queens Plaza N  FL 13  Long Island City, NY 11101  212-257-6110  ",Erica@headlinetalent.net ,,,"Actors for theatre, film and TV ",,"Erica Bines, Owner",,,,,,
44,HOFFMAN ENTERTAINMENT,Manager," 21301 S. Tamimi Trl  Estero, FL. 33928  323-464-2000  ",info@ilovehoffman.com Web : ilovehoffman.com ,,,,,,,,,,,
45,"IMC ENTERTAINMENT GROUP, INC.",Manager," 19360 Rinaldi St., Ste. 217  Porter Ranch, CA 91326  818-700-9655  ",sr@imcentertainment.com ,,imcentertainment.com ,"pop, R&B ",,Sylvester Rivers ,Paul Riser ,full service *No unsolicited material ,,,,
46,IN DE GOOT ENTERTAINMENT,Manager," 119 W. 23rd St., Ste. 609  New York, NY 10011  212-924-7775 Fax 212-924-3242  ",,,indegoot.com ,"rock, pop "," 900 South St., Ste. 101  Nashville, TN 37203  10 Greenland St., 4th Fl.  Camden, London, NW1 0ND  England  +44 77 84110102 ",Michael Iurato ,"Audiodamni, Bel Heir, Black Stone Cherry, Chevelle, Highly Suspect, Halestrom,  In This Moment, Kyng, Neon Trees, Robert  Fenn, Story of the Year, Theory Of A  Deadman  *Accepts unsolicited materialAttn: Michael  Iurato  ",,,,,
47,INDIE MUSIC CONSULTING GROUP,Manager," Indie Artist & Label Publicity, Marketing &  Consulting  888-242-9331  ",,,indiemusicconsultant.com Voting Member the Recording Academy ,,,,,,,,,
48,INTERNATIONAL CREATIVE,Manager," MANAGEMENT (ICM)  10250 Constellation Blvd.  Los Angeles, CA 90067  310-550-4000  ",,,icmpartners.com ,"dance, classical, jazz, folk, world, contemporary, R&B, hip-hop  *No unsolicited material  "," 65 E. 55th St.  New York, NY 10022  212-556-5600  1500 K Street NW  Washington, DC  20006  202-919-2100  16 Great Chapel St.  London, W1F  8  +044 0208 004 5315 ",Carol Goll ,,,,,,
49,IN TOUCH ENTERTAINMENT,Manager, 309 W 55  New York 10019  212-235-7015  ,info@intouchent.com ,,intouchent.com ,All Styles ,,Charles Carlini ,"Irene Cara, Michael Carvin, David Chesky, Suzanne Ciani, Elisha Abas, Equie  Castrillo, Larry Coryell, Mamma Freedom,  George Garzone, Eumir Deodato, Keith  Emerson, Kenia, Craig Handy, Paulette  McWilliams, Captain Beyond  *Accepts unsolicited material. See website  for instructions. ",,,,,
50,INVASION GROUP,Manager," 333 E. 75  New York, NY 10021  212-414-0505 Fax 212-414-0525  Contact : Steven Saporta  ",jana@invasiongroup.com ,,invasiongroup.com ,"rock, world, folk, singer-songwriter "," P.O. Box 27687  Los Angeles, CA 90027  ","Jana Fisher 83 Morse St.  Floor 2  Norwood, MA 02062 ","Ani DeFranco, David Bieber Archives, Donny McCaslin, Elizabeth Moen, Everett  Bradley, Future Generations, Gail Ann Dorsey,  Grace and The Victory Riders, Gracie and  Rachel, Jai Uttal, Ken Butler, Raye Zaragoza,  Ronnie Spector, Seth Glier, Sylvie Simmons  *Accepts unsolicited material  ",,,,,
51,JAMPOL ARTIST MANAGEMENT,Manager," 8033 W. Sunset Blvd., Suite 3250  West Hollywood, CA 90046  310-654-1900  ",assistant@jamincla.com ,,wemanagelegends.com ,,,Jeff Jampol ,"The Estates of the following: the Doors, Janis Joplin, Peter Tosh, Jim Morrison,  Ramones, Michael Jackson, Rick James,  Johnny Ramone, Henry Mancini  *Does not accept unsolicited material ",,,,,
52,JAY ANTHONYS NEXT LEVEL BOOKING &,Manager," ENTERTAINMENT AGENCY, LLC  USA  702-861-5075  ",Jayanthony@ nextlevelbookingandentertainment.com    ,,,ALL,,Jay Anthony ,,,,,,
53,KAHN POWER PICTURES,Manager," 433 N. Camden Dr., Ste. 600  Beverly Hills, CA 90210  310-550-0770  ",Artists4Film@gmail.com ,,artists4film.com ,"Film/TV scores, composer/ performer/director representation  ",,,"Eva Babic, Nancy Bishop, Stewart Copeland, Robert Domheim, J.P. Dutilleux,  Claudio Faeh, Jiri Madi, Eric Neveux, J. Peter  Robinson, Peter Golub  *No unsolicited material ",,,,,
54,KARI ESTRIN MANAGEMENT &,Manager," CONSULTING  P.O. Box 60232  Nashville, TN 37206  615-262-0883  ",kari@kariestrin.com ,,kariestrin.com ,"folk, Americana, AAA, roots ",,Kari Estrin ,"David Llewellyn, Janis Ian, Tony Rice, Bluegrass/Newgrass legend, Suzanne Vega,  Kanda Bonga Man, Papa Wemba, Kevin  Brown, 3 Mustaphas 3  *Accepts unsolicited material ",,,,,
55,KBH ENTERTAINMENT GROUP,Manager," Los Angeles, CA  818-786-5994  ",,,kbhentertainment.com ,,,Brent Harvey ,,"All styles, entertainment consulting, publicity, music placement/  licensing and live event production  *No unsolicited material ",,,,
56,KBM,Manager, 310-228-8172  ,,,,,,Brent Harris ,"Tony! Toni! Tone!, Sounds of Blackness  *No unsolicited material ",,,,,
57,KRAFT ENGEL MANAGEMENT,Manager," 15233 Ventura Blvd, #200  Sherman Oaks, CA. 91403  818-380-1918  ",info@kraft-engel.com ,,kraft-engel.com ,Film Composers *No unsolicited material ,,Richard Kraft ,,,,,,
58,KUPER PERSONAL MANAGEMENT/,Manager," RECOVERY RECORDINGS  515 Bomar St.  Houston, TX 77006  713-520-5791  ",info@recoveryrecordings.com ,,recoveryrecordings.com ,"folk, roots rock, Americana ",,Koop Kuper ,"the Very Girls, David Rodriguez *Accepts unsolicited material ",,,,,
59,LAKE TRANSFER ARTIST & TOUR,Manager," MANAGEMENT  Studio City, CA  818-508-7158  ",,,laketransfermgmt.com/about ,,,"Steven B. Cohen, Mgr. ","Candyboy, Friends of Distinction, Evelyn Champagne King, Rose Royce, DJ  Asi Vidal ",,,,,
60,LAKES COMMUNICATION SERVICES,Manager," Los Angeles, CA 90045  323-251-2358  ",lakescommunications@gmail.com ,,,"R&B, HipHop, Smooth Jazz, Urban Contemporary  ",,Jeffery Lakes ,"Mark Drummond, Lakes The Voice ","artistmanagement, marketing, business development ",,,,
61,LEN WEISMAN PERSONAL MANAGEMENT,Manager," 357 S. Fairfax Ave., Ste. 430  Los Angeles, CA 90036  323-653-0693, 323-653-7670  ",persmanmnt@aol.com ,,persmanmnt.com/Services.html ,,,Len Weisman   ,"Jewel With Love, Chosen Gospel Recovery Singers, Winds Of Fate, Rapture 7,  Chosen Gospel Singers, LNee, Sister Maxine  West, TooMiraqulas (rapper), Winds of Fate  *Accepts unsolicited material ",,,,,
62,LEONARD BUSINESS MANAGEMENT,Manager," 5777 W. Century Blvd, Suite 1600  Los Angeles, CA 90045  310-458-8860  ",info@lbmgt.com ,,leonardbusinessmanagement.com ,All ,,Jerry Leonard ,Call for roster ,Business management only *No unsolicited material ,,,,
63,LIPPMAN ENTERTAINMENT,Manager," Beverly Hills, CA 90210  310-775-5228, 805-686-1163  ",music@lippmanent.com ,,lippmanent.com ,All ,,"Michael Lippman, Nick Lippman ","producers, artists, songwriters ",Full-service *No unsolicited material ,,,,
64,LOGGINS PROMOTION,Manager, 310-325-2800  ,staff@logginspromotion.com ,,"logginspromotion.com, facebook.com/logginspromotion  ",,,Paul Loggins ,,Represents both major and independent artists. All genres. ,,,,
65,MAINE ROAD MANAGEMENT,Manager," P.O. Box 1412  Woodstock, NY 12498  212-979-9004    ",,,"majorbob.com, facebook.com/majorbobmusic  ","Country, Pop ",,Bob Doyle ,"Garth Brooks, JP Williams, John & Jacob, Alysa Vanderheym, Josh London  *No unsolicited material ",,,,,
66,MANAGEMENT ARK,Manager," 116 Village Blvd., Ste. 200  Princeton, NJ 08540  609-734-7403, Vernon H. Hammond III  301-859-4050, Edward C. Arrendell, II  ",ed@managementark.com ,,managementark.com ,jazz ,,"Vernon Hammond III, Edward C. Arrendell, II  ","Wynton Marsalis, Herlin Riley, Cecile McLorin Salvant  *No unsolicited material ",,,,,
67,MASCIOLI ENTERTAINMENT,Manager," CORPORATION  319 Dillon Cir.  Orlando, FL 32822  407-701-9342  ",Mascioli319@gmail.com ,,masciolientertainment.com ,"country, jazz, R&B, orchestras, swing, tropical, rock  ",,Paul A. Mascoli ,See website for roster *Accepts unsolicited material ,,,,,
68,MCGHEE ENTERTAINMENT,Manager," 21 Music Sq. W.  Nashville, TN 37203  615-327-3255  ",info@mcgheela.com ,,mcgheela.com ,,,,"Kiss, Paul Stanley, Ted Nugent, Down, Caleb Johnson ",,,,,
69,THE MGMT COMPANY,Manager," 6906 Hollywood Blvd., 2nd Fl.  Hollywood, CA 90028  323-946-7700  ",inquiries@themgmtcompany.com ,,themgmtcompany.com ,,,Marc Pollack,,,,,,
70,MICHAEL HAUSMAN ARTIST,Manager," MANAGEMENT  17A Stuyvesant Oval  New York, NY 10009  212-505-1943  ",info@michaelhausman.com ,,michaelhausman.com ,"rock, pop, singer-songwriter   *No unsolicited material ",,Michael Hausman ,,,,,,
71,MIKES ARTIST MANAGEMENT,Manager," Funzalo Records  P.O. Box 571567  Tarzana, CA 91357  ",dan@mikesartistmanagement.com ,,funzalorecords.com ,"rock, pop, Americana ",,Mike Lembo ,"Tony Furtado, Mostly Bears, Luca, Brian Lopez  *No unsolicited material ",,,,,
72,MIKE GORMLEY,Manager, L.A. Personal Development (LAPD)  ,Glebe99@yahoo.com ,,lapersdev.com/history,,,,,,,,,
73,MILLION DOLLAR ARTISTS,Manager," 12 Lake Forest Court West  St. Charles, MO 63301  636-925-1703, 888-521-8146  ",maxmillion1@earthlink.net ,,americaneaglerecordings.com ,All Styles *Accepts unsolicited material. See website  for instructions. ,,Dr. Charles Max E. Million ,,,,,,
74,MOKSHA MUSIC MANAGEMENT,Manager," Hollywood  1247 North Crescent Heights Blvd. Suite D  West Hollywood, CA. USA. 90046  323-842-4434  ",info@MokshaEntertainment.com ,,"Moksha Entertainment.com, BobbyLeigh.com  ","Rock, Pop, Punk Rock, Psychedelic Punk  ",,Bobby Leigh ,"Stony Sugarskull, DieAna, Karuna, WaWa Baby, Lindsey Loon, Diana Meyer, Dr.  Monike Demmler  ","Personal Management, Artist Development, Tour Management, Social  Media Management  Bobby Leigh is an active member of the  PGA (Producers Guild of America),) FIND  (Film Independent), CAA (Creative Actors  Alliance), NALIP (National Association  of Latino Independent Producers), IP  (Independent Producers), IFF (International  Film Finance,) IDA (International  Documentary Association and Filmmakers  Alliance.  *Accepts unsolicited material in U.S. office ",,,,
75,"MORRIS HIGHAM MANAGEMENT, LLC",Manager," 2001 Blair Blvd.  Nashville, TN 37212  615-321-5025  ",mshmgmt@yahoo.com ,,mshmgmt.wix.com/music- management  ,Country ,,Marney Hansen ,"Silver Lining, Nocturnal Drifters, Nancy Luca  ",personal management *No unsolicited material ,,,,
76,MTS MANGEMENT GROUP,Manager," 227 Gill Road  Apollo, PA. 15613  412-445-5282    ",,,mtsmanagementgroup.com,,,,,,,,,
77,MUSIC & ART MANAGEMENT,Manager," Asheville, NC 28801  828-225-5658  ",,,musicandart.net ,"Jazz, Electronic, Experimental, Multimedia  ",,Steve Cohen ,"Theo Bleckmann, Carl Hancock Rux, David Wilcox, Vijay Iyer  *Does not accept unsolicited material ",,,,,
78,MYRIAD ARTISTS,Manager," P.O. Box 550  Carrboro, NC 27510  919-967-8655  ",trish@tg2artists.com ,,myriadartists.com ,"folk, bluegrass, jazz, Americana ",,Trish Galfano ,"A.J.Croce, Mike Marshall, Leahy, Sugar and the Mint, Seamus Egan,  *No unsolicited material ",,,,,
79,NETTWERK PRODUCER MANAGEMENT,Manager," 3900 W. Alameda Ave., Ste. 850  Burbank, CA 91505  747-241-8619  ",info@nettwerk.com ,,nettwerk.com *No unsolicited material  ,," Head Office:  1675 West 2  2  Vancouver, BC V6J 1H3  604-654-2929  263 S. 4  P.O.Box 110649  Brooklyn, NY 11211  212-760-1540  15 Adeline Place, Ground Fl  London, WC1B 3AJ  011-44-207-456-9500  Neuer Kamp 32  20357 Hamburg, Germany  49-40-431-846-50 ",,,,,,,
80,NEW HEIGHTS ENTERTAINMENT,Manager," Calabasas, CA 91372  323-802-1650  ",Info@newheightsent.com ,,newheightsent.com ,All Styles ,,Alan Melina ,See Website *No unsolicited material ,,,,,
81,ONCE 11 ENTERTAINMENT,Manager, 310-906-9800  ,javier@once11ent.com ,,once11ent.com ,all types of Latin and world music ,,Javier Willis ,"Espinoza Paz, Vazquez Sounds, Annette Moreno, Sergio Arau, Agina  Alvarez, Jerry Demara  Consulting and Personal Management  *Call before sending material. ",,,,,
82,PERFORMINGBIZ.COM,Manager," 10 Chestnut Ct.  Palmyra, VA  22963  ",jg@performingbiz.com ,,performingbiz.com ,All Styles/Coaching and Consulting *Accepts Unsolicited material ,,Jeri Goldstein ,,,,,,
83,PERSISTENT MANAGEMENT,Manager," P.O. Box 88456  Los Angeles, CA 90009  ",pm@persistentmanagement.com ,,persistentmanagement.com ,All ,,Eric Knight ,"Disciples of BabylonEric Knight, Blake Nix, Keith Shaw  ","Personal Management *We Do Not Accept Unsolicited material,  email links only, see website for info ",,,,
84,PETER KIMMELS MUSIC CATALOG,Manager," P.O. Box 55252  Sherman Oaks, CA 91413-0252  818-980-1039 Cell/Text 818-903-6518  ",peter.kimmel@sbcglobal.net ,,linkedin.com/in/peterkimmel ,All ,,Peter Kimmel ,,Music Sync Licensing Publishing. *Call for approval before sending material ,,,,
85,PINNACLE MANAGEMENT,Manager," MARKETING & PROMOTION  785 Quintana Road #174  Morro Bay, CA 93442  ",pinnaclemanagement212@gmail. com  ,,,"Top 40/Hot AC, AC & Rock ",,Debbie Rosen ,,Promotion &Management,,,,
86,PLATINUM STAR MANAGEMENT,Manager," 9663 Santa Monica Blvd. #320  Dept MC  Beverly Hills, CA 90210  ",jen@platinumstarmgmt.com ,,platinumstarmgmt.com ,,,Jennifer Yeko ,"Specializing in film/TV placement, radio promotion, music publicity and  managing pop/rock/singer-songwriters  *Accepts unsolicited material ",,,,,
87,PRIMARY WAVE MUSIC,Manager," 116 E. 16th St. #9  New York, NY 10003  212-661-6990  ",sgreener@primarywave.com ,,Primarywave.com ,," 10850 Wilshire Blvd, Suite #600  Los Angeles, CA 90024  424-239-1200 ",Steven Greener ,"Cee Lo Green, Fantasia, Melissa Etheridge, Brandy, Cypress Hill, Eric Benet,  Toots & The Maytals.  ",,,,,
88,Q PRIME MANAGEMENT,Manager," New York, London, Nashville  212-302-9790  ","newyork@qprime.com (NY), nashville@qprime.com (Nashville),  london@qprime.com (London)  ",,qprime.com ,"rock, Pop ",,,"Bear Hands, Silversun Pickups, Red Hot Chili Peppers, Eric Church, Brothers  Osborne  *No unsolicited material ",,,,,
89,RAINMAKER ARTISTS,Manager," 1000 Westbank Dr.  Suite 5B  Austin, TX 78746  512-229-7799, 214-744-0290  ",paul@rainmakerartists.com ,,rainmakerartists.com ,"rock, pop ",,Paul Nugent ,"Blue October, Bowling For Soup, IAMDYNAMITE, Danny Malone  *Accepts unsolicited material ",,,,,
90,RAM TALENT GROUP,Manager," Fort Lee, NJ 07024  201-363-1461 Ext. 201  ",ruben@ rubenrodriguezentertainment.net  ,,RAMTalentGroup.com ,"urban, gospel, urban AC, Latin music ",,Ruben Rodriguez ,,,,,,
91,RED LIGHT MANAGEMENT,Manager," 5800 Bristol Pwky, Suite 400  Culver City, CA 90230  310-273-2266  ",info@redlightmanagement.com ,,redlightmanagement.com ,All styles , Virginia  New York  Nashville  London  Atlanta  Seattle  Charlottesville ,,"Phish, Luke Bryan, Alabama Shakes, Lady Antebellum and many more.  *Accepts unsolicited material  ",,,,,
92,REGIME MANAGEMENT,Manager," Agoura Hills, CA  ",info@regimeinc.com ,,regime72.com ,,,,"The REGIME client base ranges from Athletes, Artists, Musicians &  Producers - From Hip Hop to Latin Jazz to  Funk & Reggae. From legendary Graffiti  Artist Risk, Hip Hop pioneers Everlast,  House Of Pain, DJ Muggs & Dilated Peoples  to Poncho Sanchez, Lettuce, Lucky Chops,  Common Kings, Amigo The Devil - & many,  many more. ",,,,,
93,RIGHTTRACK MANAGEMENT,Manager," (Chaser Music Group- Ascap, Bmi,  Universal music)  (Artist direction, Record Production, and  Music Publishing)  ",ryan@ronrainey.com ,,ronrainey.com ,"rock, classic rock, hard rock, stoner rock, metal  *We can accept unsolicited material ",,Ryan Jones ,"John Kay and Steppenwolf, ANGEL ",management ,,,,
94,RPM MUSIC PRODUCTIONS,Manager," 420 W. 14th St., Ste. 6NW  New York, NY 10014  212-246-8126  ",info@rpm-productions.com ,,,"rock, pop, jazz ",,Danny Bennett ,Tony Bennett *No unsolicited material ,,,,,
95,RPS RECORDING AND,Manager," ENTERTAINMENT GROUP  4212 E. Los Angeles Ave.  Simi Valley, CA 93063  805-551-2342  ",rps.entertainment.group@gmail.com ,,,Various genres along with Gospel and Christian  *No unsolicited material please ,,Gary Bright ,,,,,,
96,RUSSELL CARTER ARTIST MANAGEMENT,Manager," 567 Ralph McGill Blvd.  Atlanta, GA 30312  404-377-9900  ",info@rcam.com ,,,"singer-songwriter, alt., Americana, pop, rock  ",,Russell Carter ,"Indigo Girls, Matthew Sweet, Susanna Hoff, Shawn Mullins, Chely Wright,  the Shadowboxers, Sarah Lee Guthrie, Abe  Partridge ",,,,,
97,SAM,Manager," Silva Artist Management  722 Seward St.  Los Angeles, CA 90038  323-856-8222  ",info@sammusicbiz.com ,,sammusicbiz.com ,"alt., rock *No unsolicited material ",,John Silva ,"Foo Fighters, Band of Horses, Ryan Adams, Jimmy Eat World, Beastie Boys,    ",,,,,
98,SEMAPHORE MGMT AND CONSULTING,Manager," 748 E. 9th St.  New York, NY 10009  773-733-1838  ",info@semaphoremgmt.com ,,semaphoremgmt.com ,"alternative - electronic, experimental, punk,rap, club  ",,"Taylor Brode, Lauren Davis ","Debby Friday,Kamixlo, Provoker, Katie Gately, Meth Math, Evanora:Unlimited ","General Management, Project Based Short Term Consultancy  ",,,,
99,SHERROD ARTIST MANAGEMENT,Manager, Music Entertainment Manager/A&R  252-241-6362  ,infosherrodartistmanagement@ mail.com  ,,sherrodartistmanagement.com,,,Sean Sherrod ,,,,,,
100,SKH MUSIC,Manager," 540 President St.  Brooklyn, NY 11215  ","skaras@skhmusic.com, khagan@skhmusic.com  ",,skhmusic.com ,,,"Steve Karas, Keith Hagan ","The Afghan Whigs, Arthur Buck, Joseph Arthur, Davina and the Vagabonds,  Greg Dulli, Robert Finley, The Gutter Twins,  Jonny Lang, Lily & Madeleine, The Magpie  Salute, Squirrel Nut Zippers, TOTO, The  Twilight Singers ",,,,,
101,SOUNDTRACK MUSIC ASSOCIATES,Manager," 1601 N. Sepulveda Blvd. #579  Manhattan Beach, CA. 90266  310-260-1023  ",info@soundtrk.com ,,soundtrk.com ,"All Styles, Underscores Clients :Composers: see website for roster  *No unsolicited material ",,"John Tempereau, Isabel Pappani, Koyo Sonae  ",,,,,,
102,SOUNDTRACK MUSIC ASSOCIATES,Manager," 4133 Redwood Ave., Ste. 3030  Los Angeles, CA 90066  310-260-1023  ",info@soundtrk.com ,,soundtrk.com ,All Styles ,,John Tempereau ,"Composers: Cliff Martinez, Rod Abernethey, Evan Lurie, (see roster on site)  *No unsolicited material ",,,,,
103,SO WHAT MEDIA & MANAGEMENT,Manager," 890 W. End Ave., Ste. 1-A  New York, NY 10025  212-877-9631  ",sowhatasst@me.com ,,,"rock, pop ",,Lisa Barbaris ,"Cyndi Lauper, Billy Porter, Amanda Shires, Liv Warfield  *No unsolicited material accepted ",,,,,
104,"SPARKS ENTERTAINMENT, LLC",Manager," 420 W. Huron St., Ste. 110  Chicago, IL 60654  844-566-3799  ",spark@djdjones.com ,,sparkentertainmentgroup.com ,"ALL, hip-hop, R&B, country, rock, acting, modeling  ",,,"Gary, Lyrix ","Talent Management, Career, Development, Booking, Promoting ",,,,
105,SPINNING PLATES MGMT,Manager," 49 Music Square West #503  Nashville, TN 37203  615-482-6995  ",kirt@spinningplatesmgmt.com ,,spinningplatesmgmt.com ,"country, rock, tributes, corporate branding  ",,Kirt Webster ,,"specializes in legendary musicians, corporate branding, and lifestyle  marketing  *No unsolicited material ",,,,
106,STARKRAVIN MANAGEMENT,Manager," McLane & Wong  11135 Weddington St., Ste. 424  North Hollywood, CA 91601  818-587-6801 Fax 818-587-6802  ",bcmclane@aol.com ,,benmclane.com ,"pop, rock, alt. ",,"Ben McLane, Esq. ",,"Personal management, legal *Accepts unsolicited material ",,,,
107,STEVEN SCHARF ENTERTAINMENT,Manager," 126 E. 38th St.  New York, NY 10016  212-779-7977  ",,,stevenscharf.com ,"rock, alt., singer-songwriter, hip- hop, world, producers, film & TV composers  ",,Steven Scharf ,"Mackenzie, The Kickback, Leah Siegel, Liquid, Mike-E  *No unsolicited material ",,,,,
108,STEVE STEWART MANAGEMENT,Manager," 12400 Ventura Blvd., #900  Studio City, CA 91604  ",stevestewart@stevestewart.com ,,stevestewart.com ,"rock, pop ",,Arnold Stiefel ,Rod Stewart ,personal management *No unsolicited material ,,,,
109,SUNCOAST MUSIC MANAGEMENT,Manager," 212 Otter Ridge Dr  Brandenburg, Ky 40108  888-727-1698, 727-237-7971,  (Ohio)330-730-1615  ",suncoastbooking@aol.com ,,suncoastentertainment.biz ,"rock, classic rock, metal, variety ",,Al Spohn ,"Nightrain International (Guns n Roses Tribute), Hells/Bells (AC/DC Tribute),  Battery (Metallica), Madmans Diary (Ozzy),  Kiss Army (Kiss), LedSmith (Led Zeppelin  & Aerosmith)  *Accepts unsolicited material ",,,,,
110,SURFDOG/DAVE KAPLAN MANAGEMENT,Manager," 1126 S. Coast Hwy. 101  Encinitas, CA 92024  760-944-8800  ",lauren@surfdog.com ,,surfdog.com ,Rock / Reggae / Soul / Americana ,,Lauren Fricke ,"Brian Setzer, Stray Cats, Dave Stewart, Sublime ",,,,,
111,TAC MUSIC MANAGEMENT,Manager," 9971 E. Ida Pl.  Greenwood Village, CO 80111  720-431-2604  ",tracey@tacmusicmanagement.com ,,tacmusicmanagement.com ,"blues, southern rock, hard rock, country, bluegrass  ",,Tracey Chirhart ,see website ,"personal & business management, promotion, marketing  *Accepts unsolicited material ",,,,
112,"TAKEOUT MANAGEMENT, INC",Manager," 785 Quintana Road #174  Morro Bay, CA 93442  805-382-2200  ",howie@howiewood.com ,,howiewood.com ,"CHR/Top 40, AC, Hot AC, AAA, Alternative Specialty, Mainstream Rock,  Modern AC, Country, College for artists of  all label sizes including independent.  ",,Howard Rosen ,,"Personal management, shop for distribution and record deals. Production  and remix with major producers. ",,,,
113,TED KURLAND ASSOCIATES,Manager," 173 Brighton Ave.  Boston, MA 02134  617-254-0007 Fax 617-782-3577  ",agents@tedkurland.com ,,tedkurland.com ,"jazz, blues, vocals ",,Ted Kurland ,"Pat Metheny, Wynton Marsalis, Bill Charlap, John Pizzarelli, Lisa Fischer, Bobby  McFerrin, Bobby Rush, Chris Botti, Sonny  Rollns, Taylor Rae and more  *No unsolicited material ",,,,,
114,TENTH STREET ENTERTAINMENT,Manager," 1115 Broadway, 12  New York, NY 10010  212-334-3160  ",info@10thst.com ,,10thst.com ,All ," 113 North San Vicente Blvd.  2  Beverly Hills, CA 90211  310-385-4700 ",,"Motley Crue, Nikki Sixx, Sixx:AM, Papa Roach, Blondie, Oh No After Midtown,  Bad Wolves, Bailey Zimmerman, Bleeker,  Dorothy, Fire From the Gods,  Five Finger  Death Punch, Hollywood Undead, Ice Nine  Kills, In Flames, Saul, Solence  ",personal management *No unsolicited material  ,,,,
115,THATS ENTERTAINMENT,Manager," INTERNATIONAL, INC. (T.E.I.)  3820 E. La Palma Ave.  Anaheim, CA 92807  714-693-9300  ",jmcentee@teientertainment.com ,,teientertainment.com ,All ,,John McEntee ,,"Entertainment broker for corporate/concert events, personal  management  *No unsolicited material ",,,,
116,THREEE,Manager," Erik Eger Entertainment, Inc.  918 N. Western Ave., Ste. A  Los Angeles, CA 90029  213-381-5100 Fax 213-381-5115  ",info@threee.com ,,threee.com ,All styles ,,Erik Eger ,"Dan Carey, Stuart Matthewman, John Hill, Johnny McDaid, Jordan Palmer,  Mark Rankin, Stint, Jordan Palmer, Daniel  Ledinsky, Blanda  *We do not accept unsolicited material ",,,,,
117,TKO ARTIST MANAGEMENT,Manager," Nashville, TN  615-383-5017  ",,,facebook.com/TKOArtistMgmt ,Country ,,T.K. Kimbrell ,"The Bacon Brothers, Toby Keith, Ashley Campbell, Colt Ford, Krystal Keith,  *No unsolicited material ",,,,,
118,TOM CALLAHAN & ASSOCIATES,Manager," Boulder, CO  310-418-1384  ",tc@tomcallahan.com ,,tomcallahan.com ,,,Tom Callahan ,,"full-service consulting company, including record promotion, legal services,  Internet marketing, web design, retail  promotion and publicity.  *No unsolicited material ",,,,
119,VARRASSO MANAGEMENT,Manager," 103 Main St.  Copperopolis, CA 95228  510-792-8910  ",richard@varrasso.com ,,varrasso.com ,"rock, covers, country *Accepts unsolicited material ",,Richard Varrasso ,,,,,,
120,VECTOR MANAGEMENT,Manager," P.O. Box 120479  Nashville, TN 37212  615-269-6600  ",info@velvethammer.net ,,velvethammer.net ,"country, pop, singer-songwriter *No unsolicited material  "," 430 W. 15  New York, NY 10011  VELVET HAMMER MANAGEMENT  9014 Melrose Ave., W.  Hollywood, CA 90069  310-657-6161  ",Ken Levitan ,"System of a Down, Alice in Chains, the Deftones, Code of Orange, Night Riots  ",All *Accepts unsolicited material ,,,,
121,WANTED MANAGEMENT,Manager, ,wantedgregg@gmail.com ,,facebook.com/WantedMgmt ,"rock, blues, pop, punk, soul ",,,"Jane Lee Hooker, Echo Del Tusker *No unsolicited material ",personal management ,,,,
122,WHIPLASH PR & MANAGEMENT,Manager," 398 Columbus Ave  PMB #183  Boston, MA 02116  781-545-1301  ",info@wolfsonent.com ,,wolfsonent.com ,All ,,"Jonathan Wolfson, Dillon Barbosa, Sammy Wolfson, Tom Burger  ","Daryl Hall and John Oates, Loverboy, Huey Lewis & The News, Live  From Daryls House, The Tubes, Down North  ",Personal management. Also offers full-service social media and media  relations for clients. ,,,,
123,25 LIVE,Booking Agent," 25 Music Sq. W.  Nashville, TN 37203  615-777-2227  ",david@25ent.com ,,25ccm.com ,Christian *No unsolicited material ,,David Breen ,,,,,,
124,ACA MUSIC & ENTERTAINMENT,Booking Agent," 705 Larry Ct.  Waukesha, WI 53186  800-279-7909, 262-790-0060  Fax: 262-790-9149  ",,,acaentertainment.com ,"variety, bluegrass, bands, lounge acts, nostalgia, DJs, club, festival bands,  ceremony, dinner hour, cocktail  ",,Louie Higgins ,,"Represents nightclub and acts for private functions, not currently seeking  new clients  *Accepts unsolicited material ",,,,
125,AGENCY FOR THE PERFORMING,Booking Agent," ARTS (APA)  10585 Santa Monica Blvd  Los Angeles, CA 90025  310-888-4200  ",,,apa-agency.com ,All *Call before submitting material  ," 3 Columbus Circle  23rd Floor  New York, NY 10019  212-205-4320  150 Fourth Ave. North, PH  Nashville, TN 37203  615-297-0100  3060 Peachtree Rd. NW, Ste. 1480  Atlanta, GA 30305  404-254-5876  129 John Street  Toronto, Ontario, Canada M5V2E2  416-646-7373  53 Palace Gardens Terrace  Suite 2  London, W8 4SB UK  +44-20-3871-0520 ",,,,,,,
126,AMW GROUP,Booking Agent," 8605 Santa Monica Blvd.  West Hollywood, CA 90069  323-455-2881  ",,,amworldgroup.com ,All Styles ," New York City  228 Park Ave., S.  New York, NY 10003  212-461-4796  382 NE 191  Miami, FL. 33179 ",,info upon request *No unsolicited material  ,,,,,
127,ARTIST REPRESENTATION &,Booking Agent," MANAGEMENT  1257 Arcade St.  St. Paul, MN 55106  651-483-8754  ",molly@armentertainment.com ,,armentertainment.com ,"specializes in 80s-early 90s rock, country, blues, metal  ",,John Domagall ,info upon request *No unsolicited material ,,,,,
128,BBA MANAGEMENT & BOOKING,Booking Agent," Austin, TX  512-477-7777  ",info@bbabooking.com ,,bbabooking.com ,"jazz, Latin, rock, classical singer- songwriter  *No unsolicited material ",,,,,,,,
129,BIG BEAT,Booking Agent," 1515 University Dr., Ste. 102  Coral Springs, FL 33071  954-755-7759  ",talent@bigbeatproductions.com ,,bigbeatproductions.com ,all styles ,,Richard Lloyd ,info upon request *Accepts unsolicited material ,,,,,
130,BOOKING ENTERTAINMENT,Booking Agent," Two Park Avenue, 20th Floor  New York, NY 10016  1-800-4ENTERTAINMENT,  800-436-8378  212-645-0555  ",agents@bookingentertainment.com ,,bookingentertainment.com ,"rock, pop, jazz, adult contemporary, pop, R&B  ",,Steve Einzig ,info on website. *No unsolicited material ,,,,,
131,CANTALOUPE MUSIC PRODUCTIONS,Booking Agent," 157 W. 79th St., Ste. 4A  New York, NY 10024  212-724-2400  ",ellenazorin@gmail.com ,,cantaloupeproductions.com ,"Booking agent specializing in Brazilian, Argentine, Cuban and other Latin  music, as well as other world music and top  level jazz ensembles.  *Does not accept unsolicited material ",,"Ellen Azorin, President ",see website ,,,,,
132,CELEBRITY TALENT AGENCY INC.,Booking Agent," 111 E. 14th St., Ste. 249  New York, NY 10003  212-539-6039, 201-837-9000  ",markg@celebritytalentagency.com ,,celebritytalentagency.com ,"jazz, R&B, hip-hop, comedians, gospel  ",,Mark Green ,info upon request *No unsolicited material ,,,,,
133,"BRUCE COLFIN LAW, PC",Booking Agent," 99 Lexington Ave., Suite 5032  New York, NY 10006  212-691-5630, 516-830-1951  ",thefirm@thefirm.com ,,thefirm.com ,"rock, blues, world, reggae       *Accepts unsolicited material  Submit material with a S.A.S.E. and proper  postage for return ",,Bruce E. Colfin ,,,,,,
134,CLOSED SESSIONS LIVE,Booking Agent, 516-449-1931  ,matthew.classens@gmail.com ,,closedsessions.live We do all genreconcerts.  ,,,,"Juice wrld, Kaytranada, Sublime, Dark Star Orchestra, CamRon, Lil  Peep, Snakehips, Jai Wolf, MGMT, and more. ",,,,,
135,COLLIN ARTISTS,Booking Agent," Pasadena, CA 91104  323-556-1046  ",collinartists@gmail.com ,,collinartists.com ,"jazz, blues, world, Latin, R&B, doo wop/classics and beyond  ",,"Barbara Collin, Robert Sax, Goh Kurosawa  ","Mary Stallings, Jeri Brown, Kevin Mahogany, Andy Bey, Alan Paul, Latin Jazz  Masters, Bobbi Humphrey, Kathy Kosins  ","management, promotion, consulting, booking, workshops  *No unsolicited material ",,,,
136,"CONCERTED EFFORTS, INC.",Booking Agent," P.O. Box 440326  Somerville, MA 02144  617-969-0810 Fax 617-209-1300  ",concerted@concertedefforts.com ,,concertedefforts.com ,"blues, soul, jazz, gospel, zydeco, Cajun, folk, singer-songwriter, rock, world  ",,Paul Kahn ,info upon request *No unsolicited material ,,,,,
137,CREATIVE ARTISTS AGENCY,Booking Agent," 2000 Ave. of the Stars  Los Angeles, CA 90067  424-288-2000 Fax 424-288-2900  ",,,caatouring.com ,All *No unsolicited material - No phone calls  ," 10250 Constellation Blvd.  Los Angeles, CA 90067  405 Lexington Ave., 19th Fl.  New York, NY 10174  212-277-9000  65 E. 55  New York, NY 10022  401 Commerce St., Penthouse  Nashville, TN  37219  615-383-8787  6075 Poplar Ave, Suite 410  Memphis, TN. 38119  1500 K Street NW  Washington DC, 20005  771-444-5301  3560 Lenox Road, Suite 1525  Atlanta, GA 30326  404-816-2722  1688 Meridian Ave., Suite 340  Miami Beach, FL. 33139  444 N. Michigan Ave, Suite 3540  Chicago, IL. 60611  312-242-2700 ",,,,,,,
138,CAA ICON,Booking Agent," 5075 S. Syracuse Street  Suite 700  Denver, CO. 80237  303-557-3700  3652 South Third St., Suite 200  Jacksonville Beach, FL  32250  904-339-0435  London  12 Hammersmith Grove  Hammersmith, London W6 7AP  U.K.  Additional International offices in Geneva,  Munich, Stockholm, Singapore, Shanghai,  Beijing ",,,,,,,,,,,,
139,CUMBERLAND MUSIC COLLECTIVE,Booking Agent," 529 Snyder Ave  Nashville, TN 37209  615-627-2243  ",lee@cmcartist.com ,,cmcartists.com/artists ,"bluegrass, roots, folk, singer- songwriter  ",,,info upon request *No unsolicited material ,,,,,
140,EAST COAST ENTERTAINMENT,Booking Agent, 855-323-4386  ,info@bookece.com ,,bookece.com ,"rock, acoustic, classical, latin, jazz, pop, R&B, funk  *No unsolicited material  **See website for additional locations ",,,,,,,,
141,ELECTRIC EVENTS CORPORATION,Booking Agent," P.O. Box 280848  Lakewood, CO 80228  303-989-0001  ",info2@electricevents.com ,,electricevents.com ,pop cover bands only ,,Michael A. Tolerico ,info upon request *No unsolicited material ,,,,,
142,ENTERTAINMENT SERVICES,Booking Agent," INTERNATIONAL  1819 S. Harlan Cir.  Lakewood, CO 80232  303-727-1111  ",randy@esientertainment.com ,,esientertainment.com ,mostly classic rock ,,Randy Erwin ,info upon request *No unsolicited material ,,,,,
143,ENTOURAGE TALENT ASSOCIATES,Booking Agent," 150 W. 28th St., Ste. 1503  New York, NY 10001  212-633-2600  ",info@entouragetalent.com ,,entouragetalent.com ,"rock, pop, singer-songwriter, jazz ",,Wayne Forte ,info upon request *No unsolicited material ,,,,,
144,FAT CITY ARTISTS,Booking Agent," 1906 Chet Atkins Pl., Ste. 502  Nashville, TN 37212  615-320-7678 Fax 615-321-5382  ",,,fatcityartists.com ,"nostalgia, country, big band, bluegrass, blues, R&B, Cajun, world, folk,  funk, gospel, jazz *No rap or opera  ",,,info upon request *No unsolicited material ,,,,,
145,"FLEMING ARTISTS, INC.",Booking Agent," PO Box 1568  Ann Arbor, MI 48104  734-995-9066  ",jim@flemingartists.com ,,flemingartists.com ,"rock, pop, singer-songwriter, contemporary roots rock, folk, bluegrass,  improv comedy  ",,Jim Fleming ,"Jeff Daniels, Judy Collins, the Kruger Brothers, Shane Koyczan, Ariel  Horowitz, Holly Near ",,,,,
146,GIGSALAD,Booking Agent," 2733 E. Battlefield Rd.  Box 105  Springfield, MO 65804  866-788-GIGS  ",,,gigsalad.com ,," 225 S. Water St.  Chandlers Wharf  Wilmington, NC  312 E. Olive St.  Springfield, MO ","Mark Steiner, Steve Tetrault ",,"A marketplace for booking bands, musicians, entertainers, speakers  and services for parties, productions and  events.  ",,,,
147,GORFAINE-SCHWARTZ AGENCY,Booking Agent," 4111 W. Alameda Ave., Ste. 509  Burbank, CA 91505  818-260-8500  ",,,gsamusic.com ,,,,see our website for client list *No unsolicited material ,,,,,
148,GREAT AMERICAN TALENT,Booking Agent," P.O. Box 2476  Hendersonville, TN 37077  615-368-7433, 615-957-3444  ",info@eddyraven.com ,,eddyraven.com ,"country, Cajun ",,,info upon request *No unsolicited material ,,,,,
149,HARMONY ARTISTS INC.,Booking Agent," 20501 Ventura Blvd, Suite 289  Woodland Hills, CA 91364  323-655-5007  ",acrane-ross@harmonyartists.com ,,harmonyartists.com ,"tribute, nostalgia, R&B, Latin, blues, bluegrass, jazz, swing  *No unsolicited material ",,Adrienne Crane-Ross ,,,,,,
150,HELLO! BOOKING,Booking Agent," P.O. Box 18717  Minneapolis, MN 55418  651-647-4464  ",,,hellobooking.com ,"bluegrass, country, rock, folk, pop, jazz, indie, hip-hop, acoustic, rockabilly  ",,Eric Roberts ,info upon request *Accepts unsolicited material ,,,,,
151,INA DITTKE & ASSOCIATES,Booking Agent," 770 NE 69  Miami, FL 33138  305-762-4309  ",ina@inadittke.com ,,inadittke.com ,"jazz, Latin, world ",,Ina Dittke ,info upon request,,,,,
152,INDIE MUSIC CONSULTING GROUP,Booking Agent," Indie Artist & Label Publicity, Marketing &  Consulting  888-253-4464  ",,,indiemusicconsultant.com Voting Member the Recording Academy ,,,,,,,,,
153,IN TOUCH ENTERTAINMENT,Booking Agent," 309 West 55  New York, NY 10019  212-235-7015  ",info@intouchent.com ,,intouchent.com ,All Styles ,,Charles Carlini ,"Irene Cara, Michael Carvin, David Chesky,  Eumir Deodato, Michael Sembello,  Ron Sunshine, Tito Rodriguez, jr., George  Mraz, Airto Moreira, Kenia, Tony Middleton,  Elisha Abas, Sarah Hayes, Guinga, Brian  Auger, Mamma Freedom, Eddie Jobson  *Accepts unsolicited material - via  SonicBids only ",,,,,
154,JAZZ HANDS FOR AUTISM,Booking Agent, ,esbeth@jazzhandsforautism.org ,,jazzhandsforautism.org ,,,,,,,George Earth ,"Esbeth Heredia, Job Placement Coordinator  ",JHFA works with neurodivergent artists who are developed and coached to  prepare them going into the music industry. 
155,JEFF ROBERTS & ASSOCIATES,Booking Agent," 174 Saundersville Rd., Ste. 702  Hendersonville, TN 37075  615-859-7040  ",,,jeffroberts.com ,,,Jeff Roberts ,info upon request *No unsolicited material ,,,,,
156,LIVE NATION,Booking Agent," Beverly Hills, CA  800-653-8000  ",,,livenation.com ,All Styles ,,,,"producing, marketing and selling live concerts for artists ",,,,
157,MARSJAZZ BOOKING AGENCY,Booking Agent," 1006 Ashby Pl.  Charlottesville, VA 22901  434-979-6374  ",reggie@marsjazz.com ,,marsjazz.com ,jazz ,,Reggie Marshall ,info upon request *No unsolicited material ,,,,,
158,MAURICE MONTOYA MUSIC AGENCY,Booking Agent," Culver City, CA. 90232  305-763-8961, 212-229-9160  ",Maurice@mmmusicagency.com ,,mmmusicagency.com ,"jazz, Afro-Cuban, Brazilian, contemporary/pop  ",,Maurice Orlando Montoya ,info upon request *No unsolicited material ,,,,,
159,M.O.B. AGENCY,Booking Agent," 6404 Wilshire Blvd., Ste. 505  Los Angeles, CA 90048  323-653-0427  ",mitch@mobagency.com ,,mobagency.com ,"rock, alt. ",,Mitch Okmin ,info upon request *No unsolicited material ,,,,,
160,MONQUI EVENTS,Booking Agent," P.O. Box 5908  Portland, OR 97228  503-223-5960  ",web@monqui.com ,,monqui.com ,"alt., rock, indie rock, pop, country *No unsolicited material ",,,,,,,,
161,MUSIC CITY ARTISTS,Booking Agent," 7104 Peach Ct.  Brentwood, TN  37027  615-915-2641  ",cray@musiccityartists.com ,,musiccityartists.com ,,,"Charles Ray, President/Agent Styles: AC, country, oldies, musicals, tribute,  comedy, music  ",info upon request *No unsolicited material ,,,,,
162,"MUSIC GROUP ENTERTAINMENT, LLC",Booking Agent," Las Vegas, NV  Celebrity Booking Agency  300 Available Acts  404-822-4138, 877-472-4399  ",Mya@musicgroupworldwide.com ,,facebook.com/musicgroupworldwide ,"neo soul, R&B, pop, rock, country, jazz, alt, dance, reggae, calypso, dance hall,  comedy actors  *No unsolicited material, not accepting  hip-hop demos ",,Mya Richardson ,,,,,,
163,MUSICIANS CONTACT,Booking Agent," 29684 Masters Dr.  Murrieta, CA 92563  818-888-7879  ",info@musicianscontact.com ,,musicianscontact.com ,"All, originals or covers ",,Sterling Howard ,,Established 40 years of referral services for musicians and employers ,,,,
164,NIGHTSIDE ENTERTAINMENT,Booking Agent," 10 Crabapple Ln.  Greenville, RI 02828  401-949-2004  ",nightsideentertainment@gmail.com ,,facebook.com/ nightsideentertainment  ,All Styles ,,Al Salzillo ,info upon request *No unsolicited material ,,,,,
165,PACIFIC TALENT,Booking Agent," P.O. Box 19145  Portland, OR 97280  503-228-3620  ",andy@pacifictalent.com ,,pacifictalent.com ,"jazz, blues, R&B, rock, funk, disco, everything  ",,Andy Gilbert ,info upon request *Accepts unsolicited material ,,,,,
166,PARADIGM TALENT AGENCY,Booking Agent," 700 N. San Vicente Blvd  Suite G820  West Hollywood, CA 90069  310-288-8000  ",info@amonly.com ,,paradigmagency.com ,"rock, hip-hop, electronica, industrial "," 810 Seventh Ave  Suite 205  New York, NY 10019  212-897-6400 ",Paul Morris ,info upon request *No unsolicited material  ,,,,,
167,PARADISE ARTISTS,Booking Agent," 108 E. Matilija St.  Ojai, CA 93023  805-646-8433  ",,,paradiseartists.com ,"rock, pop, alt., legends "," 5 Penn Plaza. #2382  New York, NY 10001  646-378-2204 ",Howie Silverman ,info upon request *No unsolicited material  ,,,,,
168,PROGRESSIVE GLOBAL AGENCY,Booking Agent," P.O. Box 50294  Nashville, TN 37205  615-354-9100  ",info@pgamusic.com ,,pgamusic.com ,"rock, pop, world ",,Jennifer Fowler ,info upon request *No unsolicited material ,,,,,
169,PYRAMID ENTERTAINMENT GROUP,Booking Agent," 377 Rector Pl., Ste. 21-A  New York, NY 10280  212-242-7274  ",smichaels@pyramid-ent.com ,,pyramid-ent.com ,"urban, jazz, gospel, classic and contemporary R&B, funk, hip-hop  ",,Sal Michaels ,info upon request *No unsolicited material ,,,,,
170,RED ENTERTAINMENT AGENCY,Booking Agent," 481 8  New York, NY 100001  212-563-7575  ",lisaromeo@comcast.net ,,facebook.com/ RedEntertainmentAgencyGroup  ,"country, rock, and industrial only ",,Lisa Romeo ,info upon request *No unsolicited material ,,,,,
171,SELAK ENTERTAINMENT,Booking Agent," 466 Foothill Blvd., #184  La Canada, CA 91011  626-584-8110, 213-709-4909  ",steve@selakentertainment.com ,,selakentertainment.com ,"tribute bands, blues, country, dance, disco, ethnic, hip-hop, party band, jazz,  soul, solo, swing, pop, R&B, blues  *no unsolicited material ",,Steve Selak ,,,,,,
172,"SELF GROUP, LLC, THE",Booking Agent," P.O. Box 14721  Portland, OR 97293  ",info@selfgroup.org ,,selfgroup.org ,"indie, rock, folk, acoustic, experimental, pop  ",,Krist Krueger ,info upon request *No unsolicited material ,,,,,
173,"SPARKS ENTERTAINMENT, LLC",Booking Agent," P.O. Box 82510  Tampa, FL  33682  734-560-5040, 810-625-8630  ",sparksentertainment78@gmail.com ,,BSparksEnt.com ,"ALL, hip-hop, R&B, country, rock, acting, modeling  ",,Gary ,,"Booking, Promoting, Talent Mgmt, Career Development, Networking ",,,,
174,SPECTRUM TALENT AGENCY,Booking Agent, 212-268-0404  ,marc@spectrumtalentagency.com ,,spectrumtalentagency.com ,"pop, R&B, dance, hip-hop, theatrical ",,Marc Katz ,info upon request *No unsolicited material ,,,,,
175,THIRD COAST TALENT,Booking Agent," P.O. Box170  Chapmansboro, TN 37035  615-685-3331  ",carrie@thirdcoasttalent.com ,,thirdcoasttalent.com ,Country ,,,see website for complete roster *No unsolicited material ,,,,,
176,UNITED TALENT AGENCY,Booking Agent," 9336 Civic Center Dr.  Beverly Hills, CA 90210  310-273-6700  ",,,unitedtalent.com ,," New York, NY  888 7th Ave., Seventh FL.  New York, NY  10106  212-659-2600  225 Polk Ave  Suite 130  Nashville, TN. 37203  615-564-2580  Miami, FL  1101 Brickell Ave.  South Tower, Fl. 8  Miami, FL 33131  786-574-5210  U.K.  361-373 City Rd.  London, EC1V 1PQ  United Kingdom  +44-207-278-3331 ",,See site for a list *No unsolicited material  ,,,,,
177,UNCLE BOOKING,Booking Agent," 5438 Winding Way Dr.  Houston, TX 77091  510-917-1610  ",erik@unclebooking.com ,,unclebooking.com ,,,,"Kevin Barnes, Bottomless Pit, CEX, Citay, the Coke Dares, Danielson, Deerhoof,  Southeast Engine, Trans Am,  *No unsolicited material ",,,,,
178,UNIVERSAL ATTRACTIONS AGENCY,Booking Agent," 15 W. 36th St., 8th Fl.  New York, NY 10018  ",stevenfoxbury@gmail.com ,212-333-4508 ,yellowcouchstudio.com ,"folk, singer-songwriter, "," 21650 W. Oxnard St. Suite 1460  Woodland Hills, CA 91367  212-582-7575   131 S. Rodeo Dr., 2nd Fl.  Beverly Hills, CA 90212  1201 Demonbreun  Nashville, TN 37203  615-963-3000  11 Madison Ave.  New York, NY 10010  212-586-5100  100 New Oxford St.  London, WC1A 1HB  +44 (0) 20 8929 8400  Level 45, Level 25  19 Martin Place  Sydney, NSW 2000  + 61 (2) 8046 0300      131 Academy Avenue  Pittsburgh, PA 15228  ",Steven Foxbury ,"Sean Rowe, Anna Tivel, Peter Mulvey, Jeffrey Martin, Laney Jones,  Lowland Hum, Matthew Fowler, Terri Binion  *Accepts unsolicited material. ",,,,,
